ISO-10303-21;
HEADER;
FILE_DESCRIPTION(('Open CASCADE Model'),'2;1');
FILE_NAME('Open CASCADE Shape Model','2026-10-02T08:09:25',('Author'),(
    'Open CASCADE'),'Open CASCADE STEP processor 8.0','build123d',
  'Unknown');
FILE_SCHEMA(('AUTOMOTIVE_DESIGN { 1 0 10303 214 1 1 1 1 }'));
ENDSEC;
DATA;
#1 = APPLICATION_PROTOCOL_DEFINITION('international standard',
  'automotive_design',2000,#2);
#2 = APPLICATION_CONTEXT(
  'core data for automotive mechanical design processes');
#3 = SHAPE_DEFINITION_REPRESENTATION(#4,#10);
#4 = PRODUCT_DEFINITION_SHAPE('','',#5);
#5 = PRODUCT_DEFINITION('design','',#6,#9);
#6 = PRODUCT_DEFINITION_FORMATION('','',#7);
#7 = PRODUCT('COMPOUND','COMPOUND','',(#8));
#8 = PRODUCT_CONTEXT('',#2,'mechanical');
#9 = PRODUCT_DEFINITION_CONTEXT('part definition',#2,'design');
#10 = SHAPE_REPRESENTATION('',(#11,#15,#19,#23,#27,#31,#35,#39,#43,#47),
  #51);
#11 = AXIS2_PLACEMENT_3D('',#12,#13,#14);
#12 = CARTESIAN_POINT('',(0.,0.,0.));
#13 = DIRECTION('',(0.,0.,1.));
#14 = DIRECTION('',(1.,0.,-0.));
#15 = AXIS2_PLACEMENT_3D('',#16,#17,#18);
#16 = CARTESIAN_POINT('',(0.,0.,0.));
#17 = DIRECTION('',(0.,0.,1.));
#18 = DIRECTION('',(1.,0.,-0.));
#19 = AXIS2_PLACEMENT_3D('',#20,#21,#22);
#20 = CARTESIAN_POINT('',(470.,0.,1.3E+03));
#21 = DIRECTION('',(0.,0.,1.));
#22 = DIRECTION('',(1.,0.,-0.));
#23 = AXIS2_PLACEMENT_3D('',#24,#25,#26);
#24 = CARTESIAN_POINT('',(425.,28.,1.293E+03));
#25 = DIRECTION('',(0.,0.,1.));
#26 = DIRECTION('',(1.,0.,-0.));
#27 = AXIS2_PLACEMENT_3D('',#28,#29,#30);
#28 = CARTESIAN_POINT('',(0.,0.,0.));
#29 = DIRECTION('',(0.,0.,1.));
#30 = DIRECTION('',(1.,0.,-0.));
#31 = AXIS2_PLACEMENT_3D('',#32,#33,#34);
#32 = CARTESIAN_POINT('',(0.,0.,0.));
#33 = DIRECTION('',(0.,0.,1.));
#34 = DIRECTION('',(1.,0.,-0.));
#35 = AXIS2_PLACEMENT_3D('',#36,#37,#38);
#36 = CARTESIAN_POINT('',(0.,0.,0.));
#37 = DIRECTION('',(0.,0.,1.));
#38 = DIRECTION('',(1.,0.,-0.));
#39 = AXIS2_PLACEMENT_3D('',#40,#41,#42);
#40 = CARTESIAN_POINT('',(0.,0.,0.));
#41 = DIRECTION('',(0.,0.,1.));
#42 = DIRECTION('',(1.,0.,-0.));
#43 = AXIS2_PLACEMENT_3D('',#44,#45,#46);
#44 = CARTESIAN_POINT('',(0.,0.,0.));
#45 = DIRECTION('',(0.,0.,1.));
#46 = DIRECTION('',(1.,0.,-0.));
#47 = AXIS2_PLACEMENT_3D('',#48,#49,#50);
#48 = CARTESIAN_POINT('',(0.,0.,0.));
#49 = DIRECTION('',(0.,0.,1.));
#50 = DIRECTION('',(1.,0.,-0.));
#51 = ( GEOMETRIC_REPRESENTATION_CONTEXT(3) 
GLOBAL_UNCERTAINTY_ASSIGNED_CONTEXT((#55)) GLOBAL_UNIT_ASSIGNED_CONTEXT(
(#52,#53,#54)) REPRESENTATION_CONTEXT('Context #1',
  '3D Context with UNIT and UNCERTAINTY') );
#52 = ( LENGTH_UNIT() NAMED_UNIT(*) SI_UNIT(.MILLI.,.METRE.) );
#53 = ( NAMED_UNIT(*) PLANE_ANGLE_UNIT() SI_UNIT($,.RADIAN.) );
#54 = ( NAMED_UNIT(*) SI_UNIT($,.STERADIAN.) SOLID_ANGLE_UNIT() );
#55 = UNCERTAINTY_MEASURE_WITH_UNIT(LENGTH_MEASURE(1.E-07),#52,
  'distance_accuracy_value','confusion accuracy');
#56 = PRODUCT_RELATED_PRODUCT_CATEGORY('part',$,(#7));
#57 = SHAPE_DEFINITION_REPRESENTATION(#58,#64);
#58 = PRODUCT_DEFINITION_SHAPE('','',#59);
#59 = PRODUCT_DEFINITION('design','',#60,#63);
#60 = PRODUCT_DEFINITION_FORMATION('','',#61);
#61 = PRODUCT('COMPOUND','COMPOUND','',(#62));
#62 = PRODUCT_CONTEXT('',#2,'mechanical');
#63 = PRODUCT_DEFINITION_CONTEXT('part definition',#2,'design');
#64 = ADVANCED_BREP_SHAPE_REPRESENTATION('',(#11,#65),#2101);
#65 = MANIFOLD_SOLID_BREP('',#66);
#66 = CLOSED_SHELL('',(#67,#187,#369,#418,#467,#742,#749,#825,#874,#1131
    ,#1158,#1185,#1212,#1239,#1266,#1293,#1320,#1347,#1374,#1505,#1560,
    #1615,#1670,#1725,#1760,#1795,#1830,#1865,#1920,#1975,#2030,#2085,
    #2089,#2093,#2097));
#67 = ADVANCED_FACE('',(#68),#82,.F.);
#68 = FACE_BOUND('',#69,.F.);
#69 = EDGE_LOOP('',(#70,#105,#133,#161));
#70 = ORIENTED_EDGE('',*,*,#71,.F.);
#71 = EDGE_CURVE('',#72,#74,#76,.T.);
#72 = VERTEX_POINT('',#73);
#73 = CARTESIAN_POINT('',(370.,-48.,1.17E+03));
#74 = VERTEX_POINT('',#75);
#75 = CARTESIAN_POINT('',(370.,-48.,1.43E+03));
#76 = SURFACE_CURVE('',#77,(#81,#93),.PCURVE_S1.);
#77 = LINE('',#78,#79);
#78 = CARTESIAN_POINT('',(370.,-48.,1.17E+03));
#79 = VECTOR('',#80,1.);
#80 = DIRECTION('',(0.,0.,1.));
#81 = PCURVE('',#82,#87);
#82 = PLANE('',#83);
#83 = AXIS2_PLACEMENT_3D('',#84,#85,#86);
#84 = CARTESIAN_POINT('',(370.,-48.,1.17E+03));
#85 = DIRECTION('',(1.,0.,-0.));
#86 = DIRECTION('',(0.,0.,1.));
#87 = DEFINITIONAL_REPRESENTATION('',(#88),#92);
#88 = LINE('',#89,#90);
#89 = CARTESIAN_POINT('',(0.,0.));
#90 = VECTOR('',#91,1.);
#91 = DIRECTION('',(1.,0.));
#92 = ( GEOMETRIC_REPRESENTATION_CONTEXT(2) 
PARAMETRIC_REPRESENTATION_CONTEXT() REPRESENTATION_CONTEXT('2D SPACE',''
  ) );
#93 = PCURVE('',#94,#99);
#94 = PLANE('',#95);
#95 = AXIS2_PLACEMENT_3D('',#96,#97,#98);
#96 = CARTESIAN_POINT('',(370.,-48.,1.17E+03));
#97 = DIRECTION('',(-0.,1.,0.));
#98 = DIRECTION('',(0.,0.,1.));
#99 = DEFINITIONAL_REPRESENTATION('',(#100),#104);
#100 = LINE('',#101,#102);
#101 = CARTESIAN_POINT('',(0.,0.));
#102 = VECTOR('',#103,1.);
#103 = DIRECTION('',(1.,0.));
#104 = ( GEOMETRIC_REPRESENTATION_CONTEXT(2) 
PARAMETRIC_REPRESENTATION_CONTEXT() REPRESENTATION_CONTEXT('2D SPACE',''
  ) );
#105 = ORIENTED_EDGE('',*,*,#106,.T.);
#106 = EDGE_CURVE('',#72,#107,#109,.T.);
#107 = VERTEX_POINT('',#108);
#108 = CARTESIAN_POINT('',(370.,60.,1.17E+03));
#109 = SURFACE_CURVE('',#110,(#114,#121),.PCURVE_S1.);
#110 = LINE('',#111,#112);
#111 = CARTESIAN_POINT('',(370.,-48.,1.17E+03));
#112 = VECTOR('',#113,1.);
#113 = DIRECTION('',(-0.,1.,0.));
#114 = PCURVE('',#82,#115);
#115 = DEFINITIONAL_REPRESENTATION('',(#116),#120);
#116 = LINE('',#117,#118);
#117 = CARTESIAN_POINT('',(0.,0.));
#118 = VECTOR('',#119,1.);
#119 = DIRECTION('',(0.,-1.));
#120 = ( GEOMETRIC_REPRESENTATION_CONTEXT(2) 
PARAMETRIC_REPRESENTATION_CONTEXT() REPRESENTATION_CONTEXT('2D SPACE',''
  ) );
#121 = PCURVE('',#122,#127);
#122 = PLANE('',#123);
#123 = AXIS2_PLACEMENT_3D('',#124,#125,#126);
#124 = CARTESIAN_POINT('',(370.,-48.,1.17E+03));
#125 = DIRECTION('',(0.,0.,1.));
#126 = DIRECTION('',(1.,0.,-0.));
#127 = DEFINITIONAL_REPRESENTATION('',(#128),#132);
#128 = LINE('',#129,#130);
#129 = CARTESIAN_POINT('',(0.,0.));
#130 = VECTOR('',#131,1.);
#131 = DIRECTION('',(0.,1.));
#132 = ( GEOMETRIC_REPRESENTATION_CONTEXT(2) 
PARAMETRIC_REPRESENTATION_CONTEXT() REPRESENTATION_CONTEXT('2D SPACE',''
  ) );
#133 = ORIENTED_EDGE('',*,*,#134,.T.);
#134 = EDGE_CURVE('',#107,#135,#137,.T.);
#135 = VERTEX_POINT('',#136);
#136 = CARTESIAN_POINT('',(370.,60.,1.43E+03));
#137 = SURFACE_CURVE('',#138,(#142,#149),.PCURVE_S1.);
#138 = LINE('',#139,#140);
#139 = CARTESIAN_POINT('',(370.,60.,1.17E+03));
#140 = VECTOR('',#141,1.);
#141 = DIRECTION('',(0.,0.,1.));
#142 = PCURVE('',#82,#143);
#143 = DEFINITIONAL_REPRESENTATION('',(#144),#148);
#144 = LINE('',#145,#146);
#145 = CARTESIAN_POINT('',(0.,-108.));
#146 = VECTOR('',#147,1.);
#147 = DIRECTION('',(1.,0.));
#148 = ( GEOMETRIC_REPRESENTATION_CONTEXT(2) 
PARAMETRIC_REPRESENTATION_CONTEXT() REPRESENTATION_CONTEXT('2D SPACE',''
  ) );
#149 = PCURVE('',#150,#155);
#150 = PLANE('',#151);
#151 = AXIS2_PLACEMENT_3D('',#152,#153,#154);
#152 = CARTESIAN_POINT('',(370.,60.,1.17E+03));
#153 = DIRECTION('',(-0.,1.,0.));
#154 = DIRECTION('',(0.,0.,1.));
#155 = DEFINITIONAL_REPRESENTATION('',(#156),#160);
#156 = LINE('',#157,#158);
#157 = CARTESIAN_POINT('',(0.,0.));
#158 = VECTOR('',#159,1.);
#159 = DIRECTION('',(1.,0.));
#160 = ( GEOMETRIC_REPRESENTATION_CONTEXT(2) 
PARAMETRIC_REPRESENTATION_CONTEXT() REPRESENTATION_CONTEXT('2D SPACE',''
  ) );
#161 = ORIENTED_EDGE('',*,*,#162,.F.);
#162 = EDGE_CURVE('',#74,#135,#163,.T.);
#163 = SURFACE_CURVE('',#164,(#168,#175),.PCURVE_S1.);
#164 = LINE('',#165,#166);
#165 = CARTESIAN_POINT('',(370.,-48.,1.43E+03));
#166 = VECTOR('',#167,1.);
#167 = DIRECTION('',(-0.,1.,0.));
#168 = PCURVE('',#82,#169);
#169 = DEFINITIONAL_REPRESENTATION('',(#170),#174);
#170 = LINE('',#171,#172);
#171 = CARTESIAN_POINT('',(260.,0.));
#172 = VECTOR('',#173,1.);
#173 = DIRECTION('',(0.,-1.));
#174 = ( GEOMETRIC_REPRESENTATION_CONTEXT(2) 
PARAMETRIC_REPRESENTATION_CONTEXT() REPRESENTATION_CONTEXT('2D SPACE',''
  ) );
#175 = PCURVE('',#176,#181);
#176 = PLANE('',#177);
#177 = AXIS2_PLACEMENT_3D('',#178,#179,#180);
#178 = CARTESIAN_POINT('',(370.,-48.,1.43E+03));
#179 = DIRECTION('',(0.,0.,1.));
#180 = DIRECTION('',(1.,0.,-0.));
#181 = DEFINITIONAL_REPRESENTATION('',(#182),#186);
#182 = LINE('',#183,#184);
#183 = CARTESIAN_POINT('',(0.,0.));
#184 = VECTOR('',#185,1.);
#185 = DIRECTION('',(0.,1.));
#186 = ( GEOMETRIC_REPRESENTATION_CONTEXT(2) 
PARAMETRIC_REPRESENTATION_CONTEXT() REPRESENTATION_CONTEXT('2D SPACE',''
  ) );
#187 = ADVANCED_FACE('',(#188,#263),#94,.F.);
#188 = FACE_BOUND('',#189,.F.);
#189 = EDGE_LOOP('',(#190,#213,#214,#237));
#190 = ORIENTED_EDGE('',*,*,#191,.F.);
#191 = EDGE_CURVE('',#72,#192,#194,.T.);
#192 = VERTEX_POINT('',#193);
#193 = CARTESIAN_POINT('',(570.,-48.,1.17E+03));
#194 = SURFACE_CURVE('',#195,(#199,#206),.PCURVE_S1.);
#195 = LINE('',#196,#197);
#196 = CARTESIAN_POINT('',(370.,-48.,1.17E+03));
#197 = VECTOR('',#198,1.);
#198 = DIRECTION('',(1.,0.,-0.));
#199 = PCURVE('',#94,#200);
#200 = DEFINITIONAL_REPRESENTATION('',(#201),#205);
#201 = LINE('',#202,#203);
#202 = CARTESIAN_POINT('',(0.,0.));
#203 = VECTOR('',#204,1.);
#204 = DIRECTION('',(0.,1.));
#205 = ( GEOMETRIC_REPRESENTATION_CONTEXT(2) 
PARAMETRIC_REPRESENTATION_CONTEXT() REPRESENTATION_CONTEXT('2D SPACE',''
  ) );
#206 = PCURVE('',#122,#207);
#207 = DEFINITIONAL_REPRESENTATION('',(#208),#212);
#208 = LINE('',#209,#210);
#209 = CARTESIAN_POINT('',(0.,0.));
#210 = VECTOR('',#211,1.);
#211 = DIRECTION('',(1.,0.));
#212 = ( GEOMETRIC_REPRESENTATION_CONTEXT(2) 
PARAMETRIC_REPRESENTATION_CONTEXT() REPRESENTATION_CONTEXT('2D SPACE',''
  ) );
#213 = ORIENTED_EDGE('',*,*,#71,.T.);
#214 = ORIENTED_EDGE('',*,*,#215,.T.);
#215 = EDGE_CURVE('',#74,#216,#218,.T.);
#216 = VERTEX_POINT('',#217);
#217 = CARTESIAN_POINT('',(570.,-48.,1.43E+03));
#218 = SURFACE_CURVE('',#219,(#223,#230),.PCURVE_S1.);
#219 = LINE('',#220,#221);
#220 = CARTESIAN_POINT('',(370.,-48.,1.43E+03));
#221 = VECTOR('',#222,1.);
#222 = DIRECTION('',(1.,0.,-0.));
#223 = PCURVE('',#94,#224);
#224 = DEFINITIONAL_REPRESENTATION('',(#225),#229);
#225 = LINE('',#226,#227);
#226 = CARTESIAN_POINT('',(260.,0.));
#227 = VECTOR('',#228,1.);
#228 = DIRECTION('',(0.,1.));
#229 = ( GEOMETRIC_REPRESENTATION_CONTEXT(2) 
PARAMETRIC_REPRESENTATION_CONTEXT() REPRESENTATION_CONTEXT('2D SPACE',''
  ) );
#230 = PCURVE('',#176,#231);
#231 = DEFINITIONAL_REPRESENTATION('',(#232),#236);
#232 = LINE('',#233,#234);
#233 = CARTESIAN_POINT('',(0.,0.));
#234 = VECTOR('',#235,1.);
#235 = DIRECTION('',(1.,0.));
#236 = ( GEOMETRIC_REPRESENTATION_CONTEXT(2) 
PARAMETRIC_REPRESENTATION_CONTEXT() REPRESENTATION_CONTEXT('2D SPACE',''
  ) );
#237 = ORIENTED_EDGE('',*,*,#238,.F.);
#238 = EDGE_CURVE('',#192,#216,#239,.T.);
#239 = SURFACE_CURVE('',#240,(#244,#251),.PCURVE_S1.);
#240 = LINE('',#241,#242);
#241 = CARTESIAN_POINT('',(570.,-48.,1.17E+03));
#242 = VECTOR('',#243,1.);
#243 = DIRECTION('',(0.,0.,1.));
#244 = PCURVE('',#94,#245);
#245 = DEFINITIONAL_REPRESENTATION('',(#246),#250);
#246 = LINE('',#247,#248);
#247 = CARTESIAN_POINT('',(0.,200.));
#248 = VECTOR('',#249,1.);
#249 = DIRECTION('',(1.,0.));
#250 = ( GEOMETRIC_REPRESENTATION_CONTEXT(2) 
PARAMETRIC_REPRESENTATION_CONTEXT() REPRESENTATION_CONTEXT('2D SPACE',''
  ) );
#251 = PCURVE('',#252,#257);
#252 = PLANE('',#253);
#253 = AXIS2_PLACEMENT_3D('',#254,#255,#256);
#254 = CARTESIAN_POINT('',(570.,-48.,1.17E+03));
#255 = DIRECTION('',(1.,0.,-0.));
#256 = DIRECTION('',(0.,0.,1.));
#257 = DEFINITIONAL_REPRESENTATION('',(#258),#262);
#258 = LINE('',#259,#260);
#259 = CARTESIAN_POINT('',(0.,0.));
#260 = VECTOR('',#261,1.);
#261 = DIRECTION('',(1.,0.));
#262 = ( GEOMETRIC_REPRESENTATION_CONTEXT(2) 
PARAMETRIC_REPRESENTATION_CONTEXT() REPRESENTATION_CONTEXT('2D SPACE',''
  ) );
#263 = FACE_BOUND('',#264,.F.);
#264 = EDGE_LOOP('',(#265,#293,#319,#345));
#265 = ORIENTED_EDGE('',*,*,#266,.F.);
#266 = EDGE_CURVE('',#267,#269,#271,.T.);
#267 = VERTEX_POINT('',#268);
#268 = CARTESIAN_POINT('',(373.,-48.,1.427E+03));
#269 = VERTEX_POINT('',#270);
#270 = CARTESIAN_POINT('',(567.,-48.,1.427E+03));
#271 = SURFACE_CURVE('',#272,(#276,#282),.PCURVE_S1.);
#272 = LINE('',#273,#274);
#273 = CARTESIAN_POINT('',(371.5,-48.,1.427E+03));
#274 = VECTOR('',#275,1.);
#275 = DIRECTION('',(1.,0.,-0.));
#276 = PCURVE('',#94,#277);
#277 = DEFINITIONAL_REPRESENTATION('',(#278),#281);
#278 = B_SPLINE_CURVE_WITH_KNOTS('',1,(#279,#280),.UNSPECIFIED.,.F.,.F.,
  (2,2),(1.5,195.5),.PIECEWISE_BEZIER_KNOTS.);
#279 = CARTESIAN_POINT('',(257.,3.));
#280 = CARTESIAN_POINT('',(257.,197.));
#281 = ( GEOMETRIC_REPRESENTATION_CONTEXT(2) 
PARAMETRIC_REPRESENTATION_CONTEXT() REPRESENTATION_CONTEXT('2D SPACE',''
  ) );
#282 = PCURVE('',#283,#288);
#283 = PLANE('',#284);
#284 = AXIS2_PLACEMENT_3D('',#285,#286,#287);
#285 = CARTESIAN_POINT('',(373.,-51.,1.427E+03));
#286 = DIRECTION('',(0.,0.,1.));
#287 = DIRECTION('',(1.,0.,-0.));
#288 = DEFINITIONAL_REPRESENTATION('',(#289),#292);
#289 = B_SPLINE_CURVE_WITH_KNOTS('',1,(#290,#291),.UNSPECIFIED.,.F.,.F.,
  (2,2),(1.5,195.5),.PIECEWISE_BEZIER_KNOTS.);
#290 = CARTESIAN_POINT('',(0.,3.));
#291 = CARTESIAN_POINT('',(194.,3.));
#292 = ( GEOMETRIC_REPRESENTATION_CONTEXT(2) 
PARAMETRIC_REPRESENTATION_CONTEXT() REPRESENTATION_CONTEXT('2D SPACE',''
  ) );
#293 = ORIENTED_EDGE('',*,*,#294,.T.);
#294 = EDGE_CURVE('',#267,#295,#297,.T.);
#295 = VERTEX_POINT('',#296);
#296 = CARTESIAN_POINT('',(373.,-48.,1.173E+03));
#297 = SURFACE_CURVE('',#298,(#302,#308),.PCURVE_S1.);
#298 = LINE('',#299,#300);
#299 = CARTESIAN_POINT('',(373.,-48.,1.1715E+03));
#300 = VECTOR('',#301,1.);
#301 = DIRECTION('',(-0.,0.,-1.));
#302 = PCURVE('',#94,#303);
#303 = DEFINITIONAL_REPRESENTATION('',(#304),#307);
#304 = B_SPLINE_CURVE_WITH_KNOTS('',1,(#305,#306),.UNSPECIFIED.,.F.,.F.,
  (2,2),(-255.5,-1.5),.PIECEWISE_BEZIER_KNOTS.);
#305 = CARTESIAN_POINT('',(257.,3.));
#306 = CARTESIAN_POINT('',(3.,3.));
#307 = ( GEOMETRIC_REPRESENTATION_CONTEXT(2) 
PARAMETRIC_REPRESENTATION_CONTEXT() REPRESENTATION_CONTEXT('2D SPACE',''
  ) );
#308 = PCURVE('',#309,#314);
#309 = PLANE('',#310);
#310 = AXIS2_PLACEMENT_3D('',#311,#312,#313);
#311 = CARTESIAN_POINT('',(373.,-51.,1.173E+03));
#312 = DIRECTION('',(1.,0.,-0.));
#313 = DIRECTION('',(0.,0.,1.));
#314 = DEFINITIONAL_REPRESENTATION('',(#315),#318);
#315 = B_SPLINE_CURVE_WITH_KNOTS('',1,(#316,#317),.UNSPECIFIED.,.F.,.F.,
  (2,2),(-255.5,-1.5),.PIECEWISE_BEZIER_KNOTS.);
#316 = CARTESIAN_POINT('',(254.,-3.));
#317 = CARTESIAN_POINT('',(0.,-3.));
#318 = ( GEOMETRIC_REPRESENTATION_CONTEXT(2) 
PARAMETRIC_REPRESENTATION_CONTEXT() REPRESENTATION_CONTEXT('2D SPACE',''
  ) );
#319 = ORIENTED_EDGE('',*,*,#320,.T.);
#320 = EDGE_CURVE('',#295,#321,#323,.T.);
#321 = VERTEX_POINT('',#322);
#322 = CARTESIAN_POINT('',(567.,-48.,1.173E+03));
#323 = SURFACE_CURVE('',#324,(#328,#334),.PCURVE_S1.);
#324 = LINE('',#325,#326);
#325 = CARTESIAN_POINT('',(371.5,-48.,1.173E+03));
#326 = VECTOR('',#327,1.);
#327 = DIRECTION('',(1.,0.,-0.));
#328 = PCURVE('',#94,#329);
#329 = DEFINITIONAL_REPRESENTATION('',(#330),#333);
#330 = B_SPLINE_CURVE_WITH_KNOTS('',1,(#331,#332),.UNSPECIFIED.,.F.,.F.,
  (2,2),(1.5,195.5),.PIECEWISE_BEZIER_KNOTS.);
#331 = CARTESIAN_POINT('',(3.,3.));
#332 = CARTESIAN_POINT('',(3.,197.));
#333 = ( GEOMETRIC_REPRESENTATION_CONTEXT(2) 
PARAMETRIC_REPRESENTATION_CONTEXT() REPRESENTATION_CONTEXT('2D SPACE',''
  ) );
#334 = PCURVE('',#335,#340);
#335 = PLANE('',#336);
#336 = AXIS2_PLACEMENT_3D('',#337,#338,#339);
#337 = CARTESIAN_POINT('',(373.,-51.,1.173E+03));
#338 = DIRECTION('',(0.,0.,1.));
#339 = DIRECTION('',(1.,0.,-0.));
#340 = DEFINITIONAL_REPRESENTATION('',(#341),#344);
#341 = B_SPLINE_CURVE_WITH_KNOTS('',1,(#342,#343),.UNSPECIFIED.,.F.,.F.,
  (2,2),(1.5,195.5),.PIECEWISE_BEZIER_KNOTS.);
#342 = CARTESIAN_POINT('',(0.,3.));
#343 = CARTESIAN_POINT('',(194.,3.));
#344 = ( GEOMETRIC_REPRESENTATION_CONTEXT(2) 
PARAMETRIC_REPRESENTATION_CONTEXT() REPRESENTATION_CONTEXT('2D SPACE',''
  ) );
#345 = ORIENTED_EDGE('',*,*,#346,.F.);
#346 = EDGE_CURVE('',#269,#321,#347,.T.);
#347 = SURFACE_CURVE('',#348,(#352,#358),.PCURVE_S1.);
#348 = LINE('',#349,#350);
#349 = CARTESIAN_POINT('',(567.,-48.,1.1715E+03));
#350 = VECTOR('',#351,1.);
#351 = DIRECTION('',(-0.,0.,-1.));
#352 = PCURVE('',#94,#353);
#353 = DEFINITIONAL_REPRESENTATION('',(#354),#357);
#354 = B_SPLINE_CURVE_WITH_KNOTS('',1,(#355,#356),.UNSPECIFIED.,.F.,.F.,
  (2,2),(-255.5,-1.5),.PIECEWISE_BEZIER_KNOTS.);
#355 = CARTESIAN_POINT('',(257.,197.));
#356 = CARTESIAN_POINT('',(3.,197.));
#357 = ( GEOMETRIC_REPRESENTATION_CONTEXT(2) 
PARAMETRIC_REPRESENTATION_CONTEXT() REPRESENTATION_CONTEXT('2D SPACE',''
  ) );
#358 = PCURVE('',#359,#364);
#359 = PLANE('',#360);
#360 = AXIS2_PLACEMENT_3D('',#361,#362,#363);
#361 = CARTESIAN_POINT('',(567.,-51.,1.173E+03));
#362 = DIRECTION('',(1.,0.,-0.));
#363 = DIRECTION('',(0.,0.,1.));
#364 = DEFINITIONAL_REPRESENTATION('',(#365),#368);
#365 = B_SPLINE_CURVE_WITH_KNOTS('',1,(#366,#367),.UNSPECIFIED.,.F.,.F.,
  (2,2),(-255.5,-1.5),.PIECEWISE_BEZIER_KNOTS.);
#366 = CARTESIAN_POINT('',(254.,-3.));
#367 = CARTESIAN_POINT('',(0.,-3.));
#368 = ( GEOMETRIC_REPRESENTATION_CONTEXT(2) 
PARAMETRIC_REPRESENTATION_CONTEXT() REPRESENTATION_CONTEXT('2D SPACE',''
  ) );
#369 = ADVANCED_FACE('',(#370),#176,.T.);
#370 = FACE_BOUND('',#371,.T.);
#371 = EDGE_LOOP('',(#372,#373,#374,#397));
#372 = ORIENTED_EDGE('',*,*,#162,.F.);
#373 = ORIENTED_EDGE('',*,*,#215,.T.);
#374 = ORIENTED_EDGE('',*,*,#375,.T.);
#375 = EDGE_CURVE('',#216,#376,#378,.T.);
#376 = VERTEX_POINT('',#377);
#377 = CARTESIAN_POINT('',(570.,60.,1.43E+03));
#378 = SURFACE_CURVE('',#379,(#383,#390),.PCURVE_S1.);
#379 = LINE('',#380,#381);
#380 = CARTESIAN_POINT('',(570.,-48.,1.43E+03));
#381 = VECTOR('',#382,1.);
#382 = DIRECTION('',(-0.,1.,0.));
#383 = PCURVE('',#176,#384);
#384 = DEFINITIONAL_REPRESENTATION('',(#385),#389);
#385 = LINE('',#386,#387);
#386 = CARTESIAN_POINT('',(200.,0.));
#387 = VECTOR('',#388,1.);
#388 = DIRECTION('',(0.,1.));
#389 = ( GEOMETRIC_REPRESENTATION_CONTEXT(2) 
PARAMETRIC_REPRESENTATION_CONTEXT() REPRESENTATION_CONTEXT('2D SPACE',''
  ) );
#390 = PCURVE('',#252,#391);
#391 = DEFINITIONAL_REPRESENTATION('',(#392),#396);
#392 = LINE('',#393,#394);
#393 = CARTESIAN_POINT('',(260.,0.));
#394 = VECTOR('',#395,1.);
#395 = DIRECTION('',(0.,-1.));
#396 = ( GEOMETRIC_REPRESENTATION_CONTEXT(2) 
PARAMETRIC_REPRESENTATION_CONTEXT() REPRESENTATION_CONTEXT('2D SPACE',''
  ) );
#397 = ORIENTED_EDGE('',*,*,#398,.F.);
#398 = EDGE_CURVE('',#135,#376,#399,.T.);
#399 = SURFACE_CURVE('',#400,(#404,#411),.PCURVE_S1.);
#400 = LINE('',#401,#402);
#401 = CARTESIAN_POINT('',(370.,60.,1.43E+03));
#402 = VECTOR('',#403,1.);
#403 = DIRECTION('',(1.,0.,-0.));
#404 = PCURVE('',#176,#405);
#405 = DEFINITIONAL_REPRESENTATION('',(#406),#410);
#406 = LINE('',#407,#408);
#407 = CARTESIAN_POINT('',(0.,108.));
#408 = VECTOR('',#409,1.);
#409 = DIRECTION('',(1.,0.));
#410 = ( GEOMETRIC_REPRESENTATION_CONTEXT(2) 
PARAMETRIC_REPRESENTATION_CONTEXT() REPRESENTATION_CONTEXT('2D SPACE',''
  ) );
#411 = PCURVE('',#150,#412);
#412 = DEFINITIONAL_REPRESENTATION('',(#413),#417);
#413 = LINE('',#414,#415);
#414 = CARTESIAN_POINT('',(260.,0.));
#415 = VECTOR('',#416,1.);
#416 = DIRECTION('',(0.,1.));
#417 = ( GEOMETRIC_REPRESENTATION_CONTEXT(2) 
PARAMETRIC_REPRESENTATION_CONTEXT() REPRESENTATION_CONTEXT('2D SPACE',''
  ) );
#418 = ADVANCED_FACE('',(#419),#150,.T.);
#419 = FACE_BOUND('',#420,.T.);
#420 = EDGE_LOOP('',(#421,#444,#445,#446));
#421 = ORIENTED_EDGE('',*,*,#422,.F.);
#422 = EDGE_CURVE('',#107,#423,#425,.T.);
#423 = VERTEX_POINT('',#424);
#424 = CARTESIAN_POINT('',(570.,60.,1.17E+03));
#425 = SURFACE_CURVE('',#426,(#430,#437),.PCURVE_S1.);
#426 = LINE('',#427,#428);
#427 = CARTESIAN_POINT('',(370.,60.,1.17E+03));
#428 = VECTOR('',#429,1.);
#429 = DIRECTION('',(1.,0.,-0.));
#430 = PCURVE('',#150,#431);
#431 = DEFINITIONAL_REPRESENTATION('',(#432),#436);
#432 = LINE('',#433,#434);
#433 = CARTESIAN_POINT('',(0.,0.));
#434 = VECTOR('',#435,1.);
#435 = DIRECTION('',(0.,1.));
#436 = ( GEOMETRIC_REPRESENTATION_CONTEXT(2) 
PARAMETRIC_REPRESENTATION_CONTEXT() REPRESENTATION_CONTEXT('2D SPACE',''
  ) );
#437 = PCURVE('',#122,#438);
#438 = DEFINITIONAL_REPRESENTATION('',(#439),#443);
#439 = LINE('',#440,#441);
#440 = CARTESIAN_POINT('',(0.,108.));
#441 = VECTOR('',#442,1.);
#442 = DIRECTION('',(1.,0.));
#443 = ( GEOMETRIC_REPRESENTATION_CONTEXT(2) 
PARAMETRIC_REPRESENTATION_CONTEXT() REPRESENTATION_CONTEXT('2D SPACE',''
  ) );
#444 = ORIENTED_EDGE('',*,*,#134,.T.);
#445 = ORIENTED_EDGE('',*,*,#398,.T.);
#446 = ORIENTED_EDGE('',*,*,#447,.F.);
#447 = EDGE_CURVE('',#423,#376,#448,.T.);
#448 = SURFACE_CURVE('',#449,(#453,#460),.PCURVE_S1.);
#449 = LINE('',#450,#451);
#450 = CARTESIAN_POINT('',(570.,60.,1.17E+03));
#451 = VECTOR('',#452,1.);
#452 = DIRECTION('',(0.,0.,1.));
#453 = PCURVE('',#150,#454);
#454 = DEFINITIONAL_REPRESENTATION('',(#455),#459);
#455 = LINE('',#456,#457);
#456 = CARTESIAN_POINT('',(0.,200.));
#457 = VECTOR('',#458,1.);
#458 = DIRECTION('',(1.,0.));
#459 = ( GEOMETRIC_REPRESENTATION_CONTEXT(2) 
PARAMETRIC_REPRESENTATION_CONTEXT() REPRESENTATION_CONTEXT('2D SPACE',''
  ) );
#460 = PCURVE('',#252,#461);
#461 = DEFINITIONAL_REPRESENTATION('',(#462),#466);
#462 = LINE('',#463,#464);
#463 = CARTESIAN_POINT('',(0.,-108.));
#464 = VECTOR('',#465,1.);
#465 = DIRECTION('',(1.,0.));
#466 = ( GEOMETRIC_REPRESENTATION_CONTEXT(2) 
PARAMETRIC_REPRESENTATION_CONTEXT() REPRESENTATION_CONTEXT('2D SPACE',''
  ) );
#467 = ADVANCED_FACE('',(#468,#494,#525,#556,#587,#618,#649,#680,#711),
  #122,.F.);
#468 = FACE_BOUND('',#469,.F.);
#469 = EDGE_LOOP('',(#470,#471,#472,#493));
#470 = ORIENTED_EDGE('',*,*,#106,.F.);
#471 = ORIENTED_EDGE('',*,*,#191,.T.);
#472 = ORIENTED_EDGE('',*,*,#473,.T.);
#473 = EDGE_CURVE('',#192,#423,#474,.T.);
#474 = SURFACE_CURVE('',#475,(#479,#486),.PCURVE_S1.);
#475 = LINE('',#476,#477);
#476 = CARTESIAN_POINT('',(570.,-48.,1.17E+03));
#477 = VECTOR('',#478,1.);
#478 = DIRECTION('',(-0.,1.,0.));
#479 = PCURVE('',#122,#480);
#480 = DEFINITIONAL_REPRESENTATION('',(#481),#485);
#481 = LINE('',#482,#483);
#482 = CARTESIAN_POINT('',(200.,0.));
#483 = VECTOR('',#484,1.);
#484 = DIRECTION('',(0.,1.));
#485 = ( GEOMETRIC_REPRESENTATION_CONTEXT(2) 
PARAMETRIC_REPRESENTATION_CONTEXT() REPRESENTATION_CONTEXT('2D SPACE',''
  ) );
#486 = PCURVE('',#252,#487);
#487 = DEFINITIONAL_REPRESENTATION('',(#488),#492);
#488 = LINE('',#489,#490);
#489 = CARTESIAN_POINT('',(0.,0.));
#490 = VECTOR('',#491,1.);
#491 = DIRECTION('',(0.,-1.));
#492 = ( GEOMETRIC_REPRESENTATION_CONTEXT(2) 
PARAMETRIC_REPRESENTATION_CONTEXT() REPRESENTATION_CONTEXT('2D SPACE',''
  ) );
#493 = ORIENTED_EDGE('',*,*,#422,.F.);
#494 = FACE_BOUND('',#495,.F.);
#495 = EDGE_LOOP('',(#496));
#496 = ORIENTED_EDGE('',*,*,#497,.F.);
#497 = EDGE_CURVE('',#498,#498,#500,.T.);
#498 = VERTEX_POINT('',#499);
#499 = CARTESIAN_POINT('',(416.1,-10.,1.17E+03));
#500 = SURFACE_CURVE('',#501,(#506,#513),.PCURVE_S1.);
#501 = CIRCLE('',#502,8.1);
#502 = AXIS2_PLACEMENT_3D('',#503,#504,#505);
#503 = CARTESIAN_POINT('',(408.,-10.,1.17E+03));
#504 = DIRECTION('',(0.,0.,1.));
#505 = DIRECTION('',(1.,0.,-0.));
#506 = PCURVE('',#122,#507);
#507 = DEFINITIONAL_REPRESENTATION('',(#508),#512);
#508 = CIRCLE('',#509,8.1);
#509 = AXIS2_PLACEMENT_2D('',#510,#511);
#510 = CARTESIAN_POINT('',(38.,38.));
#511 = DIRECTION('',(1.,0.));
#512 = ( GEOMETRIC_REPRESENTATION_CONTEXT(2) 
PARAMETRIC_REPRESENTATION_CONTEXT() REPRESENTATION_CONTEXT('2D SPACE',''
  ) );
#513 = PCURVE('',#514,#519);
#514 = CYLINDRICAL_SURFACE('',#515,8.1);
#515 = AXIS2_PLACEMENT_3D('',#516,#517,#518);
#516 = CARTESIAN_POINT('',(408.,-10.,1.169E+03));
#517 = DIRECTION('',(0.,0.,1.));
#518 = DIRECTION('',(1.,0.,-0.));
#519 = DEFINITIONAL_REPRESENTATION('',(#520),#524);
#520 = LINE('',#521,#522);
#521 = CARTESIAN_POINT('',(0.,1.));
#522 = VECTOR('',#523,1.);
#523 = DIRECTION('',(1.,0.));
#524 = ( GEOMETRIC_REPRESENTATION_CONTEXT(2) 
PARAMETRIC_REPRESENTATION_CONTEXT() REPRESENTATION_CONTEXT('2D SPACE',''
  ) );
#525 = FACE_BOUND('',#526,.F.);
#526 = EDGE_LOOP('',(#527));
#527 = ORIENTED_EDGE('',*,*,#528,.F.);
#528 = EDGE_CURVE('',#529,#529,#531,.T.);
#529 = VERTEX_POINT('',#530);
#530 = CARTESIAN_POINT('',(456.1,-10.,1.17E+03));
#531 = SURFACE_CURVE('',#532,(#537,#544),.PCURVE_S1.);
#532 = CIRCLE('',#533,8.1);
#533 = AXIS2_PLACEMENT_3D('',#534,#535,#536);
#534 = CARTESIAN_POINT('',(448.,-10.,1.17E+03));
#535 = DIRECTION('',(0.,0.,1.));
#536 = DIRECTION('',(1.,0.,-0.));
#537 = PCURVE('',#122,#538);
#538 = DEFINITIONAL_REPRESENTATION('',(#539),#543);
#539 = CIRCLE('',#540,8.1);
#540 = AXIS2_PLACEMENT_2D('',#541,#542);
#541 = CARTESIAN_POINT('',(78.,38.));
#542 = DIRECTION('',(1.,0.));
#543 = ( GEOMETRIC_REPRESENTATION_CONTEXT(2) 
PARAMETRIC_REPRESENTATION_CONTEXT() REPRESENTATION_CONTEXT('2D SPACE',''
  ) );
#544 = PCURVE('',#545,#550);
#545 = CYLINDRICAL_SURFACE('',#546,8.1);
#546 = AXIS2_PLACEMENT_3D('',#547,#548,#549);
#547 = CARTESIAN_POINT('',(448.,-10.,1.169E+03));
#548 = DIRECTION('',(0.,0.,1.));
#549 = DIRECTION('',(1.,0.,-0.));
#550 = DEFINITIONAL_REPRESENTATION('',(#551),#555);
#551 = LINE('',#552,#553);
#552 = CARTESIAN_POINT('',(0.,1.));
#553 = VECTOR('',#554,1.);
#554 = DIRECTION('',(1.,0.));
#555 = ( GEOMETRIC_REPRESENTATION_CONTEXT(2) 
PARAMETRIC_REPRESENTATION_CONTEXT() REPRESENTATION_CONTEXT('2D SPACE',''
  ) );
#556 = FACE_BOUND('',#557,.F.);
#557 = EDGE_LOOP('',(#558));
#558 = ORIENTED_EDGE('',*,*,#559,.F.);
#559 = EDGE_CURVE('',#560,#560,#562,.T.);
#560 = VERTEX_POINT('',#561);
#561 = CARTESIAN_POINT('',(498.1,-10.,1.17E+03));
#562 = SURFACE_CURVE('',#563,(#568,#575),.PCURVE_S1.);
#563 = CIRCLE('',#564,6.1);
#564 = AXIS2_PLACEMENT_3D('',#565,#566,#567);
#565 = CARTESIAN_POINT('',(492.,-10.,1.17E+03));
#566 = DIRECTION('',(0.,0.,1.));
#567 = DIRECTION('',(1.,0.,-0.));
#568 = PCURVE('',#122,#569);
#569 = DEFINITIONAL_REPRESENTATION('',(#570),#574);
#570 = CIRCLE('',#571,6.1);
#571 = AXIS2_PLACEMENT_2D('',#572,#573);
#572 = CARTESIAN_POINT('',(122.,38.));
#573 = DIRECTION('',(1.,0.));
#574 = ( GEOMETRIC_REPRESENTATION_CONTEXT(2) 
PARAMETRIC_REPRESENTATION_CONTEXT() REPRESENTATION_CONTEXT('2D SPACE',''
  ) );
#575 = PCURVE('',#576,#581);
#576 = CYLINDRICAL_SURFACE('',#577,6.1);
#577 = AXIS2_PLACEMENT_3D('',#578,#579,#580);
#578 = CARTESIAN_POINT('',(492.,-10.,1.169E+03));
#579 = DIRECTION('',(0.,0.,1.));
#580 = DIRECTION('',(1.,0.,-0.));
#581 = DEFINITIONAL_REPRESENTATION('',(#582),#586);
#582 = LINE('',#583,#584);
#583 = CARTESIAN_POINT('',(0.,1.));
#584 = VECTOR('',#585,1.);
#585 = DIRECTION('',(1.,0.));
#586 = ( GEOMETRIC_REPRESENTATION_CONTEXT(2) 
PARAMETRIC_REPRESENTATION_CONTEXT() REPRESENTATION_CONTEXT('2D SPACE',''
  ) );
#587 = FACE_BOUND('',#588,.F.);
#588 = EDGE_LOOP('',(#589));
#589 = ORIENTED_EDGE('',*,*,#590,.F.);
#590 = EDGE_CURVE('',#591,#591,#593,.T.);
#591 = VERTEX_POINT('',#592);
#592 = CARTESIAN_POINT('',(535.25,-10.,1.17E+03));
#593 = SURFACE_CURVE('',#594,(#599,#606),.PCURVE_S1.);
#594 = CIRCLE('',#595,3.25);
#595 = AXIS2_PLACEMENT_3D('',#596,#597,#598);
#596 = CARTESIAN_POINT('',(532.,-10.,1.17E+03));
#597 = DIRECTION('',(0.,0.,1.));
#598 = DIRECTION('',(1.,0.,-0.));
#599 = PCURVE('',#122,#600);
#600 = DEFINITIONAL_REPRESENTATION('',(#601),#605);
#601 = CIRCLE('',#602,3.25);
#602 = AXIS2_PLACEMENT_2D('',#603,#604);
#603 = CARTESIAN_POINT('',(162.,38.));
#604 = DIRECTION('',(1.,0.));
#605 = ( GEOMETRIC_REPRESENTATION_CONTEXT(2) 
PARAMETRIC_REPRESENTATION_CONTEXT() REPRESENTATION_CONTEXT('2D SPACE',''
  ) );
#606 = PCURVE('',#607,#612);
#607 = CYLINDRICAL_SURFACE('',#608,3.25);
#608 = AXIS2_PLACEMENT_3D('',#609,#610,#611);
#609 = CARTESIAN_POINT('',(532.,-10.,1.169E+03));
#610 = DIRECTION('',(0.,0.,1.));
#611 = DIRECTION('',(1.,0.,-0.));
#612 = DEFINITIONAL_REPRESENTATION('',(#613),#617);
#613 = LINE('',#614,#615);
#614 = CARTESIAN_POINT('',(0.,1.));
#615 = VECTOR('',#616,1.);
#616 = DIRECTION('',(1.,0.));
#617 = ( GEOMETRIC_REPRESENTATION_CONTEXT(2) 
PARAMETRIC_REPRESENTATION_CONTEXT() REPRESENTATION_CONTEXT('2D SPACE',''
  ) );
#618 = FACE_BOUND('',#619,.F.);
#619 = EDGE_LOOP('',(#620));
#620 = ORIENTED_EDGE('',*,*,#621,.F.);
#621 = EDGE_CURVE('',#622,#622,#624,.T.);
#622 = VERTEX_POINT('',#623);
#623 = CARTESIAN_POINT('',(416.1,32.,1.17E+03));
#624 = SURFACE_CURVE('',#625,(#630,#637),.PCURVE_S1.);
#625 = CIRCLE('',#626,8.1);
#626 = AXIS2_PLACEMENT_3D('',#627,#628,#629);
#627 = CARTESIAN_POINT('',(408.,32.,1.17E+03));
#628 = DIRECTION('',(0.,0.,1.));
#629 = DIRECTION('',(1.,0.,-0.));
#630 = PCURVE('',#122,#631);
#631 = DEFINITIONAL_REPRESENTATION('',(#632),#636);
#632 = CIRCLE('',#633,8.1);
#633 = AXIS2_PLACEMENT_2D('',#634,#635);
#634 = CARTESIAN_POINT('',(38.,80.));
#635 = DIRECTION('',(1.,0.));
#636 = ( GEOMETRIC_REPRESENTATION_CONTEXT(2) 
PARAMETRIC_REPRESENTATION_CONTEXT() REPRESENTATION_CONTEXT('2D SPACE',''
  ) );
#637 = PCURVE('',#638,#643);
#638 = CYLINDRICAL_SURFACE('',#639,8.1);
#639 = AXIS2_PLACEMENT_3D('',#640,#641,#642);
#640 = CARTESIAN_POINT('',(408.,32.,1.169E+03));
#641 = DIRECTION('',(0.,0.,1.));
#642 = DIRECTION('',(1.,0.,-0.));
#643 = DEFINITIONAL_REPRESENTATION('',(#644),#648);
#644 = LINE('',#645,#646);
#645 = CARTESIAN_POINT('',(0.,1.));
#646 = VECTOR('',#647,1.);
#647 = DIRECTION('',(1.,0.));
#648 = ( GEOMETRIC_REPRESENTATION_CONTEXT(2) 
PARAMETRIC_REPRESENTATION_CONTEXT() REPRESENTATION_CONTEXT('2D SPACE',''
  ) );
#649 = FACE_BOUND('',#650,.F.);
#650 = EDGE_LOOP('',(#651));
#651 = ORIENTED_EDGE('',*,*,#652,.F.);
#652 = EDGE_CURVE('',#653,#653,#655,.T.);
#653 = VERTEX_POINT('',#654);
#654 = CARTESIAN_POINT('',(456.1,32.,1.17E+03));
#655 = SURFACE_CURVE('',#656,(#661,#668),.PCURVE_S1.);
#656 = CIRCLE('',#657,8.1);
#657 = AXIS2_PLACEMENT_3D('',#658,#659,#660);
#658 = CARTESIAN_POINT('',(448.,32.,1.17E+03));
#659 = DIRECTION('',(0.,0.,1.));
#660 = DIRECTION('',(1.,0.,-0.));
#661 = PCURVE('',#122,#662);
#662 = DEFINITIONAL_REPRESENTATION('',(#663),#667);
#663 = CIRCLE('',#664,8.1);
#664 = AXIS2_PLACEMENT_2D('',#665,#666);
#665 = CARTESIAN_POINT('',(78.,80.));
#666 = DIRECTION('',(1.,0.));
#667 = ( GEOMETRIC_REPRESENTATION_CONTEXT(2) 
PARAMETRIC_REPRESENTATION_CONTEXT() REPRESENTATION_CONTEXT('2D SPACE',''
  ) );
#668 = PCURVE('',#669,#674);
#669 = CYLINDRICAL_SURFACE('',#670,8.1);
#670 = AXIS2_PLACEMENT_3D('',#671,#672,#673);
#671 = CARTESIAN_POINT('',(448.,32.,1.169E+03));
#672 = DIRECTION('',(0.,0.,1.));
#673 = DIRECTION('',(1.,0.,-0.));
#674 = DEFINITIONAL_REPRESENTATION('',(#675),#679);
#675 = LINE('',#676,#677);
#676 = CARTESIAN_POINT('',(0.,1.));
#677 = VECTOR('',#678,1.);
#678 = DIRECTION('',(1.,0.));
#679 = ( GEOMETRIC_REPRESENTATION_CONTEXT(2) 
PARAMETRIC_REPRESENTATION_CONTEXT() REPRESENTATION_CONTEXT('2D SPACE',''
  ) );
#680 = FACE_BOUND('',#681,.F.);
#681 = EDGE_LOOP('',(#682));
#682 = ORIENTED_EDGE('',*,*,#683,.F.);
#683 = EDGE_CURVE('',#684,#684,#686,.T.);
#684 = VERTEX_POINT('',#685);
#685 = CARTESIAN_POINT('',(500.1,32.,1.17E+03));
#686 = SURFACE_CURVE('',#687,(#692,#699),.PCURVE_S1.);
#687 = CIRCLE('',#688,8.1);
#688 = AXIS2_PLACEMENT_3D('',#689,#690,#691);
#689 = CARTESIAN_POINT('',(492.,32.,1.17E+03));
#690 = DIRECTION('',(0.,0.,1.));
#691 = DIRECTION('',(1.,0.,-0.));
#692 = PCURVE('',#122,#693);
#693 = DEFINITIONAL_REPRESENTATION('',(#694),#698);
#694 = CIRCLE('',#695,8.1);
#695 = AXIS2_PLACEMENT_2D('',#696,#697);
#696 = CARTESIAN_POINT('',(122.,80.));
#697 = DIRECTION('',(1.,0.));
#698 = ( GEOMETRIC_REPRESENTATION_CONTEXT(2) 
PARAMETRIC_REPRESENTATION_CONTEXT() REPRESENTATION_CONTEXT('2D SPACE',''
  ) );
#699 = PCURVE('',#700,#705);
#700 = CYLINDRICAL_SURFACE('',#701,8.1);
#701 = AXIS2_PLACEMENT_3D('',#702,#703,#704);
#702 = CARTESIAN_POINT('',(492.,32.,1.169E+03));
#703 = DIRECTION('',(0.,0.,1.));
#704 = DIRECTION('',(1.,0.,-0.));
#705 = DEFINITIONAL_REPRESENTATION('',(#706),#710);
#706 = LINE('',#707,#708);
#707 = CARTESIAN_POINT('',(0.,1.));
#708 = VECTOR('',#709,1.);
#709 = DIRECTION('',(1.,0.));
#710 = ( GEOMETRIC_REPRESENTATION_CONTEXT(2) 
PARAMETRIC_REPRESENTATION_CONTEXT() REPRESENTATION_CONTEXT('2D SPACE',''
  ) );
#711 = FACE_BOUND('',#712,.F.);
#712 = EDGE_LOOP('',(#713));
#713 = ORIENTED_EDGE('',*,*,#714,.F.);
#714 = EDGE_CURVE('',#715,#715,#717,.T.);
#715 = VERTEX_POINT('',#716);
#716 = CARTESIAN_POINT('',(540.1,32.,1.17E+03));
#717 = SURFACE_CURVE('',#718,(#723,#730),.PCURVE_S1.);
#718 = CIRCLE('',#719,8.1);
#719 = AXIS2_PLACEMENT_3D('',#720,#721,#722);
#720 = CARTESIAN_POINT('',(532.,32.,1.17E+03));
#721 = DIRECTION('',(0.,0.,1.));
#722 = DIRECTION('',(1.,0.,-0.));
#723 = PCURVE('',#122,#724);
#724 = DEFINITIONAL_REPRESENTATION('',(#725),#729);
#725 = CIRCLE('',#726,8.1);
#726 = AXIS2_PLACEMENT_2D('',#727,#728);
#727 = CARTESIAN_POINT('',(162.,80.));
#728 = DIRECTION('',(1.,0.));
#729 = ( GEOMETRIC_REPRESENTATION_CONTEXT(2) 
PARAMETRIC_REPRESENTATION_CONTEXT() REPRESENTATION_CONTEXT('2D SPACE',''
  ) );
#730 = PCURVE('',#731,#736);
#731 = CYLINDRICAL_SURFACE('',#732,8.1);
#732 = AXIS2_PLACEMENT_3D('',#733,#734,#735);
#733 = CARTESIAN_POINT('',(532.,32.,1.169E+03));
#734 = DIRECTION('',(0.,0.,1.));
#735 = DIRECTION('',(1.,0.,-0.));
#736 = DEFINITIONAL_REPRESENTATION('',(#737),#741);
#737 = LINE('',#738,#739);
#738 = CARTESIAN_POINT('',(0.,1.));
#739 = VECTOR('',#740,1.);
#740 = DIRECTION('',(1.,0.));
#741 = ( GEOMETRIC_REPRESENTATION_CONTEXT(2) 
PARAMETRIC_REPRESENTATION_CONTEXT() REPRESENTATION_CONTEXT('2D SPACE',''
  ) );
#742 = ADVANCED_FACE('',(#743),#252,.T.);
#743 = FACE_BOUND('',#744,.T.);
#744 = EDGE_LOOP('',(#745,#746,#747,#748));
#745 = ORIENTED_EDGE('',*,*,#238,.F.);
#746 = ORIENTED_EDGE('',*,*,#473,.T.);
#747 = ORIENTED_EDGE('',*,*,#447,.T.);
#748 = ORIENTED_EDGE('',*,*,#375,.F.);
#749 = ADVANCED_FACE('',(#750),#283,.F.);
#750 = FACE_BOUND('',#751,.F.);
#751 = EDGE_LOOP('',(#752,#775,#776,#799));
#752 = ORIENTED_EDGE('',*,*,#753,.F.);
#753 = EDGE_CURVE('',#267,#754,#756,.T.);
#754 = VERTEX_POINT('',#755);
#755 = CARTESIAN_POINT('',(373.,57.,1.427E+03));
#756 = SURFACE_CURVE('',#757,(#761,#768),.PCURVE_S1.);
#757 = LINE('',#758,#759);
#758 = CARTESIAN_POINT('',(373.,-51.,1.427E+03));
#759 = VECTOR('',#760,1.);
#760 = DIRECTION('',(-0.,1.,0.));
#761 = PCURVE('',#283,#762);
#762 = DEFINITIONAL_REPRESENTATION('',(#763),#767);
#763 = LINE('',#764,#765);
#764 = CARTESIAN_POINT('',(0.,0.));
#765 = VECTOR('',#766,1.);
#766 = DIRECTION('',(0.,1.));
#767 = ( GEOMETRIC_REPRESENTATION_CONTEXT(2) 
PARAMETRIC_REPRESENTATION_CONTEXT() REPRESENTATION_CONTEXT('2D SPACE',''
  ) );
#768 = PCURVE('',#309,#769);
#769 = DEFINITIONAL_REPRESENTATION('',(#770),#774);
#770 = LINE('',#771,#772);
#771 = CARTESIAN_POINT('',(254.,0.));
#772 = VECTOR('',#773,1.);
#773 = DIRECTION('',(0.,-1.));
#774 = ( GEOMETRIC_REPRESENTATION_CONTEXT(2) 
PARAMETRIC_REPRESENTATION_CONTEXT() REPRESENTATION_CONTEXT('2D SPACE',''
  ) );
#775 = ORIENTED_EDGE('',*,*,#266,.T.);
#776 = ORIENTED_EDGE('',*,*,#777,.T.);
#777 = EDGE_CURVE('',#269,#778,#780,.T.);
#778 = VERTEX_POINT('',#779);
#779 = CARTESIAN_POINT('',(567.,57.,1.427E+03));
#780 = SURFACE_CURVE('',#781,(#785,#792),.PCURVE_S1.);
#781 = LINE('',#782,#783);
#782 = CARTESIAN_POINT('',(567.,-51.,1.427E+03));
#783 = VECTOR('',#784,1.);
#784 = DIRECTION('',(-0.,1.,0.));
#785 = PCURVE('',#283,#786);
#786 = DEFINITIONAL_REPRESENTATION('',(#787),#791);
#787 = LINE('',#788,#789);
#788 = CARTESIAN_POINT('',(194.,0.));
#789 = VECTOR('',#790,1.);
#790 = DIRECTION('',(0.,1.));
#791 = ( GEOMETRIC_REPRESENTATION_CONTEXT(2) 
PARAMETRIC_REPRESENTATION_CONTEXT() REPRESENTATION_CONTEXT('2D SPACE',''
  ) );
#792 = PCURVE('',#359,#793);
#793 = DEFINITIONAL_REPRESENTATION('',(#794),#798);
#794 = LINE('',#795,#796);
#795 = CARTESIAN_POINT('',(254.,0.));
#796 = VECTOR('',#797,1.);
#797 = DIRECTION('',(0.,-1.));
#798 = ( GEOMETRIC_REPRESENTATION_CONTEXT(2) 
PARAMETRIC_REPRESENTATION_CONTEXT() REPRESENTATION_CONTEXT('2D SPACE',''
  ) );
#799 = ORIENTED_EDGE('',*,*,#800,.F.);
#800 = EDGE_CURVE('',#754,#778,#801,.T.);
#801 = SURFACE_CURVE('',#802,(#806,#813),.PCURVE_S1.);
#802 = LINE('',#803,#804);
#803 = CARTESIAN_POINT('',(373.,57.,1.427E+03));
#804 = VECTOR('',#805,1.);
#805 = DIRECTION('',(1.,0.,-0.));
#806 = PCURVE('',#283,#807);
#807 = DEFINITIONAL_REPRESENTATION('',(#808),#812);
#808 = LINE('',#809,#810);
#809 = CARTESIAN_POINT('',(0.,108.));
#810 = VECTOR('',#811,1.);
#811 = DIRECTION('',(1.,0.));
#812 = ( GEOMETRIC_REPRESENTATION_CONTEXT(2) 
PARAMETRIC_REPRESENTATION_CONTEXT() REPRESENTATION_CONTEXT('2D SPACE',''
  ) );
#813 = PCURVE('',#814,#819);
#814 = PLANE('',#815);
#815 = AXIS2_PLACEMENT_3D('',#816,#817,#818);
#816 = CARTESIAN_POINT('',(373.,57.,1.173E+03));
#817 = DIRECTION('',(-0.,1.,0.));
#818 = DIRECTION('',(0.,0.,1.));
#819 = DEFINITIONAL_REPRESENTATION('',(#820),#824);
#820 = LINE('',#821,#822);
#821 = CARTESIAN_POINT('',(254.,0.));
#822 = VECTOR('',#823,1.);
#823 = DIRECTION('',(0.,1.));
#824 = ( GEOMETRIC_REPRESENTATION_CONTEXT(2) 
PARAMETRIC_REPRESENTATION_CONTEXT() REPRESENTATION_CONTEXT('2D SPACE',''
  ) );
#825 = ADVANCED_FACE('',(#826),#359,.F.);
#826 = FACE_BOUND('',#827,.F.);
#827 = EDGE_LOOP('',(#828,#829,#830,#853));
#828 = ORIENTED_EDGE('',*,*,#777,.F.);
#829 = ORIENTED_EDGE('',*,*,#346,.T.);
#830 = ORIENTED_EDGE('',*,*,#831,.T.);
#831 = EDGE_CURVE('',#321,#832,#834,.T.);
#832 = VERTEX_POINT('',#833);
#833 = CARTESIAN_POINT('',(567.,57.,1.173E+03));
#834 = SURFACE_CURVE('',#835,(#839,#846),.PCURVE_S1.);
#835 = LINE('',#836,#837);
#836 = CARTESIAN_POINT('',(567.,-51.,1.173E+03));
#837 = VECTOR('',#838,1.);
#838 = DIRECTION('',(-0.,1.,0.));
#839 = PCURVE('',#359,#840);
#840 = DEFINITIONAL_REPRESENTATION('',(#841),#845);
#841 = LINE('',#842,#843);
#842 = CARTESIAN_POINT('',(0.,0.));
#843 = VECTOR('',#844,1.);
#844 = DIRECTION('',(0.,-1.));
#845 = ( GEOMETRIC_REPRESENTATION_CONTEXT(2) 
PARAMETRIC_REPRESENTATION_CONTEXT() REPRESENTATION_CONTEXT('2D SPACE',''
  ) );
#846 = PCURVE('',#335,#847);
#847 = DEFINITIONAL_REPRESENTATION('',(#848),#852);
#848 = LINE('',#849,#850);
#849 = CARTESIAN_POINT('',(194.,0.));
#850 = VECTOR('',#851,1.);
#851 = DIRECTION('',(0.,1.));
#852 = ( GEOMETRIC_REPRESENTATION_CONTEXT(2) 
PARAMETRIC_REPRESENTATION_CONTEXT() REPRESENTATION_CONTEXT('2D SPACE',''
  ) );
#853 = ORIENTED_EDGE('',*,*,#854,.T.);
#854 = EDGE_CURVE('',#832,#778,#855,.T.);
#855 = SURFACE_CURVE('',#856,(#860,#867),.PCURVE_S1.);
#856 = LINE('',#857,#858);
#857 = CARTESIAN_POINT('',(567.,57.,1.173E+03));
#858 = VECTOR('',#859,1.);
#859 = DIRECTION('',(0.,0.,1.));
#860 = PCURVE('',#359,#861);
#861 = DEFINITIONAL_REPRESENTATION('',(#862),#866);
#862 = LINE('',#863,#864);
#863 = CARTESIAN_POINT('',(0.,-108.));
#864 = VECTOR('',#865,1.);
#865 = DIRECTION('',(1.,0.));
#866 = ( GEOMETRIC_REPRESENTATION_CONTEXT(2) 
PARAMETRIC_REPRESENTATION_CONTEXT() REPRESENTATION_CONTEXT('2D SPACE',''
  ) );
#867 = PCURVE('',#814,#868);
#868 = DEFINITIONAL_REPRESENTATION('',(#869),#873);
#869 = LINE('',#870,#871);
#870 = CARTESIAN_POINT('',(0.,194.));
#871 = VECTOR('',#872,1.);
#872 = DIRECTION('',(1.,0.));
#873 = ( GEOMETRIC_REPRESENTATION_CONTEXT(2) 
PARAMETRIC_REPRESENTATION_CONTEXT() REPRESENTATION_CONTEXT('2D SPACE',''
  ) );
#874 = ADVANCED_FACE('',(#875,#923,#949,#975,#1001,#1027,#1053,#1079,
    #1105),#335,.T.);
#875 = FACE_BOUND('',#876,.T.);
#876 = EDGE_LOOP('',(#877,#900,#901,#902));
#877 = ORIENTED_EDGE('',*,*,#878,.F.);
#878 = EDGE_CURVE('',#295,#879,#881,.T.);
#879 = VERTEX_POINT('',#880);
#880 = CARTESIAN_POINT('',(373.,57.,1.173E+03));
#881 = SURFACE_CURVE('',#882,(#886,#893),.PCURVE_S1.);
#882 = LINE('',#883,#884);
#883 = CARTESIAN_POINT('',(373.,-51.,1.173E+03));
#884 = VECTOR('',#885,1.);
#885 = DIRECTION('',(-0.,1.,0.));
#886 = PCURVE('',#335,#887);
#887 = DEFINITIONAL_REPRESENTATION('',(#888),#892);
#888 = LINE('',#889,#890);
#889 = CARTESIAN_POINT('',(0.,0.));
#890 = VECTOR('',#891,1.);
#891 = DIRECTION('',(0.,1.));
#892 = ( GEOMETRIC_REPRESENTATION_CONTEXT(2) 
PARAMETRIC_REPRESENTATION_CONTEXT() REPRESENTATION_CONTEXT('2D SPACE',''
  ) );
#893 = PCURVE('',#309,#894);
#894 = DEFINITIONAL_REPRESENTATION('',(#895),#899);
#895 = LINE('',#896,#897);
#896 = CARTESIAN_POINT('',(0.,0.));
#897 = VECTOR('',#898,1.);
#898 = DIRECTION('',(0.,-1.));
#899 = ( GEOMETRIC_REPRESENTATION_CONTEXT(2) 
PARAMETRIC_REPRESENTATION_CONTEXT() REPRESENTATION_CONTEXT('2D SPACE',''
  ) );
#900 = ORIENTED_EDGE('',*,*,#320,.T.);
#901 = ORIENTED_EDGE('',*,*,#831,.T.);
#902 = ORIENTED_EDGE('',*,*,#903,.F.);
#903 = EDGE_CURVE('',#879,#832,#904,.T.);
#904 = SURFACE_CURVE('',#905,(#909,#916),.PCURVE_S1.);
#905 = LINE('',#906,#907);
#906 = CARTESIAN_POINT('',(373.,57.,1.173E+03));
#907 = VECTOR('',#908,1.);
#908 = DIRECTION('',(1.,0.,-0.));
#909 = PCURVE('',#335,#910);
#910 = DEFINITIONAL_REPRESENTATION('',(#911),#915);
#911 = LINE('',#912,#913);
#912 = CARTESIAN_POINT('',(0.,108.));
#913 = VECTOR('',#914,1.);
#914 = DIRECTION('',(1.,0.));
#915 = ( GEOMETRIC_REPRESENTATION_CONTEXT(2) 
PARAMETRIC_REPRESENTATION_CONTEXT() REPRESENTATION_CONTEXT('2D SPACE',''
  ) );
#916 = PCURVE('',#814,#917);
#917 = DEFINITIONAL_REPRESENTATION('',(#918),#922);
#918 = LINE('',#919,#920);
#919 = CARTESIAN_POINT('',(0.,0.));
#920 = VECTOR('',#921,1.);
#921 = DIRECTION('',(0.,1.));
#922 = ( GEOMETRIC_REPRESENTATION_CONTEXT(2) 
PARAMETRIC_REPRESENTATION_CONTEXT() REPRESENTATION_CONTEXT('2D SPACE',''
  ) );
#923 = FACE_BOUND('',#924,.T.);
#924 = EDGE_LOOP('',(#925));
#925 = ORIENTED_EDGE('',*,*,#926,.F.);
#926 = EDGE_CURVE('',#927,#927,#929,.T.);
#927 = VERTEX_POINT('',#928);
#928 = CARTESIAN_POINT('',(416.1,-10.,1.173E+03));
#929 = SURFACE_CURVE('',#930,(#935,#942),.PCURVE_S1.);
#930 = CIRCLE('',#931,8.1);
#931 = AXIS2_PLACEMENT_3D('',#932,#933,#934);
#932 = CARTESIAN_POINT('',(408.,-10.,1.173E+03));
#933 = DIRECTION('',(0.,0.,1.));
#934 = DIRECTION('',(1.,0.,-0.));
#935 = PCURVE('',#335,#936);
#936 = DEFINITIONAL_REPRESENTATION('',(#937),#941);
#937 = CIRCLE('',#938,8.1);
#938 = AXIS2_PLACEMENT_2D('',#939,#940);
#939 = CARTESIAN_POINT('',(35.,41.));
#940 = DIRECTION('',(1.,0.));
#941 = ( GEOMETRIC_REPRESENTATION_CONTEXT(2) 
PARAMETRIC_REPRESENTATION_CONTEXT() REPRESENTATION_CONTEXT('2D SPACE',''
  ) );
#942 = PCURVE('',#514,#943);
#943 = DEFINITIONAL_REPRESENTATION('',(#944),#948);
#944 = LINE('',#945,#946);
#945 = CARTESIAN_POINT('',(0.,4.));
#946 = VECTOR('',#947,1.);
#947 = DIRECTION('',(1.,0.));
#948 = ( GEOMETRIC_REPRESENTATION_CONTEXT(2) 
PARAMETRIC_REPRESENTATION_CONTEXT() REPRESENTATION_CONTEXT('2D SPACE',''
  ) );
#949 = FACE_BOUND('',#950,.T.);
#950 = EDGE_LOOP('',(#951));
#951 = ORIENTED_EDGE('',*,*,#952,.F.);
#952 = EDGE_CURVE('',#953,#953,#955,.T.);
#953 = VERTEX_POINT('',#954);
#954 = CARTESIAN_POINT('',(456.1,-10.,1.173E+03));
#955 = SURFACE_CURVE('',#956,(#961,#968),.PCURVE_S1.);
#956 = CIRCLE('',#957,8.1);
#957 = AXIS2_PLACEMENT_3D('',#958,#959,#960);
#958 = CARTESIAN_POINT('',(448.,-10.,1.173E+03));
#959 = DIRECTION('',(0.,0.,1.));
#960 = DIRECTION('',(1.,0.,-0.));
#961 = PCURVE('',#335,#962);
#962 = DEFINITIONAL_REPRESENTATION('',(#963),#967);
#963 = CIRCLE('',#964,8.1);
#964 = AXIS2_PLACEMENT_2D('',#965,#966);
#965 = CARTESIAN_POINT('',(75.,41.));
#966 = DIRECTION('',(1.,0.));
#967 = ( GEOMETRIC_REPRESENTATION_CONTEXT(2) 
PARAMETRIC_REPRESENTATION_CONTEXT() REPRESENTATION_CONTEXT('2D SPACE',''
  ) );
#968 = PCURVE('',#545,#969);
#969 = DEFINITIONAL_REPRESENTATION('',(#970),#974);
#970 = LINE('',#971,#972);
#971 = CARTESIAN_POINT('',(0.,4.));
#972 = VECTOR('',#973,1.);
#973 = DIRECTION('',(1.,0.));
#974 = ( GEOMETRIC_REPRESENTATION_CONTEXT(2) 
PARAMETRIC_REPRESENTATION_CONTEXT() REPRESENTATION_CONTEXT('2D SPACE',''
  ) );
#975 = FACE_BOUND('',#976,.T.);
#976 = EDGE_LOOP('',(#977));
#977 = ORIENTED_EDGE('',*,*,#978,.F.);
#978 = EDGE_CURVE('',#979,#979,#981,.T.);
#979 = VERTEX_POINT('',#980);
#980 = CARTESIAN_POINT('',(498.1,-10.,1.173E+03));
#981 = SURFACE_CURVE('',#982,(#987,#994),.PCURVE_S1.);
#982 = CIRCLE('',#983,6.1);
#983 = AXIS2_PLACEMENT_3D('',#984,#985,#986);
#984 = CARTESIAN_POINT('',(492.,-10.,1.173E+03));
#985 = DIRECTION('',(0.,0.,1.));
#986 = DIRECTION('',(1.,0.,-0.));
#987 = PCURVE('',#335,#988);
#988 = DEFINITIONAL_REPRESENTATION('',(#989),#993);
#989 = CIRCLE('',#990,6.1);
#990 = AXIS2_PLACEMENT_2D('',#991,#992);
#991 = CARTESIAN_POINT('',(119.,41.));
#992 = DIRECTION('',(1.,0.));
#993 = ( GEOMETRIC_REPRESENTATION_CONTEXT(2) 
PARAMETRIC_REPRESENTATION_CONTEXT() REPRESENTATION_CONTEXT('2D SPACE',''
  ) );
#994 = PCURVE('',#576,#995);
#995 = DEFINITIONAL_REPRESENTATION('',(#996),#1000);
#996 = LINE('',#997,#998);
#997 = CARTESIAN_POINT('',(0.,4.));
#998 = VECTOR('',#999,1.);
#999 = DIRECTION('',(1.,0.));
#1000 = ( GEOMETRIC_REPRESENTATION_CONTEXT(2) 
PARAMETRIC_REPRESENTATION_CONTEXT() REPRESENTATION_CONTEXT('2D SPACE',''
  ) );
#1001 = FACE_BOUND('',#1002,.T.);
#1002 = EDGE_LOOP('',(#1003));
#1003 = ORIENTED_EDGE('',*,*,#1004,.F.);
#1004 = EDGE_CURVE('',#1005,#1005,#1007,.T.);
#1005 = VERTEX_POINT('',#1006);
#1006 = CARTESIAN_POINT('',(535.25,-10.,1.173E+03));
#1007 = SURFACE_CURVE('',#1008,(#1013,#1020),.PCURVE_S1.);
#1008 = CIRCLE('',#1009,3.25);
#1009 = AXIS2_PLACEMENT_3D('',#1010,#1011,#1012);
#1010 = CARTESIAN_POINT('',(532.,-10.,1.173E+03));
#1011 = DIRECTION('',(0.,0.,1.));
#1012 = DIRECTION('',(1.,0.,-0.));
#1013 = PCURVE('',#335,#1014);
#1014 = DEFINITIONAL_REPRESENTATION('',(#1015),#1019);
#1015 = CIRCLE('',#1016,3.25);
#1016 = AXIS2_PLACEMENT_2D('',#1017,#1018);
#1017 = CARTESIAN_POINT('',(159.,41.));
#1018 = DIRECTION('',(1.,0.));
#1019 = ( GEOMETRIC_REPRESENTATION_CONTEXT(2) 
PARAMETRIC_REPRESENTATION_CONTEXT() REPRESENTATION_CONTEXT('2D SPACE',''
  ) );
#1020 = PCURVE('',#607,#1021);
#1021 = DEFINITIONAL_REPRESENTATION('',(#1022),#1026);
#1022 = LINE('',#1023,#1024);
#1023 = CARTESIAN_POINT('',(0.,4.));
#1024 = VECTOR('',#1025,1.);
#1025 = DIRECTION('',(1.,0.));
#1026 = ( GEOMETRIC_REPRESENTATION_CONTEXT(2) 
PARAMETRIC_REPRESENTATION_CONTEXT() REPRESENTATION_CONTEXT('2D SPACE',''
  ) );
#1027 = FACE_BOUND('',#1028,.T.);
#1028 = EDGE_LOOP('',(#1029));
#1029 = ORIENTED_EDGE('',*,*,#1030,.F.);
#1030 = EDGE_CURVE('',#1031,#1031,#1033,.T.);
#1031 = VERTEX_POINT('',#1032);
#1032 = CARTESIAN_POINT('',(416.1,32.,1.173E+03));
#1033 = SURFACE_CURVE('',#1034,(#1039,#1046),.PCURVE_S1.);
#1034 = CIRCLE('',#1035,8.1);
#1035 = AXIS2_PLACEMENT_3D('',#1036,#1037,#1038);
#1036 = CARTESIAN_POINT('',(408.,32.,1.173E+03));
#1037 = DIRECTION('',(0.,0.,1.));
#1038 = DIRECTION('',(1.,0.,-0.));
#1039 = PCURVE('',#335,#1040);
#1040 = DEFINITIONAL_REPRESENTATION('',(#1041),#1045);
#1041 = CIRCLE('',#1042,8.1);
#1042 = AXIS2_PLACEMENT_2D('',#1043,#1044);
#1043 = CARTESIAN_POINT('',(35.,83.));
#1044 = DIRECTION('',(1.,0.));
#1045 = ( GEOMETRIC_REPRESENTATION_CONTEXT(2) 
PARAMETRIC_REPRESENTATION_CONTEXT() REPRESENTATION_CONTEXT('2D SPACE',''
  ) );
#1046 = PCURVE('',#638,#1047);
#1047 = DEFINITIONAL_REPRESENTATION('',(#1048),#1052);
#1048 = LINE('',#1049,#1050);
#1049 = CARTESIAN_POINT('',(0.,4.));
#1050 = VECTOR('',#1051,1.);
#1051 = DIRECTION('',(1.,0.));
#1052 = ( GEOMETRIC_REPRESENTATION_CONTEXT(2) 
PARAMETRIC_REPRESENTATION_CONTEXT() REPRESENTATION_CONTEXT('2D SPACE',''
  ) );
#1053 = FACE_BOUND('',#1054,.T.);
#1054 = EDGE_LOOP('',(#1055));
#1055 = ORIENTED_EDGE('',*,*,#1056,.F.);
#1056 = EDGE_CURVE('',#1057,#1057,#1059,.T.);
#1057 = VERTEX_POINT('',#1058);
#1058 = CARTESIAN_POINT('',(456.1,32.,1.173E+03));
#1059 = SURFACE_CURVE('',#1060,(#1065,#1072),.PCURVE_S1.);
#1060 = CIRCLE('',#1061,8.1);
#1061 = AXIS2_PLACEMENT_3D('',#1062,#1063,#1064);
#1062 = CARTESIAN_POINT('',(448.,32.,1.173E+03));
#1063 = DIRECTION('',(0.,0.,1.));
#1064 = DIRECTION('',(1.,0.,-0.));
#1065 = PCURVE('',#335,#1066);
#1066 = DEFINITIONAL_REPRESENTATION('',(#1067),#1071);
#1067 = CIRCLE('',#1068,8.1);
#1068 = AXIS2_PLACEMENT_2D('',#1069,#1070);
#1069 = CARTESIAN_POINT('',(75.,83.));
#1070 = DIRECTION('',(1.,0.));
#1071 = ( GEOMETRIC_REPRESENTATION_CONTEXT(2) 
PARAMETRIC_REPRESENTATION_CONTEXT() REPRESENTATION_CONTEXT('2D SPACE',''
  ) );
#1072 = PCURVE('',#669,#1073);
#1073 = DEFINITIONAL_REPRESENTATION('',(#1074),#1078);
#1074 = LINE('',#1075,#1076);
#1075 = CARTESIAN_POINT('',(0.,4.));
#1076 = VECTOR('',#1077,1.);
#1077 = DIRECTION('',(1.,0.));
#1078 = ( GEOMETRIC_REPRESENTATION_CONTEXT(2) 
PARAMETRIC_REPRESENTATION_CONTEXT() REPRESENTATION_CONTEXT('2D SPACE',''
  ) );
#1079 = FACE_BOUND('',#1080,.T.);
#1080 = EDGE_LOOP('',(#1081));
#1081 = ORIENTED_EDGE('',*,*,#1082,.F.);
#1082 = EDGE_CURVE('',#1083,#1083,#1085,.T.);
#1083 = VERTEX_POINT('',#1084);
#1084 = CARTESIAN_POINT('',(500.1,32.,1.173E+03));
#1085 = SURFACE_CURVE('',#1086,(#1091,#1098),.PCURVE_S1.);
#1086 = CIRCLE('',#1087,8.1);
#1087 = AXIS2_PLACEMENT_3D('',#1088,#1089,#1090);
#1088 = CARTESIAN_POINT('',(492.,32.,1.173E+03));
#1089 = DIRECTION('',(0.,0.,1.));
#1090 = DIRECTION('',(1.,0.,-0.));
#1091 = PCURVE('',#335,#1092);
#1092 = DEFINITIONAL_REPRESENTATION('',(#1093),#1097);
#1093 = CIRCLE('',#1094,8.1);
#1094 = AXIS2_PLACEMENT_2D('',#1095,#1096);
#1095 = CARTESIAN_POINT('',(119.,83.));
#1096 = DIRECTION('',(1.,0.));
#1097 = ( GEOMETRIC_REPRESENTATION_CONTEXT(2) 
PARAMETRIC_REPRESENTATION_CONTEXT() REPRESENTATION_CONTEXT('2D SPACE',''
  ) );
#1098 = PCURVE('',#700,#1099);
#1099 = DEFINITIONAL_REPRESENTATION('',(#1100),#1104);
#1100 = LINE('',#1101,#1102);
#1101 = CARTESIAN_POINT('',(0.,4.));
#1102 = VECTOR('',#1103,1.);
#1103 = DIRECTION('',(1.,0.));
#1104 = ( GEOMETRIC_REPRESENTATION_CONTEXT(2) 
PARAMETRIC_REPRESENTATION_CONTEXT() REPRESENTATION_CONTEXT('2D SPACE',''
  ) );
#1105 = FACE_BOUND('',#1106,.T.);
#1106 = EDGE_LOOP('',(#1107));
#1107 = ORIENTED_EDGE('',*,*,#1108,.F.);
#1108 = EDGE_CURVE('',#1109,#1109,#1111,.T.);
#1109 = VERTEX_POINT('',#1110);
#1110 = CARTESIAN_POINT('',(540.1,32.,1.173E+03));
#1111 = SURFACE_CURVE('',#1112,(#1117,#1124),.PCURVE_S1.);
#1112 = CIRCLE('',#1113,8.1);
#1113 = AXIS2_PLACEMENT_3D('',#1114,#1115,#1116);
#1114 = CARTESIAN_POINT('',(532.,32.,1.173E+03));
#1115 = DIRECTION('',(0.,0.,1.));
#1116 = DIRECTION('',(1.,0.,-0.));
#1117 = PCURVE('',#335,#1118);
#1118 = DEFINITIONAL_REPRESENTATION('',(#1119),#1123);
#1119 = CIRCLE('',#1120,8.1);
#1120 = AXIS2_PLACEMENT_2D('',#1121,#1122);
#1121 = CARTESIAN_POINT('',(159.,83.));
#1122 = DIRECTION('',(1.,0.));
#1123 = ( GEOMETRIC_REPRESENTATION_CONTEXT(2) 
PARAMETRIC_REPRESENTATION_CONTEXT() REPRESENTATION_CONTEXT('2D SPACE',''
  ) );
#1124 = PCURVE('',#731,#1125);
#1125 = DEFINITIONAL_REPRESENTATION('',(#1126),#1130);
#1126 = LINE('',#1127,#1128);
#1127 = CARTESIAN_POINT('',(0.,4.));
#1128 = VECTOR('',#1129,1.);
#1129 = DIRECTION('',(1.,0.));
#1130 = ( GEOMETRIC_REPRESENTATION_CONTEXT(2) 
PARAMETRIC_REPRESENTATION_CONTEXT() REPRESENTATION_CONTEXT('2D SPACE',''
  ) );
#1131 = ADVANCED_FACE('',(#1132),#309,.T.);
#1132 = FACE_BOUND('',#1133,.T.);
#1133 = EDGE_LOOP('',(#1134,#1135,#1136,#1137));
#1134 = ORIENTED_EDGE('',*,*,#753,.F.);
#1135 = ORIENTED_EDGE('',*,*,#294,.T.);
#1136 = ORIENTED_EDGE('',*,*,#878,.T.);
#1137 = ORIENTED_EDGE('',*,*,#1138,.T.);
#1138 = EDGE_CURVE('',#879,#754,#1139,.T.);
#1139 = SURFACE_CURVE('',#1140,(#1144,#1151),.PCURVE_S1.);
#1140 = LINE('',#1141,#1142);
#1141 = CARTESIAN_POINT('',(373.,57.,1.173E+03));
#1142 = VECTOR('',#1143,1.);
#1143 = DIRECTION('',(0.,0.,1.));
#1144 = PCURVE('',#309,#1145);
#1145 = DEFINITIONAL_REPRESENTATION('',(#1146),#1150);
#1146 = LINE('',#1147,#1148);
#1147 = CARTESIAN_POINT('',(0.,-108.));
#1148 = VECTOR('',#1149,1.);
#1149 = DIRECTION('',(1.,0.));
#1150 = ( GEOMETRIC_REPRESENTATION_CONTEXT(2) 
PARAMETRIC_REPRESENTATION_CONTEXT() REPRESENTATION_CONTEXT('2D SPACE',''
  ) );
#1151 = PCURVE('',#814,#1152);
#1152 = DEFINITIONAL_REPRESENTATION('',(#1153),#1157);
#1153 = LINE('',#1154,#1155);
#1154 = CARTESIAN_POINT('',(0.,0.));
#1155 = VECTOR('',#1156,1.);
#1156 = DIRECTION('',(1.,0.));
#1157 = ( GEOMETRIC_REPRESENTATION_CONTEXT(2) 
PARAMETRIC_REPRESENTATION_CONTEXT() REPRESENTATION_CONTEXT('2D SPACE',''
  ) );
#1158 = ADVANCED_FACE('',(#1159),#514,.F.);
#1159 = FACE_BOUND('',#1160,.F.);
#1160 = EDGE_LOOP('',(#1161,#1162,#1183,#1184));
#1161 = ORIENTED_EDGE('',*,*,#926,.F.);
#1162 = ORIENTED_EDGE('',*,*,#1163,.F.);
#1163 = EDGE_CURVE('',#498,#927,#1164,.T.);
#1164 = SEAM_CURVE('',#1165,(#1169,#1176),.PCURVE_S1.);
#1165 = LINE('',#1166,#1167);
#1166 = CARTESIAN_POINT('',(416.1,-10.,1.169E+03));
#1167 = VECTOR('',#1168,1.);
#1168 = DIRECTION('',(0.,0.,1.));
#1169 = PCURVE('',#514,#1170);
#1170 = DEFINITIONAL_REPRESENTATION('',(#1171),#1175);
#1171 = LINE('',#1172,#1173);
#1172 = CARTESIAN_POINT('',(6.28318530718,-0.));
#1173 = VECTOR('',#1174,1.);
#1174 = DIRECTION('',(0.,1.));
#1175 = ( GEOMETRIC_REPRESENTATION_CONTEXT(2) 
PARAMETRIC_REPRESENTATION_CONTEXT() REPRESENTATION_CONTEXT('2D SPACE',''
  ) );
#1176 = PCURVE('',#514,#1177);
#1177 = DEFINITIONAL_REPRESENTATION('',(#1178),#1182);
#1178 = LINE('',#1179,#1180);
#1179 = CARTESIAN_POINT('',(0.,-0.));
#1180 = VECTOR('',#1181,1.);
#1181 = DIRECTION('',(0.,1.));
#1182 = ( GEOMETRIC_REPRESENTATION_CONTEXT(2) 
PARAMETRIC_REPRESENTATION_CONTEXT() REPRESENTATION_CONTEXT('2D SPACE',''
  ) );
#1183 = ORIENTED_EDGE('',*,*,#497,.T.);
#1184 = ORIENTED_EDGE('',*,*,#1163,.T.);
#1185 = ADVANCED_FACE('',(#1186),#545,.F.);
#1186 = FACE_BOUND('',#1187,.F.);
#1187 = EDGE_LOOP('',(#1188,#1189,#1210,#1211));
#1188 = ORIENTED_EDGE('',*,*,#952,.F.);
#1189 = ORIENTED_EDGE('',*,*,#1190,.F.);
#1190 = EDGE_CURVE('',#529,#953,#1191,.T.);
#1191 = SEAM_CURVE('',#1192,(#1196,#1203),.PCURVE_S1.);
#1192 = LINE('',#1193,#1194);
#1193 = CARTESIAN_POINT('',(456.1,-10.,1.169E+03));
#1194 = VECTOR('',#1195,1.);
#1195 = DIRECTION('',(0.,0.,1.));
#1196 = PCURVE('',#545,#1197);
#1197 = DEFINITIONAL_REPRESENTATION('',(#1198),#1202);
#1198 = LINE('',#1199,#1200);
#1199 = CARTESIAN_POINT('',(6.28318530718,-0.));
#1200 = VECTOR('',#1201,1.);
#1201 = DIRECTION('',(0.,1.));
#1202 = ( GEOMETRIC_REPRESENTATION_CONTEXT(2) 
PARAMETRIC_REPRESENTATION_CONTEXT() REPRESENTATION_CONTEXT('2D SPACE',''
  ) );
#1203 = PCURVE('',#545,#1204);
#1204 = DEFINITIONAL_REPRESENTATION('',(#1205),#1209);
#1205 = LINE('',#1206,#1207);
#1206 = CARTESIAN_POINT('',(0.,-0.));
#1207 = VECTOR('',#1208,1.);
#1208 = DIRECTION('',(0.,1.));
#1209 = ( GEOMETRIC_REPRESENTATION_CONTEXT(2) 
PARAMETRIC_REPRESENTATION_CONTEXT() REPRESENTATION_CONTEXT('2D SPACE',''
  ) );
#1210 = ORIENTED_EDGE('',*,*,#528,.T.);
#1211 = ORIENTED_EDGE('',*,*,#1190,.T.);
#1212 = ADVANCED_FACE('',(#1213),#576,.F.);
#1213 = FACE_BOUND('',#1214,.F.);
#1214 = EDGE_LOOP('',(#1215,#1216,#1237,#1238));
#1215 = ORIENTED_EDGE('',*,*,#978,.F.);
#1216 = ORIENTED_EDGE('',*,*,#1217,.F.);
#1217 = EDGE_CURVE('',#560,#979,#1218,.T.);
#1218 = SEAM_CURVE('',#1219,(#1223,#1230),.PCURVE_S1.);
#1219 = LINE('',#1220,#1221);
#1220 = CARTESIAN_POINT('',(498.1,-10.,1.169E+03));
#1221 = VECTOR('',#1222,1.);
#1222 = DIRECTION('',(0.,0.,1.));
#1223 = PCURVE('',#576,#1224);
#1224 = DEFINITIONAL_REPRESENTATION('',(#1225),#1229);
#1225 = LINE('',#1226,#1227);
#1226 = CARTESIAN_POINT('',(6.28318530718,-0.));
#1227 = VECTOR('',#1228,1.);
#1228 = DIRECTION('',(0.,1.));
#1229 = ( GEOMETRIC_REPRESENTATION_CONTEXT(2) 
PARAMETRIC_REPRESENTATION_CONTEXT() REPRESENTATION_CONTEXT('2D SPACE',''
  ) );
#1230 = PCURVE('',#576,#1231);
#1231 = DEFINITIONAL_REPRESENTATION('',(#1232),#1236);
#1232 = LINE('',#1233,#1234);
#1233 = CARTESIAN_POINT('',(0.,-0.));
#1234 = VECTOR('',#1235,1.);
#1235 = DIRECTION('',(0.,1.));
#1236 = ( GEOMETRIC_REPRESENTATION_CONTEXT(2) 
PARAMETRIC_REPRESENTATION_CONTEXT() REPRESENTATION_CONTEXT('2D SPACE',''
  ) );
#1237 = ORIENTED_EDGE('',*,*,#559,.T.);
#1238 = ORIENTED_EDGE('',*,*,#1217,.T.);
#1239 = ADVANCED_FACE('',(#1240),#607,.F.);
#1240 = FACE_BOUND('',#1241,.F.);
#1241 = EDGE_LOOP('',(#1242,#1243,#1264,#1265));
#1242 = ORIENTED_EDGE('',*,*,#1004,.F.);
#1243 = ORIENTED_EDGE('',*,*,#1244,.F.);
#1244 = EDGE_CURVE('',#591,#1005,#1245,.T.);
#1245 = SEAM_CURVE('',#1246,(#1250,#1257),.PCURVE_S1.);
#1246 = LINE('',#1247,#1248);
#1247 = CARTESIAN_POINT('',(535.25,-10.,1.169E+03));
#1248 = VECTOR('',#1249,1.);
#1249 = DIRECTION('',(0.,0.,1.));
#1250 = PCURVE('',#607,#1251);
#1251 = DEFINITIONAL_REPRESENTATION('',(#1252),#1256);
#1252 = LINE('',#1253,#1254);
#1253 = CARTESIAN_POINT('',(6.28318530718,-0.));
#1254 = VECTOR('',#1255,1.);
#1255 = DIRECTION('',(0.,1.));
#1256 = ( GEOMETRIC_REPRESENTATION_CONTEXT(2) 
PARAMETRIC_REPRESENTATION_CONTEXT() REPRESENTATION_CONTEXT('2D SPACE',''
  ) );
#1257 = PCURVE('',#607,#1258);
#1258 = DEFINITIONAL_REPRESENTATION('',(#1259),#1263);
#1259 = LINE('',#1260,#1261);
#1260 = CARTESIAN_POINT('',(0.,-0.));
#1261 = VECTOR('',#1262,1.);
#1262 = DIRECTION('',(0.,1.));
#1263 = ( GEOMETRIC_REPRESENTATION_CONTEXT(2) 
PARAMETRIC_REPRESENTATION_CONTEXT() REPRESENTATION_CONTEXT('2D SPACE',''
  ) );
#1264 = ORIENTED_EDGE('',*,*,#590,.T.);
#1265 = ORIENTED_EDGE('',*,*,#1244,.T.);
#1266 = ADVANCED_FACE('',(#1267),#638,.F.);
#1267 = FACE_BOUND('',#1268,.F.);
#1268 = EDGE_LOOP('',(#1269,#1270,#1291,#1292));
#1269 = ORIENTED_EDGE('',*,*,#1030,.F.);
#1270 = ORIENTED_EDGE('',*,*,#1271,.F.);
#1271 = EDGE_CURVE('',#622,#1031,#1272,.T.);
#1272 = SEAM_CURVE('',#1273,(#1277,#1284),.PCURVE_S1.);
#1273 = LINE('',#1274,#1275);
#1274 = CARTESIAN_POINT('',(416.1,32.,1.169E+03));
#1275 = VECTOR('',#1276,1.);
#1276 = DIRECTION('',(0.,0.,1.));
#1277 = PCURVE('',#638,#1278);
#1278 = DEFINITIONAL_REPRESENTATION('',(#1279),#1283);
#1279 = LINE('',#1280,#1281);
#1280 = CARTESIAN_POINT('',(6.28318530718,-0.));
#1281 = VECTOR('',#1282,1.);
#1282 = DIRECTION('',(0.,1.));
#1283 = ( GEOMETRIC_REPRESENTATION_CONTEXT(2) 
PARAMETRIC_REPRESENTATION_CONTEXT() REPRESENTATION_CONTEXT('2D SPACE',''
  ) );
#1284 = PCURVE('',#638,#1285);
#1285 = DEFINITIONAL_REPRESENTATION('',(#1286),#1290);
#1286 = LINE('',#1287,#1288);
#1287 = CARTESIAN_POINT('',(0.,-0.));
#1288 = VECTOR('',#1289,1.);
#1289 = DIRECTION('',(0.,1.));
#1290 = ( GEOMETRIC_REPRESENTATION_CONTEXT(2) 
PARAMETRIC_REPRESENTATION_CONTEXT() REPRESENTATION_CONTEXT('2D SPACE',''
  ) );
#1291 = ORIENTED_EDGE('',*,*,#621,.T.);
#1292 = ORIENTED_EDGE('',*,*,#1271,.T.);
#1293 = ADVANCED_FACE('',(#1294),#669,.F.);
#1294 = FACE_BOUND('',#1295,.F.);
#1295 = EDGE_LOOP('',(#1296,#1297,#1318,#1319));
#1296 = ORIENTED_EDGE('',*,*,#1056,.F.);
#1297 = ORIENTED_EDGE('',*,*,#1298,.F.);
#1298 = EDGE_CURVE('',#653,#1057,#1299,.T.);
#1299 = SEAM_CURVE('',#1300,(#1304,#1311),.PCURVE_S1.);
#1300 = LINE('',#1301,#1302);
#1301 = CARTESIAN_POINT('',(456.1,32.,1.169E+03));
#1302 = VECTOR('',#1303,1.);
#1303 = DIRECTION('',(0.,0.,1.));
#1304 = PCURVE('',#669,#1305);
#1305 = DEFINITIONAL_REPRESENTATION('',(#1306),#1310);
#1306 = LINE('',#1307,#1308);
#1307 = CARTESIAN_POINT('',(6.28318530718,-0.));
#1308 = VECTOR('',#1309,1.);
#1309 = DIRECTION('',(0.,1.));
#1310 = ( GEOMETRIC_REPRESENTATION_CONTEXT(2) 
PARAMETRIC_REPRESENTATION_CONTEXT() REPRESENTATION_CONTEXT('2D SPACE',''
  ) );
#1311 = PCURVE('',#669,#1312);
#1312 = DEFINITIONAL_REPRESENTATION('',(#1313),#1317);
#1313 = LINE('',#1314,#1315);
#1314 = CARTESIAN_POINT('',(0.,-0.));
#1315 = VECTOR('',#1316,1.);
#1316 = DIRECTION('',(0.,1.));
#1317 = ( GEOMETRIC_REPRESENTATION_CONTEXT(2) 
PARAMETRIC_REPRESENTATION_CONTEXT() REPRESENTATION_CONTEXT('2D SPACE',''
  ) );
#1318 = ORIENTED_EDGE('',*,*,#652,.T.);
#1319 = ORIENTED_EDGE('',*,*,#1298,.T.);
#1320 = ADVANCED_FACE('',(#1321),#700,.F.);
#1321 = FACE_BOUND('',#1322,.F.);
#1322 = EDGE_LOOP('',(#1323,#1324,#1345,#1346));
#1323 = ORIENTED_EDGE('',*,*,#1082,.F.);
#1324 = ORIENTED_EDGE('',*,*,#1325,.F.);
#1325 = EDGE_CURVE('',#684,#1083,#1326,.T.);
#1326 = SEAM_CURVE('',#1327,(#1331,#1338),.PCURVE_S1.);
#1327 = LINE('',#1328,#1329);
#1328 = CARTESIAN_POINT('',(500.1,32.,1.169E+03));
#1329 = VECTOR('',#1330,1.);
#1330 = DIRECTION('',(0.,0.,1.));
#1331 = PCURVE('',#700,#1332);
#1332 = DEFINITIONAL_REPRESENTATION('',(#1333),#1337);
#1333 = LINE('',#1334,#1335);
#1334 = CARTESIAN_POINT('',(6.28318530718,-0.));
#1335 = VECTOR('',#1336,1.);
#1336 = DIRECTION('',(0.,1.));
#1337 = ( GEOMETRIC_REPRESENTATION_CONTEXT(2) 
PARAMETRIC_REPRESENTATION_CONTEXT() REPRESENTATION_CONTEXT('2D SPACE',''
  ) );
#1338 = PCURVE('',#700,#1339);
#1339 = DEFINITIONAL_REPRESENTATION('',(#1340),#1344);
#1340 = LINE('',#1341,#1342);
#1341 = CARTESIAN_POINT('',(0.,-0.));
#1342 = VECTOR('',#1343,1.);
#1343 = DIRECTION('',(0.,1.));
#1344 = ( GEOMETRIC_REPRESENTATION_CONTEXT(2) 
PARAMETRIC_REPRESENTATION_CONTEXT() REPRESENTATION_CONTEXT('2D SPACE',''
  ) );
#1345 = ORIENTED_EDGE('',*,*,#683,.T.);
#1346 = ORIENTED_EDGE('',*,*,#1325,.T.);
#1347 = ADVANCED_FACE('',(#1348),#731,.F.);
#1348 = FACE_BOUND('',#1349,.F.);
#1349 = EDGE_LOOP('',(#1350,#1351,#1372,#1373));
#1350 = ORIENTED_EDGE('',*,*,#1108,.F.);
#1351 = ORIENTED_EDGE('',*,*,#1352,.F.);
#1352 = EDGE_CURVE('',#715,#1109,#1353,.T.);
#1353 = SEAM_CURVE('',#1354,(#1358,#1365),.PCURVE_S1.);
#1354 = LINE('',#1355,#1356);
#1355 = CARTESIAN_POINT('',(540.1,32.,1.169E+03));
#1356 = VECTOR('',#1357,1.);
#1357 = DIRECTION('',(0.,0.,1.));
#1358 = PCURVE('',#731,#1359);
#1359 = DEFINITIONAL_REPRESENTATION('',(#1360),#1364);
#1360 = LINE('',#1361,#1362);
#1361 = CARTESIAN_POINT('',(6.28318530718,-0.));
#1362 = VECTOR('',#1363,1.);
#1363 = DIRECTION('',(0.,1.));
#1364 = ( GEOMETRIC_REPRESENTATION_CONTEXT(2) 
PARAMETRIC_REPRESENTATION_CONTEXT() REPRESENTATION_CONTEXT('2D SPACE',''
  ) );
#1365 = PCURVE('',#731,#1366);
#1366 = DEFINITIONAL_REPRESENTATION('',(#1367),#1371);
#1367 = LINE('',#1368,#1369);
#1368 = CARTESIAN_POINT('',(0.,-0.));
#1369 = VECTOR('',#1370,1.);
#1370 = DIRECTION('',(0.,1.));
#1371 = ( GEOMETRIC_REPRESENTATION_CONTEXT(2) 
PARAMETRIC_REPRESENTATION_CONTEXT() REPRESENTATION_CONTEXT('2D SPACE',''
  ) );
#1372 = ORIENTED_EDGE('',*,*,#714,.T.);
#1373 = ORIENTED_EDGE('',*,*,#1352,.T.);
#1374 = ADVANCED_FACE('',(#1375,#1381,#1412,#1443,#1474),#814,.F.);
#1375 = FACE_BOUND('',#1376,.F.);
#1376 = EDGE_LOOP('',(#1377,#1378,#1379,#1380));
#1377 = ORIENTED_EDGE('',*,*,#903,.F.);
#1378 = ORIENTED_EDGE('',*,*,#1138,.T.);
#1379 = ORIENTED_EDGE('',*,*,#800,.T.);
#1380 = ORIENTED_EDGE('',*,*,#854,.F.);
#1381 = FACE_BOUND('',#1382,.F.);
#1382 = EDGE_LOOP('',(#1383));
#1383 = ORIENTED_EDGE('',*,*,#1384,.F.);
#1384 = EDGE_CURVE('',#1385,#1385,#1387,.T.);
#1385 = VERTEX_POINT('',#1386);
#1386 = CARTESIAN_POINT('',(387.,57.,1.225E+03));
#1387 = SURFACE_CURVE('',#1388,(#1393,#1400),.PCURVE_S1.);
#1388 = CIRCLE('',#1389,5.);
#1389 = AXIS2_PLACEMENT_3D('',#1390,#1391,#1392);
#1390 = CARTESIAN_POINT('',(387.,57.,1.22E+03));
#1391 = DIRECTION('',(0.,1.,0.));
#1392 = DIRECTION('',(0.,-0.,1.));
#1393 = PCURVE('',#814,#1394);
#1394 = DEFINITIONAL_REPRESENTATION('',(#1395),#1399);
#1395 = CIRCLE('',#1396,5.);
#1396 = AXIS2_PLACEMENT_2D('',#1397,#1398);
#1397 = CARTESIAN_POINT('',(47.,14.));
#1398 = DIRECTION('',(1.,0.));
#1399 = ( GEOMETRIC_REPRESENTATION_CONTEXT(2) 
PARAMETRIC_REPRESENTATION_CONTEXT() REPRESENTATION_CONTEXT('2D SPACE',''
  ) );
#1400 = PCURVE('',#1401,#1406);
#1401 = CYLINDRICAL_SURFACE('',#1402,5.);
#1402 = AXIS2_PLACEMENT_3D('',#1403,#1404,#1405);
#1403 = CARTESIAN_POINT('',(387.,51.,1.22E+03));
#1404 = DIRECTION('',(0.,1.,0.));
#1405 = DIRECTION('',(0.,-0.,1.));
#1406 = DEFINITIONAL_REPRESENTATION('',(#1407),#1411);
#1407 = LINE('',#1408,#1409);
#1408 = CARTESIAN_POINT('',(0.,6.));
#1409 = VECTOR('',#1410,1.);
#1410 = DIRECTION('',(1.,0.));
#1411 = ( GEOMETRIC_REPRESENTATION_CONTEXT(2) 
PARAMETRIC_REPRESENTATION_CONTEXT() REPRESENTATION_CONTEXT('2D SPACE',''
  ) );
#1412 = FACE_BOUND('',#1413,.F.);
#1413 = EDGE_LOOP('',(#1414));
#1414 = ORIENTED_EDGE('',*,*,#1415,.F.);
#1415 = EDGE_CURVE('',#1416,#1416,#1418,.T.);
#1416 = VERTEX_POINT('',#1417);
#1417 = CARTESIAN_POINT('',(387.,57.,1.41E+03));
#1418 = SURFACE_CURVE('',#1419,(#1424,#1431),.PCURVE_S1.);
#1419 = CIRCLE('',#1420,5.);
#1420 = AXIS2_PLACEMENT_3D('',#1421,#1422,#1423);
#1421 = CARTESIAN_POINT('',(387.,57.,1.405E+03));
#1422 = DIRECTION('',(0.,1.,0.));
#1423 = DIRECTION('',(0.,-0.,1.));
#1424 = PCURVE('',#814,#1425);
#1425 = DEFINITIONAL_REPRESENTATION('',(#1426),#1430);
#1426 = CIRCLE('',#1427,5.);
#1427 = AXIS2_PLACEMENT_2D('',#1428,#1429);
#1428 = CARTESIAN_POINT('',(232.,14.));
#1429 = DIRECTION('',(1.,0.));
#1430 = ( GEOMETRIC_REPRESENTATION_CONTEXT(2) 
PARAMETRIC_REPRESENTATION_CONTEXT() REPRESENTATION_CONTEXT('2D SPACE',''
  ) );
#1431 = PCURVE('',#1432,#1437);
#1432 = CYLINDRICAL_SURFACE('',#1433,5.);
#1433 = AXIS2_PLACEMENT_3D('',#1434,#1435,#1436);
#1434 = CARTESIAN_POINT('',(387.,51.,1.405E+03));
#1435 = DIRECTION('',(0.,1.,0.));
#1436 = DIRECTION('',(0.,-0.,1.));
#1437 = DEFINITIONAL_REPRESENTATION('',(#1438),#1442);
#1438 = LINE('',#1439,#1440);
#1439 = CARTESIAN_POINT('',(0.,6.));
#1440 = VECTOR('',#1441,1.);
#1441 = DIRECTION('',(1.,0.));
#1442 = ( GEOMETRIC_REPRESENTATION_CONTEXT(2) 
PARAMETRIC_REPRESENTATION_CONTEXT() REPRESENTATION_CONTEXT('2D SPACE',''
  ) );
#1443 = FACE_BOUND('',#1444,.F.);
#1444 = EDGE_LOOP('',(#1445));
#1445 = ORIENTED_EDGE('',*,*,#1446,.F.);
#1446 = EDGE_CURVE('',#1447,#1447,#1449,.T.);
#1447 = VERTEX_POINT('',#1448);
#1448 = CARTESIAN_POINT('',(553.,57.,1.225E+03));
#1449 = SURFACE_CURVE('',#1450,(#1455,#1462),.PCURVE_S1.);
#1450 = CIRCLE('',#1451,5.);
#1451 = AXIS2_PLACEMENT_3D('',#1452,#1453,#1454);
#1452 = CARTESIAN_POINT('',(553.,57.,1.22E+03));
#1453 = DIRECTION('',(0.,1.,0.));
#1454 = DIRECTION('',(0.,-0.,1.));
#1455 = PCURVE('',#814,#1456);
#1456 = DEFINITIONAL_REPRESENTATION('',(#1457),#1461);
#1457 = CIRCLE('',#1458,5.);
#1458 = AXIS2_PLACEMENT_2D('',#1459,#1460);
#1459 = CARTESIAN_POINT('',(47.,180.));
#1460 = DIRECTION('',(1.,0.));
#1461 = ( GEOMETRIC_REPRESENTATION_CONTEXT(2) 
PARAMETRIC_REPRESENTATION_CONTEXT() REPRESENTATION_CONTEXT('2D SPACE',''
  ) );
#1462 = PCURVE('',#1463,#1468);
#1463 = CYLINDRICAL_SURFACE('',#1464,5.);
#1464 = AXIS2_PLACEMENT_3D('',#1465,#1466,#1467);
#1465 = CARTESIAN_POINT('',(553.,51.,1.22E+03));
#1466 = DIRECTION('',(0.,1.,0.));
#1467 = DIRECTION('',(0.,-0.,1.));
#1468 = DEFINITIONAL_REPRESENTATION('',(#1469),#1473);
#1469 = LINE('',#1470,#1471);
#1470 = CARTESIAN_POINT('',(0.,6.));
#1471 = VECTOR('',#1472,1.);
#1472 = DIRECTION('',(1.,0.));
#1473 = ( GEOMETRIC_REPRESENTATION_CONTEXT(2) 
PARAMETRIC_REPRESENTATION_CONTEXT() REPRESENTATION_CONTEXT('2D SPACE',''
  ) );
#1474 = FACE_BOUND('',#1475,.F.);
#1475 = EDGE_LOOP('',(#1476));
#1476 = ORIENTED_EDGE('',*,*,#1477,.F.);
#1477 = EDGE_CURVE('',#1478,#1478,#1480,.T.);
#1478 = VERTEX_POINT('',#1479);
#1479 = CARTESIAN_POINT('',(553.,57.,1.41E+03));
#1480 = SURFACE_CURVE('',#1481,(#1486,#1493),.PCURVE_S1.);
#1481 = CIRCLE('',#1482,5.);
#1482 = AXIS2_PLACEMENT_3D('',#1483,#1484,#1485);
#1483 = CARTESIAN_POINT('',(553.,57.,1.405E+03));
#1484 = DIRECTION('',(0.,1.,0.));
#1485 = DIRECTION('',(0.,-0.,1.));
#1486 = PCURVE('',#814,#1487);
#1487 = DEFINITIONAL_REPRESENTATION('',(#1488),#1492);
#1488 = CIRCLE('',#1489,5.);
#1489 = AXIS2_PLACEMENT_2D('',#1490,#1491);
#1490 = CARTESIAN_POINT('',(232.,180.));
#1491 = DIRECTION('',(1.,0.));
#1492 = ( GEOMETRIC_REPRESENTATION_CONTEXT(2) 
PARAMETRIC_REPRESENTATION_CONTEXT() REPRESENTATION_CONTEXT('2D SPACE',''
  ) );
#1493 = PCURVE('',#1494,#1499);
#1494 = CYLINDRICAL_SURFACE('',#1495,5.);
#1495 = AXIS2_PLACEMENT_3D('',#1496,#1497,#1498);
#1496 = CARTESIAN_POINT('',(553.,51.,1.405E+03));
#1497 = DIRECTION('',(0.,1.,0.));
#1498 = DIRECTION('',(0.,-0.,1.));
#1499 = DEFINITIONAL_REPRESENTATION('',(#1500),#1504);
#1500 = LINE('',#1501,#1502);
#1501 = CARTESIAN_POINT('',(0.,6.));
#1502 = VECTOR('',#1503,1.);
#1503 = DIRECTION('',(1.,0.));
#1504 = ( GEOMETRIC_REPRESENTATION_CONTEXT(2) 
PARAMETRIC_REPRESENTATION_CONTEXT() REPRESENTATION_CONTEXT('2D SPACE',''
  ) );
#1505 = ADVANCED_FACE('',(#1506),#1401,.T.);
#1506 = FACE_BOUND('',#1507,.T.);
#1507 = EDGE_LOOP('',(#1508,#1509,#1532,#1559));
#1508 = ORIENTED_EDGE('',*,*,#1384,.F.);
#1509 = ORIENTED_EDGE('',*,*,#1510,.F.);
#1510 = EDGE_CURVE('',#1511,#1385,#1513,.T.);
#1511 = VERTEX_POINT('',#1512);
#1512 = CARTESIAN_POINT('',(387.,51.,1.225E+03));
#1513 = SEAM_CURVE('',#1514,(#1518,#1525),.PCURVE_S1.);
#1514 = LINE('',#1515,#1516);
#1515 = CARTESIAN_POINT('',(387.,51.,1.225E+03));
#1516 = VECTOR('',#1517,1.);
#1517 = DIRECTION('',(0.,1.,0.));
#1518 = PCURVE('',#1401,#1519);
#1519 = DEFINITIONAL_REPRESENTATION('',(#1520),#1524);
#1520 = LINE('',#1521,#1522);
#1521 = CARTESIAN_POINT('',(6.28318530718,-0.));
#1522 = VECTOR('',#1523,1.);
#1523 = DIRECTION('',(0.,1.));
#1524 = ( GEOMETRIC_REPRESENTATION_CONTEXT(2) 
PARAMETRIC_REPRESENTATION_CONTEXT() REPRESENTATION_CONTEXT('2D SPACE',''
  ) );
#1525 = PCURVE('',#1401,#1526);
#1526 = DEFINITIONAL_REPRESENTATION('',(#1527),#1531);
#1527 = LINE('',#1528,#1529);
#1528 = CARTESIAN_POINT('',(0.,-0.));
#1529 = VECTOR('',#1530,1.);
#1530 = DIRECTION('',(0.,1.));
#1531 = ( GEOMETRIC_REPRESENTATION_CONTEXT(2) 
PARAMETRIC_REPRESENTATION_CONTEXT() REPRESENTATION_CONTEXT('2D SPACE',''
  ) );
#1532 = ORIENTED_EDGE('',*,*,#1533,.T.);
#1533 = EDGE_CURVE('',#1511,#1511,#1534,.T.);
#1534 = SURFACE_CURVE('',#1535,(#1540,#1547),.PCURVE_S1.);
#1535 = CIRCLE('',#1536,5.);
#1536 = AXIS2_PLACEMENT_3D('',#1537,#1538,#1539);
#1537 = CARTESIAN_POINT('',(387.,51.,1.22E+03));
#1538 = DIRECTION('',(0.,1.,0.));
#1539 = DIRECTION('',(0.,-0.,1.));
#1540 = PCURVE('',#1401,#1541);
#1541 = DEFINITIONAL_REPRESENTATION('',(#1542),#1546);
#1542 = LINE('',#1543,#1544);
#1543 = CARTESIAN_POINT('',(0.,0.));
#1544 = VECTOR('',#1545,1.);
#1545 = DIRECTION('',(1.,0.));
#1546 = ( GEOMETRIC_REPRESENTATION_CONTEXT(2) 
PARAMETRIC_REPRESENTATION_CONTEXT() REPRESENTATION_CONTEXT('2D SPACE',''
  ) );
#1547 = PCURVE('',#1548,#1553);
#1548 = PLANE('',#1549);
#1549 = AXIS2_PLACEMENT_3D('',#1550,#1551,#1552);
#1550 = CARTESIAN_POINT('',(387.,51.,1.22E+03));
#1551 = DIRECTION('',(0.,1.,0.));
#1552 = DIRECTION('',(0.,-0.,1.));
#1553 = DEFINITIONAL_REPRESENTATION('',(#1554),#1558);
#1554 = CIRCLE('',#1555,5.);
#1555 = AXIS2_PLACEMENT_2D('',#1556,#1557);
#1556 = CARTESIAN_POINT('',(0.,0.));
#1557 = DIRECTION('',(1.,0.));
#1558 = ( GEOMETRIC_REPRESENTATION_CONTEXT(2) 
PARAMETRIC_REPRESENTATION_CONTEXT() REPRESENTATION_CONTEXT('2D SPACE',''
  ) );
#1559 = ORIENTED_EDGE('',*,*,#1510,.T.);
#1560 = ADVANCED_FACE('',(#1561),#1432,.T.);
#1561 = FACE_BOUND('',#1562,.T.);
#1562 = EDGE_LOOP('',(#1563,#1564,#1587,#1614));
#1563 = ORIENTED_EDGE('',*,*,#1415,.F.);
#1564 = ORIENTED_EDGE('',*,*,#1565,.F.);
#1565 = EDGE_CURVE('',#1566,#1416,#1568,.T.);
#1566 = VERTEX_POINT('',#1567);
#1567 = CARTESIAN_POINT('',(387.,51.,1.41E+03));
#1568 = SEAM_CURVE('',#1569,(#1573,#1580),.PCURVE_S1.);
#1569 = LINE('',#1570,#1571);
#1570 = CARTESIAN_POINT('',(387.,51.,1.41E+03));
#1571 = VECTOR('',#1572,1.);
#1572 = DIRECTION('',(0.,1.,0.));
#1573 = PCURVE('',#1432,#1574);
#1574 = DEFINITIONAL_REPRESENTATION('',(#1575),#1579);
#1575 = LINE('',#1576,#1577);
#1576 = CARTESIAN_POINT('',(6.28318530718,-0.));
#1577 = VECTOR('',#1578,1.);
#1578 = DIRECTION('',(0.,1.));
#1579 = ( GEOMETRIC_REPRESENTATION_CONTEXT(2) 
PARAMETRIC_REPRESENTATION_CONTEXT() REPRESENTATION_CONTEXT('2D SPACE',''
  ) );
#1580 = PCURVE('',#1432,#1581);
#1581 = DEFINITIONAL_REPRESENTATION('',(#1582),#1586);
#1582 = LINE('',#1583,#1584);
#1583 = CARTESIAN_POINT('',(0.,-0.));
#1584 = VECTOR('',#1585,1.);
#1585 = DIRECTION('',(0.,1.));
#1586 = ( GEOMETRIC_REPRESENTATION_CONTEXT(2) 
PARAMETRIC_REPRESENTATION_CONTEXT() REPRESENTATION_CONTEXT('2D SPACE',''
  ) );
#1587 = ORIENTED_EDGE('',*,*,#1588,.T.);
#1588 = EDGE_CURVE('',#1566,#1566,#1589,.T.);
#1589 = SURFACE_CURVE('',#1590,(#1595,#1602),.PCURVE_S1.);
#1590 = CIRCLE('',#1591,5.);
#1591 = AXIS2_PLACEMENT_3D('',#1592,#1593,#1594);
#1592 = CARTESIAN_POINT('',(387.,51.,1.405E+03));
#1593 = DIRECTION('',(0.,1.,0.));
#1594 = DIRECTION('',(0.,-0.,1.));
#1595 = PCURVE('',#1432,#1596);
#1596 = DEFINITIONAL_REPRESENTATION('',(#1597),#1601);
#1597 = LINE('',#1598,#1599);
#1598 = CARTESIAN_POINT('',(0.,0.));
#1599 = VECTOR('',#1600,1.);
#1600 = DIRECTION('',(1.,0.));
#1601 = ( GEOMETRIC_REPRESENTATION_CONTEXT(2) 
PARAMETRIC_REPRESENTATION_CONTEXT() REPRESENTATION_CONTEXT('2D SPACE',''
  ) );
#1602 = PCURVE('',#1603,#1608);
#1603 = PLANE('',#1604);
#1604 = AXIS2_PLACEMENT_3D('',#1605,#1606,#1607);
#1605 = CARTESIAN_POINT('',(387.,51.,1.405E+03));
#1606 = DIRECTION('',(0.,1.,0.));
#1607 = DIRECTION('',(0.,-0.,1.));
#1608 = DEFINITIONAL_REPRESENTATION('',(#1609),#1613);
#1609 = CIRCLE('',#1610,5.);
#1610 = AXIS2_PLACEMENT_2D('',#1611,#1612);
#1611 = CARTESIAN_POINT('',(0.,0.));
#1612 = DIRECTION('',(1.,0.));
#1613 = ( GEOMETRIC_REPRESENTATION_CONTEXT(2) 
PARAMETRIC_REPRESENTATION_CONTEXT() REPRESENTATION_CONTEXT('2D SPACE',''
  ) );
#1614 = ORIENTED_EDGE('',*,*,#1565,.T.);
#1615 = ADVANCED_FACE('',(#1616),#1463,.T.);
#1616 = FACE_BOUND('',#1617,.T.);
#1617 = EDGE_LOOP('',(#1618,#1619,#1642,#1669));
#1618 = ORIENTED_EDGE('',*,*,#1446,.F.);
#1619 = ORIENTED_EDGE('',*,*,#1620,.F.);
#1620 = EDGE_CURVE('',#1621,#1447,#1623,.T.);
#1621 = VERTEX_POINT('',#1622);
#1622 = CARTESIAN_POINT('',(553.,51.,1.225E+03));
#1623 = SEAM_CURVE('',#1624,(#1628,#1635),.PCURVE_S1.);
#1624 = LINE('',#1625,#1626);
#1625 = CARTESIAN_POINT('',(553.,51.,1.225E+03));
#1626 = VECTOR('',#1627,1.);
#1627 = DIRECTION('',(0.,1.,0.));
#1628 = PCURVE('',#1463,#1629);
#1629 = DEFINITIONAL_REPRESENTATION('',(#1630),#1634);
#1630 = LINE('',#1631,#1632);
#1631 = CARTESIAN_POINT('',(6.28318530718,-0.));
#1632 = VECTOR('',#1633,1.);
#1633 = DIRECTION('',(0.,1.));
#1634 = ( GEOMETRIC_REPRESENTATION_CONTEXT(2) 
PARAMETRIC_REPRESENTATION_CONTEXT() REPRESENTATION_CONTEXT('2D SPACE',''
  ) );
#1635 = PCURVE('',#1463,#1636);
#1636 = DEFINITIONAL_REPRESENTATION('',(#1637),#1641);
#1637 = LINE('',#1638,#1639);
#1638 = CARTESIAN_POINT('',(0.,-0.));
#1639 = VECTOR('',#1640,1.);
#1640 = DIRECTION('',(0.,1.));
#1641 = ( GEOMETRIC_REPRESENTATION_CONTEXT(2) 
PARAMETRIC_REPRESENTATION_CONTEXT() REPRESENTATION_CONTEXT('2D SPACE',''
  ) );
#1642 = ORIENTED_EDGE('',*,*,#1643,.T.);
#1643 = EDGE_CURVE('',#1621,#1621,#1644,.T.);
#1644 = SURFACE_CURVE('',#1645,(#1650,#1657),.PCURVE_S1.);
#1645 = CIRCLE('',#1646,5.);
#1646 = AXIS2_PLACEMENT_3D('',#1647,#1648,#1649);
#1647 = CARTESIAN_POINT('',(553.,51.,1.22E+03));
#1648 = DIRECTION('',(0.,1.,0.));
#1649 = DIRECTION('',(0.,-0.,1.));
#1650 = PCURVE('',#1463,#1651);
#1651 = DEFINITIONAL_REPRESENTATION('',(#1652),#1656);
#1652 = LINE('',#1653,#1654);
#1653 = CARTESIAN_POINT('',(0.,0.));
#1654 = VECTOR('',#1655,1.);
#1655 = DIRECTION('',(1.,0.));
#1656 = ( GEOMETRIC_REPRESENTATION_CONTEXT(2) 
PARAMETRIC_REPRESENTATION_CONTEXT() REPRESENTATION_CONTEXT('2D SPACE',''
  ) );
#1657 = PCURVE('',#1658,#1663);
#1658 = PLANE('',#1659);
#1659 = AXIS2_PLACEMENT_3D('',#1660,#1661,#1662);
#1660 = CARTESIAN_POINT('',(553.,51.,1.22E+03));
#1661 = DIRECTION('',(0.,1.,0.));
#1662 = DIRECTION('',(0.,-0.,1.));
#1663 = DEFINITIONAL_REPRESENTATION('',(#1664),#1668);
#1664 = CIRCLE('',#1665,5.);
#1665 = AXIS2_PLACEMENT_2D('',#1666,#1667);
#1666 = CARTESIAN_POINT('',(0.,0.));
#1667 = DIRECTION('',(1.,0.));
#1668 = ( GEOMETRIC_REPRESENTATION_CONTEXT(2) 
PARAMETRIC_REPRESENTATION_CONTEXT() REPRESENTATION_CONTEXT('2D SPACE',''
  ) );
#1669 = ORIENTED_EDGE('',*,*,#1620,.T.);
#1670 = ADVANCED_FACE('',(#1671),#1494,.T.);
#1671 = FACE_BOUND('',#1672,.T.);
#1672 = EDGE_LOOP('',(#1673,#1674,#1697,#1724));
#1673 = ORIENTED_EDGE('',*,*,#1477,.F.);
#1674 = ORIENTED_EDGE('',*,*,#1675,.F.);
#1675 = EDGE_CURVE('',#1676,#1478,#1678,.T.);
#1676 = VERTEX_POINT('',#1677);
#1677 = CARTESIAN_POINT('',(553.,51.,1.41E+03));
#1678 = SEAM_CURVE('',#1679,(#1683,#1690),.PCURVE_S1.);
#1679 = LINE('',#1680,#1681);
#1680 = CARTESIAN_POINT('',(553.,51.,1.41E+03));
#1681 = VECTOR('',#1682,1.);
#1682 = DIRECTION('',(0.,1.,0.));
#1683 = PCURVE('',#1494,#1684);
#1684 = DEFINITIONAL_REPRESENTATION('',(#1685),#1689);
#1685 = LINE('',#1686,#1687);
#1686 = CARTESIAN_POINT('',(6.28318530718,-0.));
#1687 = VECTOR('',#1688,1.);
#1688 = DIRECTION('',(0.,1.));
#1689 = ( GEOMETRIC_REPRESENTATION_CONTEXT(2) 
PARAMETRIC_REPRESENTATION_CONTEXT() REPRESENTATION_CONTEXT('2D SPACE',''
  ) );
#1690 = PCURVE('',#1494,#1691);
#1691 = DEFINITIONAL_REPRESENTATION('',(#1692),#1696);
#1692 = LINE('',#1693,#1694);
#1693 = CARTESIAN_POINT('',(0.,-0.));
#1694 = VECTOR('',#1695,1.);
#1695 = DIRECTION('',(0.,1.));
#1696 = ( GEOMETRIC_REPRESENTATION_CONTEXT(2) 
PARAMETRIC_REPRESENTATION_CONTEXT() REPRESENTATION_CONTEXT('2D SPACE',''
  ) );
#1697 = ORIENTED_EDGE('',*,*,#1698,.T.);
#1698 = EDGE_CURVE('',#1676,#1676,#1699,.T.);
#1699 = SURFACE_CURVE('',#1700,(#1705,#1712),.PCURVE_S1.);
#1700 = CIRCLE('',#1701,5.);
#1701 = AXIS2_PLACEMENT_3D('',#1702,#1703,#1704);
#1702 = CARTESIAN_POINT('',(553.,51.,1.405E+03));
#1703 = DIRECTION('',(0.,1.,0.));
#1704 = DIRECTION('',(0.,-0.,1.));
#1705 = PCURVE('',#1494,#1706);
#1706 = DEFINITIONAL_REPRESENTATION('',(#1707),#1711);
#1707 = LINE('',#1708,#1709);
#1708 = CARTESIAN_POINT('',(0.,0.));
#1709 = VECTOR('',#1710,1.);
#1710 = DIRECTION('',(1.,0.));
#1711 = ( GEOMETRIC_REPRESENTATION_CONTEXT(2) 
PARAMETRIC_REPRESENTATION_CONTEXT() REPRESENTATION_CONTEXT('2D SPACE',''
  ) );
#1712 = PCURVE('',#1713,#1718);
#1713 = PLANE('',#1714);
#1714 = AXIS2_PLACEMENT_3D('',#1715,#1716,#1717);
#1715 = CARTESIAN_POINT('',(553.,51.,1.405E+03));
#1716 = DIRECTION('',(0.,1.,0.));
#1717 = DIRECTION('',(0.,-0.,1.));
#1718 = DEFINITIONAL_REPRESENTATION('',(#1719),#1723);
#1719 = CIRCLE('',#1720,5.);
#1720 = AXIS2_PLACEMENT_2D('',#1721,#1722);
#1721 = CARTESIAN_POINT('',(0.,0.));
#1722 = DIRECTION('',(1.,0.));
#1723 = ( GEOMETRIC_REPRESENTATION_CONTEXT(2) 
PARAMETRIC_REPRESENTATION_CONTEXT() REPRESENTATION_CONTEXT('2D SPACE',''
  ) );
#1724 = ORIENTED_EDGE('',*,*,#1675,.T.);
#1725 = ADVANCED_FACE('',(#1726,#1729),#1548,.F.);
#1726 = FACE_BOUND('',#1727,.F.);
#1727 = EDGE_LOOP('',(#1728));
#1728 = ORIENTED_EDGE('',*,*,#1533,.T.);
#1729 = FACE_BOUND('',#1730,.F.);
#1730 = EDGE_LOOP('',(#1731));
#1731 = ORIENTED_EDGE('',*,*,#1732,.F.);
#1732 = EDGE_CURVE('',#1733,#1733,#1735,.T.);
#1733 = VERTEX_POINT('',#1734);
#1734 = CARTESIAN_POINT('',(387.,51.,1.222E+03));
#1735 = SURFACE_CURVE('',#1736,(#1741,#1748),.PCURVE_S1.);
#1736 = CIRCLE('',#1737,2.);
#1737 = AXIS2_PLACEMENT_3D('',#1738,#1739,#1740);
#1738 = CARTESIAN_POINT('',(387.,51.,1.22E+03));
#1739 = DIRECTION('',(0.,1.,0.));
#1740 = DIRECTION('',(0.,-0.,1.));
#1741 = PCURVE('',#1548,#1742);
#1742 = DEFINITIONAL_REPRESENTATION('',(#1743),#1747);
#1743 = CIRCLE('',#1744,2.);
#1744 = AXIS2_PLACEMENT_2D('',#1745,#1746);
#1745 = CARTESIAN_POINT('',(0.,0.));
#1746 = DIRECTION('',(1.,0.));
#1747 = ( GEOMETRIC_REPRESENTATION_CONTEXT(2) 
PARAMETRIC_REPRESENTATION_CONTEXT() REPRESENTATION_CONTEXT('2D SPACE',''
  ) );
#1748 = PCURVE('',#1749,#1754);
#1749 = CYLINDRICAL_SURFACE('',#1750,2.);
#1750 = AXIS2_PLACEMENT_3D('',#1751,#1752,#1753);
#1751 = CARTESIAN_POINT('',(387.,50.,1.22E+03));
#1752 = DIRECTION('',(0.,1.,0.));
#1753 = DIRECTION('',(0.,-0.,1.));
#1754 = DEFINITIONAL_REPRESENTATION('',(#1755),#1759);
#1755 = LINE('',#1756,#1757);
#1756 = CARTESIAN_POINT('',(0.,1.));
#1757 = VECTOR('',#1758,1.);
#1758 = DIRECTION('',(1.,0.));
#1759 = ( GEOMETRIC_REPRESENTATION_CONTEXT(2) 
PARAMETRIC_REPRESENTATION_CONTEXT() REPRESENTATION_CONTEXT('2D SPACE',''
  ) );
#1760 = ADVANCED_FACE('',(#1761,#1764),#1603,.F.);
#1761 = FACE_BOUND('',#1762,.F.);
#1762 = EDGE_LOOP('',(#1763));
#1763 = ORIENTED_EDGE('',*,*,#1588,.T.);
#1764 = FACE_BOUND('',#1765,.F.);
#1765 = EDGE_LOOP('',(#1766));
#1766 = ORIENTED_EDGE('',*,*,#1767,.F.);
#1767 = EDGE_CURVE('',#1768,#1768,#1770,.T.);
#1768 = VERTEX_POINT('',#1769);
#1769 = CARTESIAN_POINT('',(387.,51.,1.407E+03));
#1770 = SURFACE_CURVE('',#1771,(#1776,#1783),.PCURVE_S1.);
#1771 = CIRCLE('',#1772,2.);
#1772 = AXIS2_PLACEMENT_3D('',#1773,#1774,#1775);
#1773 = CARTESIAN_POINT('',(387.,51.,1.405E+03));
#1774 = DIRECTION('',(0.,1.,0.));
#1775 = DIRECTION('',(0.,-0.,1.));
#1776 = PCURVE('',#1603,#1777);
#1777 = DEFINITIONAL_REPRESENTATION('',(#1778),#1782);
#1778 = CIRCLE('',#1779,2.);
#1779 = AXIS2_PLACEMENT_2D('',#1780,#1781);
#1780 = CARTESIAN_POINT('',(0.,0.));
#1781 = DIRECTION('',(1.,0.));
#1782 = ( GEOMETRIC_REPRESENTATION_CONTEXT(2) 
PARAMETRIC_REPRESENTATION_CONTEXT() REPRESENTATION_CONTEXT('2D SPACE',''
  ) );
#1783 = PCURVE('',#1784,#1789);
#1784 = CYLINDRICAL_SURFACE('',#1785,2.);
#1785 = AXIS2_PLACEMENT_3D('',#1786,#1787,#1788);
#1786 = CARTESIAN_POINT('',(387.,50.,1.405E+03));
#1787 = DIRECTION('',(0.,1.,0.));
#1788 = DIRECTION('',(0.,-0.,1.));
#1789 = DEFINITIONAL_REPRESENTATION('',(#1790),#1794);
#1790 = LINE('',#1791,#1792);
#1791 = CARTESIAN_POINT('',(0.,1.));
#1792 = VECTOR('',#1793,1.);
#1793 = DIRECTION('',(1.,0.));
#1794 = ( GEOMETRIC_REPRESENTATION_CONTEXT(2) 
PARAMETRIC_REPRESENTATION_CONTEXT() REPRESENTATION_CONTEXT('2D SPACE',''
  ) );
#1795 = ADVANCED_FACE('',(#1796,#1799),#1658,.F.);
#1796 = FACE_BOUND('',#1797,.F.);
#1797 = EDGE_LOOP('',(#1798));
#1798 = ORIENTED_EDGE('',*,*,#1643,.T.);
#1799 = FACE_BOUND('',#1800,.F.);
#1800 = EDGE_LOOP('',(#1801));
#1801 = ORIENTED_EDGE('',*,*,#1802,.F.);
#1802 = EDGE_CURVE('',#1803,#1803,#1805,.T.);
#1803 = VERTEX_POINT('',#1804);
#1804 = CARTESIAN_POINT('',(553.,51.,1.222E+03));
#1805 = SURFACE_CURVE('',#1806,(#1811,#1818),.PCURVE_S1.);
#1806 = CIRCLE('',#1807,2.);
#1807 = AXIS2_PLACEMENT_3D('',#1808,#1809,#1810);
#1808 = CARTESIAN_POINT('',(553.,51.,1.22E+03));
#1809 = DIRECTION('',(0.,1.,0.));
#1810 = DIRECTION('',(0.,-0.,1.));
#1811 = PCURVE('',#1658,#1812);
#1812 = DEFINITIONAL_REPRESENTATION('',(#1813),#1817);
#1813 = CIRCLE('',#1814,2.);
#1814 = AXIS2_PLACEMENT_2D('',#1815,#1816);
#1815 = CARTESIAN_POINT('',(0.,0.));
#1816 = DIRECTION('',(1.,0.));
#1817 = ( GEOMETRIC_REPRESENTATION_CONTEXT(2) 
PARAMETRIC_REPRESENTATION_CONTEXT() REPRESENTATION_CONTEXT('2D SPACE',''
  ) );
#1818 = PCURVE('',#1819,#1824);
#1819 = CYLINDRICAL_SURFACE('',#1820,2.);
#1820 = AXIS2_PLACEMENT_3D('',#1821,#1822,#1823);
#1821 = CARTESIAN_POINT('',(553.,50.,1.22E+03));
#1822 = DIRECTION('',(0.,1.,0.));
#1823 = DIRECTION('',(0.,-0.,1.));
#1824 = DEFINITIONAL_REPRESENTATION('',(#1825),#1829);
#1825 = LINE('',#1826,#1827);
#1826 = CARTESIAN_POINT('',(0.,1.));
#1827 = VECTOR('',#1828,1.);
#1828 = DIRECTION('',(1.,0.));
#1829 = ( GEOMETRIC_REPRESENTATION_CONTEXT(2) 
PARAMETRIC_REPRESENTATION_CONTEXT() REPRESENTATION_CONTEXT('2D SPACE',''
  ) );
#1830 = ADVANCED_FACE('',(#1831,#1834),#1713,.F.);
#1831 = FACE_BOUND('',#1832,.F.);
#1832 = EDGE_LOOP('',(#1833));
#1833 = ORIENTED_EDGE('',*,*,#1698,.T.);
#1834 = FACE_BOUND('',#1835,.F.);
#1835 = EDGE_LOOP('',(#1836));
#1836 = ORIENTED_EDGE('',*,*,#1837,.F.);
#1837 = EDGE_CURVE('',#1838,#1838,#1840,.T.);
#1838 = VERTEX_POINT('',#1839);
#1839 = CARTESIAN_POINT('',(553.,51.,1.407E+03));
#1840 = SURFACE_CURVE('',#1841,(#1846,#1853),.PCURVE_S1.);
#1841 = CIRCLE('',#1842,2.);
#1842 = AXIS2_PLACEMENT_3D('',#1843,#1844,#1845);
#1843 = CARTESIAN_POINT('',(553.,51.,1.405E+03));
#1844 = DIRECTION('',(0.,1.,0.));
#1845 = DIRECTION('',(0.,-0.,1.));
#1846 = PCURVE('',#1713,#1847);
#1847 = DEFINITIONAL_REPRESENTATION('',(#1848),#1852);
#1848 = CIRCLE('',#1849,2.);
#1849 = AXIS2_PLACEMENT_2D('',#1850,#1851);
#1850 = CARTESIAN_POINT('',(0.,0.));
#1851 = DIRECTION('',(1.,0.));
#1852 = ( GEOMETRIC_REPRESENTATION_CONTEXT(2) 
PARAMETRIC_REPRESENTATION_CONTEXT() REPRESENTATION_CONTEXT('2D SPACE',''
  ) );
#1853 = PCURVE('',#1854,#1859);
#1854 = CYLINDRICAL_SURFACE('',#1855,2.);
#1855 = AXIS2_PLACEMENT_3D('',#1856,#1857,#1858);
#1856 = CARTESIAN_POINT('',(553.,50.,1.405E+03));
#1857 = DIRECTION('',(0.,1.,0.));
#1858 = DIRECTION('',(0.,-0.,1.));
#1859 = DEFINITIONAL_REPRESENTATION('',(#1860),#1864);
#1860 = LINE('',#1861,#1862);
#1861 = CARTESIAN_POINT('',(0.,1.));
#1862 = VECTOR('',#1863,1.);
#1863 = DIRECTION('',(1.,0.));
#1864 = ( GEOMETRIC_REPRESENTATION_CONTEXT(2) 
PARAMETRIC_REPRESENTATION_CONTEXT() REPRESENTATION_CONTEXT('2D SPACE',''
  ) );
#1865 = ADVANCED_FACE('',(#1866),#1749,.F.);
#1866 = FACE_BOUND('',#1867,.F.);
#1867 = EDGE_LOOP('',(#1868,#1891,#1918,#1919));
#1868 = ORIENTED_EDGE('',*,*,#1869,.T.);
#1869 = EDGE_CURVE('',#1733,#1870,#1872,.T.);
#1870 = VERTEX_POINT('',#1871);
#1871 = CARTESIAN_POINT('',(387.,57.,1.222E+03));
#1872 = SEAM_CURVE('',#1873,(#1877,#1884),.PCURVE_S1.);
#1873 = LINE('',#1874,#1875);
#1874 = CARTESIAN_POINT('',(387.,50.,1.222E+03));
#1875 = VECTOR('',#1876,1.);
#1876 = DIRECTION('',(0.,1.,0.));
#1877 = PCURVE('',#1749,#1878);
#1878 = DEFINITIONAL_REPRESENTATION('',(#1879),#1883);
#1879 = LINE('',#1880,#1881);
#1880 = CARTESIAN_POINT('',(6.28318530718,-0.));
#1881 = VECTOR('',#1882,1.);
#1882 = DIRECTION('',(0.,1.));
#1883 = ( GEOMETRIC_REPRESENTATION_CONTEXT(2) 
PARAMETRIC_REPRESENTATION_CONTEXT() REPRESENTATION_CONTEXT('2D SPACE',''
  ) );
#1884 = PCURVE('',#1749,#1885);
#1885 = DEFINITIONAL_REPRESENTATION('',(#1886),#1890);
#1886 = LINE('',#1887,#1888);
#1887 = CARTESIAN_POINT('',(0.,-0.));
#1888 = VECTOR('',#1889,1.);
#1889 = DIRECTION('',(0.,1.));
#1890 = ( GEOMETRIC_REPRESENTATION_CONTEXT(2) 
PARAMETRIC_REPRESENTATION_CONTEXT() REPRESENTATION_CONTEXT('2D SPACE',''
  ) );
#1891 = ORIENTED_EDGE('',*,*,#1892,.F.);
#1892 = EDGE_CURVE('',#1870,#1870,#1893,.T.);
#1893 = SURFACE_CURVE('',#1894,(#1899,#1906),.PCURVE_S1.);
#1894 = CIRCLE('',#1895,2.);
#1895 = AXIS2_PLACEMENT_3D('',#1896,#1897,#1898);
#1896 = CARTESIAN_POINT('',(387.,57.,1.22E+03));
#1897 = DIRECTION('',(0.,1.,0.));
#1898 = DIRECTION('',(0.,-0.,1.));
#1899 = PCURVE('',#1749,#1900);
#1900 = DEFINITIONAL_REPRESENTATION('',(#1901),#1905);
#1901 = LINE('',#1902,#1903);
#1902 = CARTESIAN_POINT('',(0.,7.));
#1903 = VECTOR('',#1904,1.);
#1904 = DIRECTION('',(1.,0.));
#1905 = ( GEOMETRIC_REPRESENTATION_CONTEXT(2) 
PARAMETRIC_REPRESENTATION_CONTEXT() REPRESENTATION_CONTEXT('2D SPACE',''
  ) );
#1906 = PCURVE('',#1907,#1912);
#1907 = PLANE('',#1908);
#1908 = AXIS2_PLACEMENT_3D('',#1909,#1910,#1911);
#1909 = CARTESIAN_POINT('',(387.,57.,1.22E+03));
#1910 = DIRECTION('',(0.,1.,0.));
#1911 = DIRECTION('',(0.,-0.,1.));
#1912 = DEFINITIONAL_REPRESENTATION('',(#1913),#1917);
#1913 = CIRCLE('',#1914,2.);
#1914 = AXIS2_PLACEMENT_2D('',#1915,#1916);
#1915 = CARTESIAN_POINT('',(0.,0.));
#1916 = DIRECTION('',(1.,0.));
#1917 = ( GEOMETRIC_REPRESENTATION_CONTEXT(2) 
PARAMETRIC_REPRESENTATION_CONTEXT() REPRESENTATION_CONTEXT('2D SPACE',''
  ) );
#1918 = ORIENTED_EDGE('',*,*,#1869,.F.);
#1919 = ORIENTED_EDGE('',*,*,#1732,.T.);
#1920 = ADVANCED_FACE('',(#1921),#1784,.F.);
#1921 = FACE_BOUND('',#1922,.F.);
#1922 = EDGE_LOOP('',(#1923,#1946,#1973,#1974));
#1923 = ORIENTED_EDGE('',*,*,#1924,.T.);
#1924 = EDGE_CURVE('',#1768,#1925,#1927,.T.);
#1925 = VERTEX_POINT('',#1926);
#1926 = CARTESIAN_POINT('',(387.,57.,1.407E+03));
#1927 = SEAM_CURVE('',#1928,(#1932,#1939),.PCURVE_S1.);
#1928 = LINE('',#1929,#1930);
#1929 = CARTESIAN_POINT('',(387.,50.,1.407E+03));
#1930 = VECTOR('',#1931,1.);
#1931 = DIRECTION('',(0.,1.,0.));
#1932 = PCURVE('',#1784,#1933);
#1933 = DEFINITIONAL_REPRESENTATION('',(#1934),#1938);
#1934 = LINE('',#1935,#1936);
#1935 = CARTESIAN_POINT('',(6.28318530718,-0.));
#1936 = VECTOR('',#1937,1.);
#1937 = DIRECTION('',(0.,1.));
#1938 = ( GEOMETRIC_REPRESENTATION_CONTEXT(2) 
PARAMETRIC_REPRESENTATION_CONTEXT() REPRESENTATION_CONTEXT('2D SPACE',''
  ) );
#1939 = PCURVE('',#1784,#1940);
#1940 = DEFINITIONAL_REPRESENTATION('',(#1941),#1945);
#1941 = LINE('',#1942,#1943);
#1942 = CARTESIAN_POINT('',(0.,-0.));
#1943 = VECTOR('',#1944,1.);
#1944 = DIRECTION('',(0.,1.));
#1945 = ( GEOMETRIC_REPRESENTATION_CONTEXT(2) 
PARAMETRIC_REPRESENTATION_CONTEXT() REPRESENTATION_CONTEXT('2D SPACE',''
  ) );
#1946 = ORIENTED_EDGE('',*,*,#1947,.F.);
#1947 = EDGE_CURVE('',#1925,#1925,#1948,.T.);
#1948 = SURFACE_CURVE('',#1949,(#1954,#1961),.PCURVE_S1.);
#1949 = CIRCLE('',#1950,2.);
#1950 = AXIS2_PLACEMENT_3D('',#1951,#1952,#1953);
#1951 = CARTESIAN_POINT('',(387.,57.,1.405E+03));
#1952 = DIRECTION('',(0.,1.,0.));
#1953 = DIRECTION('',(0.,-0.,1.));
#1954 = PCURVE('',#1784,#1955);
#1955 = DEFINITIONAL_REPRESENTATION('',(#1956),#1960);
#1956 = LINE('',#1957,#1958);
#1957 = CARTESIAN_POINT('',(0.,7.));
#1958 = VECTOR('',#1959,1.);
#1959 = DIRECTION('',(1.,0.));
#1960 = ( GEOMETRIC_REPRESENTATION_CONTEXT(2) 
PARAMETRIC_REPRESENTATION_CONTEXT() REPRESENTATION_CONTEXT('2D SPACE',''
  ) );
#1961 = PCURVE('',#1962,#1967);
#1962 = PLANE('',#1963);
#1963 = AXIS2_PLACEMENT_3D('',#1964,#1965,#1966);
#1964 = CARTESIAN_POINT('',(387.,57.,1.405E+03));
#1965 = DIRECTION('',(0.,1.,0.));
#1966 = DIRECTION('',(0.,-0.,1.));
#1967 = DEFINITIONAL_REPRESENTATION('',(#1968),#1972);
#1968 = CIRCLE('',#1969,2.);
#1969 = AXIS2_PLACEMENT_2D('',#1970,#1971);
#1970 = CARTESIAN_POINT('',(0.,0.));
#1971 = DIRECTION('',(1.,0.));
#1972 = ( GEOMETRIC_REPRESENTATION_CONTEXT(2) 
PARAMETRIC_REPRESENTATION_CONTEXT() REPRESENTATION_CONTEXT('2D SPACE',''
  ) );
#1973 = ORIENTED_EDGE('',*,*,#1924,.F.);
#1974 = ORIENTED_EDGE('',*,*,#1767,.T.);
#1975 = ADVANCED_FACE('',(#1976),#1819,.F.);
#1976 = FACE_BOUND('',#1977,.F.);
#1977 = EDGE_LOOP('',(#1978,#2001,#2028,#2029));
#1978 = ORIENTED_EDGE('',*,*,#1979,.T.);
#1979 = EDGE_CURVE('',#1803,#1980,#1982,.T.);
#1980 = VERTEX_POINT('',#1981);
#1981 = CARTESIAN_POINT('',(553.,57.,1.222E+03));
#1982 = SEAM_CURVE('',#1983,(#1987,#1994),.PCURVE_S1.);
#1983 = LINE('',#1984,#1985);
#1984 = CARTESIAN_POINT('',(553.,50.,1.222E+03));
#1985 = VECTOR('',#1986,1.);
#1986 = DIRECTION('',(0.,1.,0.));
#1987 = PCURVE('',#1819,#1988);
#1988 = DEFINITIONAL_REPRESENTATION('',(#1989),#1993);
#1989 = LINE('',#1990,#1991);
#1990 = CARTESIAN_POINT('',(6.28318530718,-0.));
#1991 = VECTOR('',#1992,1.);
#1992 = DIRECTION('',(0.,1.));
#1993 = ( GEOMETRIC_REPRESENTATION_CONTEXT(2) 
PARAMETRIC_REPRESENTATION_CONTEXT() REPRESENTATION_CONTEXT('2D SPACE',''
  ) );
#1994 = PCURVE('',#1819,#1995);
#1995 = DEFINITIONAL_REPRESENTATION('',(#1996),#2000);
#1996 = LINE('',#1997,#1998);
#1997 = CARTESIAN_POINT('',(0.,-0.));
#1998 = VECTOR('',#1999,1.);
#1999 = DIRECTION('',(0.,1.));
#2000 = ( GEOMETRIC_REPRESENTATION_CONTEXT(2) 
PARAMETRIC_REPRESENTATION_CONTEXT() REPRESENTATION_CONTEXT('2D SPACE',''
  ) );
#2001 = ORIENTED_EDGE('',*,*,#2002,.F.);
#2002 = EDGE_CURVE('',#1980,#1980,#2003,.T.);
#2003 = SURFACE_CURVE('',#2004,(#2009,#2016),.PCURVE_S1.);
#2004 = CIRCLE('',#2005,2.);
#2005 = AXIS2_PLACEMENT_3D('',#2006,#2007,#2008);
#2006 = CARTESIAN_POINT('',(553.,57.,1.22E+03));
#2007 = DIRECTION('',(0.,1.,0.));
#2008 = DIRECTION('',(0.,-0.,1.));
#2009 = PCURVE('',#1819,#2010);
#2010 = DEFINITIONAL_REPRESENTATION('',(#2011),#2015);
#2011 = LINE('',#2012,#2013);
#2012 = CARTESIAN_POINT('',(0.,7.));
#2013 = VECTOR('',#2014,1.);
#2014 = DIRECTION('',(1.,0.));
#2015 = ( GEOMETRIC_REPRESENTATION_CONTEXT(2) 
PARAMETRIC_REPRESENTATION_CONTEXT() REPRESENTATION_CONTEXT('2D SPACE',''
  ) );
#2016 = PCURVE('',#2017,#2022);
#2017 = PLANE('',#2018);
#2018 = AXIS2_PLACEMENT_3D('',#2019,#2020,#2021);
#2019 = CARTESIAN_POINT('',(553.,57.,1.22E+03));
#2020 = DIRECTION('',(0.,1.,0.));
#2021 = DIRECTION('',(0.,-0.,1.));
#2022 = DEFINITIONAL_REPRESENTATION('',(#2023),#2027);
#2023 = CIRCLE('',#2024,2.);
#2024 = AXIS2_PLACEMENT_2D('',#2025,#2026);
#2025 = CARTESIAN_POINT('',(0.,0.));
#2026 = DIRECTION('',(1.,0.));
#2027 = ( GEOMETRIC_REPRESENTATION_CONTEXT(2) 
PARAMETRIC_REPRESENTATION_CONTEXT() REPRESENTATION_CONTEXT('2D SPACE',''
  ) );
#2028 = ORIENTED_EDGE('',*,*,#1979,.F.);
#2029 = ORIENTED_EDGE('',*,*,#1802,.T.);
#2030 = ADVANCED_FACE('',(#2031),#1854,.F.);
#2031 = FACE_BOUND('',#2032,.F.);
#2032 = EDGE_LOOP('',(#2033,#2056,#2083,#2084));
#2033 = ORIENTED_EDGE('',*,*,#2034,.T.);
#2034 = EDGE_CURVE('',#1838,#2035,#2037,.T.);
#2035 = VERTEX_POINT('',#2036);
#2036 = CARTESIAN_POINT('',(553.,57.,1.407E+03));
#2037 = SEAM_CURVE('',#2038,(#2042,#2049),.PCURVE_S1.);
#2038 = LINE('',#2039,#2040);
#2039 = CARTESIAN_POINT('',(553.,50.,1.407E+03));
#2040 = VECTOR('',#2041,1.);
#2041 = DIRECTION('',(0.,1.,0.));
#2042 = PCURVE('',#1854,#2043);
#2043 = DEFINITIONAL_REPRESENTATION('',(#2044),#2048);
#2044 = LINE('',#2045,#2046);
#2045 = CARTESIAN_POINT('',(6.28318530718,-0.));
#2046 = VECTOR('',#2047,1.);
#2047 = DIRECTION('',(0.,1.));
#2048 = ( GEOMETRIC_REPRESENTATION_CONTEXT(2) 
PARAMETRIC_REPRESENTATION_CONTEXT() REPRESENTATION_CONTEXT('2D SPACE',''
  ) );
#2049 = PCURVE('',#1854,#2050);
#2050 = DEFINITIONAL_REPRESENTATION('',(#2051),#2055);
#2051 = LINE('',#2052,#2053);
#2052 = CARTESIAN_POINT('',(0.,-0.));
#2053 = VECTOR('',#2054,1.);
#2054 = DIRECTION('',(0.,1.));
#2055 = ( GEOMETRIC_REPRESENTATION_CONTEXT(2) 
PARAMETRIC_REPRESENTATION_CONTEXT() REPRESENTATION_CONTEXT('2D SPACE',''
  ) );
#2056 = ORIENTED_EDGE('',*,*,#2057,.F.);
#2057 = EDGE_CURVE('',#2035,#2035,#2058,.T.);
#2058 = SURFACE_CURVE('',#2059,(#2064,#2071),.PCURVE_S1.);
#2059 = CIRCLE('',#2060,2.);
#2060 = AXIS2_PLACEMENT_3D('',#2061,#2062,#2063);
#2061 = CARTESIAN_POINT('',(553.,57.,1.405E+03));
#2062 = DIRECTION('',(0.,1.,0.));
#2063 = DIRECTION('',(0.,-0.,1.));
#2064 = PCURVE('',#1854,#2065);
#2065 = DEFINITIONAL_REPRESENTATION('',(#2066),#2070);
#2066 = LINE('',#2067,#2068);
#2067 = CARTESIAN_POINT('',(0.,7.));
#2068 = VECTOR('',#2069,1.);
#2069 = DIRECTION('',(1.,0.));
#2070 = ( GEOMETRIC_REPRESENTATION_CONTEXT(2) 
PARAMETRIC_REPRESENTATION_CONTEXT() REPRESENTATION_CONTEXT('2D SPACE',''
  ) );
#2071 = PCURVE('',#2072,#2077);
#2072 = PLANE('',#2073);
#2073 = AXIS2_PLACEMENT_3D('',#2074,#2075,#2076);
#2074 = CARTESIAN_POINT('',(553.,57.,1.405E+03));
#2075 = DIRECTION('',(0.,1.,0.));
#2076 = DIRECTION('',(0.,-0.,1.));
#2077 = DEFINITIONAL_REPRESENTATION('',(#2078),#2082);
#2078 = CIRCLE('',#2079,2.);
#2079 = AXIS2_PLACEMENT_2D('',#2080,#2081);
#2080 = CARTESIAN_POINT('',(0.,0.));
#2081 = DIRECTION('',(1.,0.));
#2082 = ( GEOMETRIC_REPRESENTATION_CONTEXT(2) 
PARAMETRIC_REPRESENTATION_CONTEXT() REPRESENTATION_CONTEXT('2D SPACE',''
  ) );
#2083 = ORIENTED_EDGE('',*,*,#2034,.F.);
#2084 = ORIENTED_EDGE('',*,*,#1837,.T.);
#2085 = ADVANCED_FACE('',(#2086),#1907,.F.);
#2086 = FACE_BOUND('',#2087,.F.);
#2087 = EDGE_LOOP('',(#2088));
#2088 = ORIENTED_EDGE('',*,*,#1892,.T.);
#2089 = ADVANCED_FACE('',(#2090),#1962,.F.);
#2090 = FACE_BOUND('',#2091,.F.);
#2091 = EDGE_LOOP('',(#2092));
#2092 = ORIENTED_EDGE('',*,*,#1947,.T.);
#2093 = ADVANCED_FACE('',(#2094),#2017,.F.);
#2094 = FACE_BOUND('',#2095,.F.);
#2095 = EDGE_LOOP('',(#2096));
#2096 = ORIENTED_EDGE('',*,*,#2002,.T.);
#2097 = ADVANCED_FACE('',(#2098),#2072,.F.);
#2098 = FACE_BOUND('',#2099,.F.);
#2099 = EDGE_LOOP('',(#2100));
#2100 = ORIENTED_EDGE('',*,*,#2057,.T.);
#2101 = ( GEOMETRIC_REPRESENTATION_CONTEXT(3) 
GLOBAL_UNCERTAINTY_ASSIGNED_CONTEXT((#2105)) 
GLOBAL_UNIT_ASSIGNED_CONTEXT((#2102,#2103,#2104)) REPRESENTATION_CONTEXT
('Context #1','3D Context with UNIT and UNCERTAINTY') );
#2102 = ( LENGTH_UNIT() NAMED_UNIT(*) SI_UNIT(.MILLI.,.METRE.) );
#2103 = ( NAMED_UNIT(*) PLANE_ANGLE_UNIT() SI_UNIT($,.RADIAN.) );
#2104 = ( NAMED_UNIT(*) SI_UNIT($,.STERADIAN.) SOLID_ANGLE_UNIT() );
#2105 = UNCERTAINTY_MEASURE_WITH_UNIT(LENGTH_MEASURE(1.E-07),#2102,
  'distance_accuracy_value','confusion accuracy');
#2106 = CONTEXT_DEPENDENT_SHAPE_REPRESENTATION(#2107,#2109);
#2107 = ( REPRESENTATION_RELATIONSHIP('','',#64,#10) 
REPRESENTATION_RELATIONSHIP_WITH_TRANSFORMATION(#2108) 
SHAPE_REPRESENTATION_RELATIONSHIP() );
#2108 = ITEM_DEFINED_TRANSFORMATION('','',#11,#15);
#2109 = PRODUCT_DEFINITION_SHAPE('Placement','Placement of an item',
  #2110);
#2110 = NEXT_ASSEMBLY_USAGE_OCCURRENCE('28','=>[0:1:1:2]','',#5,#59,$);
#2111 = PRODUCT_RELATED_PRODUCT_CATEGORY('part',$,(#61));
#2112 = SHAPE_DEFINITION_REPRESENTATION(#2113,#2119);
#2113 = PRODUCT_DEFINITION_SHAPE('','',#2114);
#2114 = PRODUCT_DEFINITION('design','',#2115,#2118);
#2115 = PRODUCT_DEFINITION_FORMATION('','',#2116);
#2116 = PRODUCT('COMPOUND','COMPOUND','',(#2117));
#2117 = PRODUCT_CONTEXT('',#2,'mechanical');
#2118 = PRODUCT_DEFINITION_CONTEXT('part definition',#2,'design');
#2119 = ADVANCED_BREP_SHAPE_REPRESENTATION('',(#11,#2120),#2764);
#2120 = MANIFOLD_SOLID_BREP('',#2121);
#2121 = CLOSED_SHELL('',(#2122,#2242,#2318,#2367,#2522,#2549,#2556,#2632
    ,#2681,#2730,#2757));
#2122 = ADVANCED_FACE('',(#2123),#2137,.F.);
#2123 = FACE_BOUND('',#2124,.F.);
#2124 = EDGE_LOOP('',(#2125,#2160,#2188,#2216));
#2125 = ORIENTED_EDGE('',*,*,#2126,.F.);
#2126 = EDGE_CURVE('',#2127,#2129,#2131,.T.);
#2127 = VERTEX_POINT('',#2128);
#2128 = CARTESIAN_POINT('',(-100.,-60.,-130.));
#2129 = VERTEX_POINT('',#2130);
#2130 = CARTESIAN_POINT('',(-100.,-60.,130.));
#2131 = SURFACE_CURVE('',#2132,(#2136,#2148),.PCURVE_S1.);
#2132 = LINE('',#2133,#2134);
#2133 = CARTESIAN_POINT('',(-100.,-60.,-130.));
#2134 = VECTOR('',#2135,1.);
#2135 = DIRECTION('',(0.,0.,1.));
#2136 = PCURVE('',#2137,#2142);
#2137 = PLANE('',#2138);
#2138 = AXIS2_PLACEMENT_3D('',#2139,#2140,#2141);
#2139 = CARTESIAN_POINT('',(-100.,-60.,-130.));
#2140 = DIRECTION('',(1.,0.,-0.));
#2141 = DIRECTION('',(0.,0.,1.));
#2142 = DEFINITIONAL_REPRESENTATION('',(#2143),#2147);
#2143 = LINE('',#2144,#2145);
#2144 = CARTESIAN_POINT('',(0.,0.));
#2145 = VECTOR('',#2146,1.);
#2146 = DIRECTION('',(1.,0.));
#2147 = ( GEOMETRIC_REPRESENTATION_CONTEXT(2) 
PARAMETRIC_REPRESENTATION_CONTEXT() REPRESENTATION_CONTEXT('2D SPACE',''
  ) );
#2148 = PCURVE('',#2149,#2154);
#2149 = PLANE('',#2150);
#2150 = AXIS2_PLACEMENT_3D('',#2151,#2152,#2153);
#2151 = CARTESIAN_POINT('',(-100.,-60.,-130.));
#2152 = DIRECTION('',(-0.,1.,0.));
#2153 = DIRECTION('',(0.,0.,1.));
#2154 = DEFINITIONAL_REPRESENTATION('',(#2155),#2159);
#2155 = LINE('',#2156,#2157);
#2156 = CARTESIAN_POINT('',(0.,0.));
#2157 = VECTOR('',#2158,1.);
#2158 = DIRECTION('',(1.,0.));
#2159 = ( GEOMETRIC_REPRESENTATION_CONTEXT(2) 
PARAMETRIC_REPRESENTATION_CONTEXT() REPRESENTATION_CONTEXT('2D SPACE',''
  ) );
#2160 = ORIENTED_EDGE('',*,*,#2161,.T.);
#2161 = EDGE_CURVE('',#2127,#2162,#2164,.T.);
#2162 = VERTEX_POINT('',#2163);
#2163 = CARTESIAN_POINT('',(-100.,-48.,-130.));
#2164 = SURFACE_CURVE('',#2165,(#2169,#2176),.PCURVE_S1.);
#2165 = LINE('',#2166,#2167);
#2166 = CARTESIAN_POINT('',(-100.,-60.,-130.));
#2167 = VECTOR('',#2168,1.);
#2168 = DIRECTION('',(-0.,1.,0.));
#2169 = PCURVE('',#2137,#2170);
#2170 = DEFINITIONAL_REPRESENTATION('',(#2171),#2175);
#2171 = LINE('',#2172,#2173);
#2172 = CARTESIAN_POINT('',(0.,0.));
#2173 = VECTOR('',#2174,1.);
#2174 = DIRECTION('',(0.,-1.));
#2175 = ( GEOMETRIC_REPRESENTATION_CONTEXT(2) 
PARAMETRIC_REPRESENTATION_CONTEXT() REPRESENTATION_CONTEXT('2D SPACE',''
  ) );
#2176 = PCURVE('',#2177,#2182);
#2177 = PLANE('',#2178);
#2178 = AXIS2_PLACEMENT_3D('',#2179,#2180,#2181);
#2179 = CARTESIAN_POINT('',(-100.,-60.,-130.));
#2180 = DIRECTION('',(0.,0.,1.));
#2181 = DIRECTION('',(1.,0.,-0.));
#2182 = DEFINITIONAL_REPRESENTATION('',(#2183),#2187);
#2183 = LINE('',#2184,#2185);
#2184 = CARTESIAN_POINT('',(0.,0.));
#2185 = VECTOR('',#2186,1.);
#2186 = DIRECTION('',(0.,1.));
#2187 = ( GEOMETRIC_REPRESENTATION_CONTEXT(2) 
PARAMETRIC_REPRESENTATION_CONTEXT() REPRESENTATION_CONTEXT('2D SPACE',''
  ) );
#2188 = ORIENTED_EDGE('',*,*,#2189,.T.);
#2189 = EDGE_CURVE('',#2162,#2190,#2192,.T.);
#2190 = VERTEX_POINT('',#2191);
#2191 = CARTESIAN_POINT('',(-100.,-48.,130.));
#2192 = SURFACE_CURVE('',#2193,(#2197,#2204),.PCURVE_S1.);
#2193 = LINE('',#2194,#2195);
#2194 = CARTESIAN_POINT('',(-100.,-48.,-130.));
#2195 = VECTOR('',#2196,1.);
#2196 = DIRECTION('',(0.,0.,1.));
#2197 = PCURVE('',#2137,#2198);
#2198 = DEFINITIONAL_REPRESENTATION('',(#2199),#2203);
#2199 = LINE('',#2200,#2201);
#2200 = CARTESIAN_POINT('',(0.,-12.));
#2201 = VECTOR('',#2202,1.);
#2202 = DIRECTION('',(1.,0.));
#2203 = ( GEOMETRIC_REPRESENTATION_CONTEXT(2) 
PARAMETRIC_REPRESENTATION_CONTEXT() REPRESENTATION_CONTEXT('2D SPACE',''
  ) );
#2204 = PCURVE('',#2205,#2210);
#2205 = PLANE('',#2206);
#2206 = AXIS2_PLACEMENT_3D('',#2207,#2208,#2209);
#2207 = CARTESIAN_POINT('',(-100.,-48.,-130.));
#2208 = DIRECTION('',(-0.,1.,0.));
#2209 = DIRECTION('',(0.,0.,1.));
#2210 = DEFINITIONAL_REPRESENTATION('',(#2211),#2215);
#2211 = LINE('',#2212,#2213);
#2212 = CARTESIAN_POINT('',(0.,0.));
#2213 = VECTOR('',#2214,1.);
#2214 = DIRECTION('',(1.,0.));
#2215 = ( GEOMETRIC_REPRESENTATION_CONTEXT(2) 
PARAMETRIC_REPRESENTATION_CONTEXT() REPRESENTATION_CONTEXT('2D SPACE',''
  ) );
#2216 = ORIENTED_EDGE('',*,*,#2217,.F.);
#2217 = EDGE_CURVE('',#2129,#2190,#2218,.T.);
#2218 = SURFACE_CURVE('',#2219,(#2223,#2230),.PCURVE_S1.);
#2219 = LINE('',#2220,#2221);
#2220 = CARTESIAN_POINT('',(-100.,-60.,130.));
#2221 = VECTOR('',#2222,1.);
#2222 = DIRECTION('',(-0.,1.,0.));
#2223 = PCURVE('',#2137,#2224);
#2224 = DEFINITIONAL_REPRESENTATION('',(#2225),#2229);
#2225 = LINE('',#2226,#2227);
#2226 = CARTESIAN_POINT('',(260.,0.));
#2227 = VECTOR('',#2228,1.);
#2228 = DIRECTION('',(0.,-1.));
#2229 = ( GEOMETRIC_REPRESENTATION_CONTEXT(2) 
PARAMETRIC_REPRESENTATION_CONTEXT() REPRESENTATION_CONTEXT('2D SPACE',''
  ) );
#2230 = PCURVE('',#2231,#2236);
#2231 = PLANE('',#2232);
#2232 = AXIS2_PLACEMENT_3D('',#2233,#2234,#2235);
#2233 = CARTESIAN_POINT('',(-100.,-60.,130.));
#2234 = DIRECTION('',(0.,0.,1.));
#2235 = DIRECTION('',(1.,0.,-0.));
#2236 = DEFINITIONAL_REPRESENTATION('',(#2237),#2241);
#2237 = LINE('',#2238,#2239);
#2238 = CARTESIAN_POINT('',(0.,0.));
#2239 = VECTOR('',#2240,1.);
#2240 = DIRECTION('',(0.,1.));
#2241 = ( GEOMETRIC_REPRESENTATION_CONTEXT(2) 
PARAMETRIC_REPRESENTATION_CONTEXT() REPRESENTATION_CONTEXT('2D SPACE',''
  ) );
#2242 = ADVANCED_FACE('',(#2243),#2149,.F.);
#2243 = FACE_BOUND('',#2244,.F.);
#2244 = EDGE_LOOP('',(#2245,#2268,#2269,#2292));
#2245 = ORIENTED_EDGE('',*,*,#2246,.F.);
#2246 = EDGE_CURVE('',#2127,#2247,#2249,.T.);
#2247 = VERTEX_POINT('',#2248);
#2248 = CARTESIAN_POINT('',(100.,-60.,-130.));
#2249 = SURFACE_CURVE('',#2250,(#2254,#2261),.PCURVE_S1.);
#2250 = LINE('',#2251,#2252);
#2251 = CARTESIAN_POINT('',(-100.,-60.,-130.));
#2252 = VECTOR('',#2253,1.);
#2253 = DIRECTION('',(1.,0.,-0.));
#2254 = PCURVE('',#2149,#2255);
#2255 = DEFINITIONAL_REPRESENTATION('',(#2256),#2260);
#2256 = LINE('',#2257,#2258);
#2257 = CARTESIAN_POINT('',(0.,0.));
#2258 = VECTOR('',#2259,1.);
#2259 = DIRECTION('',(0.,1.));
#2260 = ( GEOMETRIC_REPRESENTATION_CONTEXT(2) 
PARAMETRIC_REPRESENTATION_CONTEXT() REPRESENTATION_CONTEXT('2D SPACE',''
  ) );
#2261 = PCURVE('',#2177,#2262);
#2262 = DEFINITIONAL_REPRESENTATION('',(#2263),#2267);
#2263 = LINE('',#2264,#2265);
#2264 = CARTESIAN_POINT('',(0.,0.));
#2265 = VECTOR('',#2266,1.);
#2266 = DIRECTION('',(1.,0.));
#2267 = ( GEOMETRIC_REPRESENTATION_CONTEXT(2) 
PARAMETRIC_REPRESENTATION_CONTEXT() REPRESENTATION_CONTEXT('2D SPACE',''
  ) );
#2268 = ORIENTED_EDGE('',*,*,#2126,.T.);
#2269 = ORIENTED_EDGE('',*,*,#2270,.T.);
#2270 = EDGE_CURVE('',#2129,#2271,#2273,.T.);
#2271 = VERTEX_POINT('',#2272);
#2272 = CARTESIAN_POINT('',(100.,-60.,130.));
#2273 = SURFACE_CURVE('',#2274,(#2278,#2285),.PCURVE_S1.);
#2274 = LINE('',#2275,#2276);
#2275 = CARTESIAN_POINT('',(-100.,-60.,130.));
#2276 = VECTOR('',#2277,1.);
#2277 = DIRECTION('',(1.,0.,-0.));
#2278 = PCURVE('',#2149,#2279);
#2279 = DEFINITIONAL_REPRESENTATION('',(#2280),#2284);
#2280 = LINE('',#2281,#2282);
#2281 = CARTESIAN_POINT('',(260.,0.));
#2282 = VECTOR('',#2283,1.);
#2283 = DIRECTION('',(0.,1.));
#2284 = ( GEOMETRIC_REPRESENTATION_CONTEXT(2) 
PARAMETRIC_REPRESENTATION_CONTEXT() REPRESENTATION_CONTEXT('2D SPACE',''
  ) );
#2285 = PCURVE('',#2231,#2286);
#2286 = DEFINITIONAL_REPRESENTATION('',(#2287),#2291);
#2287 = LINE('',#2288,#2289);
#2288 = CARTESIAN_POINT('',(0.,0.));
#2289 = VECTOR('',#2290,1.);
#2290 = DIRECTION('',(1.,0.));
#2291 = ( GEOMETRIC_REPRESENTATION_CONTEXT(2) 
PARAMETRIC_REPRESENTATION_CONTEXT() REPRESENTATION_CONTEXT('2D SPACE',''
  ) );
#2292 = ORIENTED_EDGE('',*,*,#2293,.F.);
#2293 = EDGE_CURVE('',#2247,#2271,#2294,.T.);
#2294 = SURFACE_CURVE('',#2295,(#2299,#2306),.PCURVE_S1.);
#2295 = LINE('',#2296,#2297);
#2296 = CARTESIAN_POINT('',(100.,-60.,-130.));
#2297 = VECTOR('',#2298,1.);
#2298 = DIRECTION('',(0.,0.,1.));
#2299 = PCURVE('',#2149,#2300);
#2300 = DEFINITIONAL_REPRESENTATION('',(#2301),#2305);
#2301 = LINE('',#2302,#2303);
#2302 = CARTESIAN_POINT('',(0.,200.));
#2303 = VECTOR('',#2304,1.);
#2304 = DIRECTION('',(1.,0.));
#2305 = ( GEOMETRIC_REPRESENTATION_CONTEXT(2) 
PARAMETRIC_REPRESENTATION_CONTEXT() REPRESENTATION_CONTEXT('2D SPACE',''
  ) );
#2306 = PCURVE('',#2307,#2312);
#2307 = PLANE('',#2308);
#2308 = AXIS2_PLACEMENT_3D('',#2309,#2310,#2311);
#2309 = CARTESIAN_POINT('',(100.,-60.,-130.));
#2310 = DIRECTION('',(1.,0.,-0.));
#2311 = DIRECTION('',(0.,0.,1.));
#2312 = DEFINITIONAL_REPRESENTATION('',(#2313),#2317);
#2313 = LINE('',#2314,#2315);
#2314 = CARTESIAN_POINT('',(0.,0.));
#2315 = VECTOR('',#2316,1.);
#2316 = DIRECTION('',(1.,0.));
#2317 = ( GEOMETRIC_REPRESENTATION_CONTEXT(2) 
PARAMETRIC_REPRESENTATION_CONTEXT() REPRESENTATION_CONTEXT('2D SPACE',''
  ) );
#2318 = ADVANCED_FACE('',(#2319),#2231,.T.);
#2319 = FACE_BOUND('',#2320,.T.);
#2320 = EDGE_LOOP('',(#2321,#2322,#2323,#2346));
#2321 = ORIENTED_EDGE('',*,*,#2217,.F.);
#2322 = ORIENTED_EDGE('',*,*,#2270,.T.);
#2323 = ORIENTED_EDGE('',*,*,#2324,.T.);
#2324 = EDGE_CURVE('',#2271,#2325,#2327,.T.);
#2325 = VERTEX_POINT('',#2326);
#2326 = CARTESIAN_POINT('',(100.,-48.,130.));
#2327 = SURFACE_CURVE('',#2328,(#2332,#2339),.PCURVE_S1.);
#2328 = LINE('',#2329,#2330);
#2329 = CARTESIAN_POINT('',(100.,-60.,130.));
#2330 = VECTOR('',#2331,1.);
#2331 = DIRECTION('',(-0.,1.,0.));
#2332 = PCURVE('',#2231,#2333);
#2333 = DEFINITIONAL_REPRESENTATION('',(#2334),#2338);
#2334 = LINE('',#2335,#2336);
#2335 = CARTESIAN_POINT('',(200.,0.));
#2336 = VECTOR('',#2337,1.);
#2337 = DIRECTION('',(0.,1.));
#2338 = ( GEOMETRIC_REPRESENTATION_CONTEXT(2) 
PARAMETRIC_REPRESENTATION_CONTEXT() REPRESENTATION_CONTEXT('2D SPACE',''
  ) );
#2339 = PCURVE('',#2307,#2340);
#2340 = DEFINITIONAL_REPRESENTATION('',(#2341),#2345);
#2341 = LINE('',#2342,#2343);
#2342 = CARTESIAN_POINT('',(260.,0.));
#2343 = VECTOR('',#2344,1.);
#2344 = DIRECTION('',(0.,-1.));
#2345 = ( GEOMETRIC_REPRESENTATION_CONTEXT(2) 
PARAMETRIC_REPRESENTATION_CONTEXT() REPRESENTATION_CONTEXT('2D SPACE',''
  ) );
#2346 = ORIENTED_EDGE('',*,*,#2347,.F.);
#2347 = EDGE_CURVE('',#2190,#2325,#2348,.T.);
#2348 = SURFACE_CURVE('',#2349,(#2353,#2360),.PCURVE_S1.);
#2349 = LINE('',#2350,#2351);
#2350 = CARTESIAN_POINT('',(-100.,-48.,130.));
#2351 = VECTOR('',#2352,1.);
#2352 = DIRECTION('',(1.,0.,-0.));
#2353 = PCURVE('',#2231,#2354);
#2354 = DEFINITIONAL_REPRESENTATION('',(#2355),#2359);
#2355 = LINE('',#2356,#2357);
#2356 = CARTESIAN_POINT('',(0.,12.));
#2357 = VECTOR('',#2358,1.);
#2358 = DIRECTION('',(1.,0.));
#2359 = ( GEOMETRIC_REPRESENTATION_CONTEXT(2) 
PARAMETRIC_REPRESENTATION_CONTEXT() REPRESENTATION_CONTEXT('2D SPACE',''
  ) );
#2360 = PCURVE('',#2205,#2361);
#2361 = DEFINITIONAL_REPRESENTATION('',(#2362),#2366);
#2362 = LINE('',#2363,#2364);
#2363 = CARTESIAN_POINT('',(260.,0.));
#2364 = VECTOR('',#2365,1.);
#2365 = DIRECTION('',(0.,1.));
#2366 = ( GEOMETRIC_REPRESENTATION_CONTEXT(2) 
PARAMETRIC_REPRESENTATION_CONTEXT() REPRESENTATION_CONTEXT('2D SPACE',''
  ) );
#2367 = ADVANCED_FACE('',(#2368,#2416),#2205,.T.);
#2368 = FACE_BOUND('',#2369,.T.);
#2369 = EDGE_LOOP('',(#2370,#2393,#2394,#2395));
#2370 = ORIENTED_EDGE('',*,*,#2371,.F.);
#2371 = EDGE_CURVE('',#2162,#2372,#2374,.T.);
#2372 = VERTEX_POINT('',#2373);
#2373 = CARTESIAN_POINT('',(100.,-48.,-130.));
#2374 = SURFACE_CURVE('',#2375,(#2379,#2386),.PCURVE_S1.);
#2375 = LINE('',#2376,#2377);
#2376 = CARTESIAN_POINT('',(-100.,-48.,-130.));
#2377 = VECTOR('',#2378,1.);
#2378 = DIRECTION('',(1.,0.,-0.));
#2379 = PCURVE('',#2205,#2380);
#2380 = DEFINITIONAL_REPRESENTATION('',(#2381),#2385);
#2381 = LINE('',#2382,#2383);
#2382 = CARTESIAN_POINT('',(0.,0.));
#2383 = VECTOR('',#2384,1.);
#2384 = DIRECTION('',(0.,1.));
#2385 = ( GEOMETRIC_REPRESENTATION_CONTEXT(2) 
PARAMETRIC_REPRESENTATION_CONTEXT() REPRESENTATION_CONTEXT('2D SPACE',''
  ) );
#2386 = PCURVE('',#2177,#2387);
#2387 = DEFINITIONAL_REPRESENTATION('',(#2388),#2392);
#2388 = LINE('',#2389,#2390);
#2389 = CARTESIAN_POINT('',(0.,12.));
#2390 = VECTOR('',#2391,1.);
#2391 = DIRECTION('',(1.,0.));
#2392 = ( GEOMETRIC_REPRESENTATION_CONTEXT(2) 
PARAMETRIC_REPRESENTATION_CONTEXT() REPRESENTATION_CONTEXT('2D SPACE',''
  ) );
#2393 = ORIENTED_EDGE('',*,*,#2189,.T.);
#2394 = ORIENTED_EDGE('',*,*,#2347,.T.);
#2395 = ORIENTED_EDGE('',*,*,#2396,.F.);
#2396 = EDGE_CURVE('',#2372,#2325,#2397,.T.);
#2397 = SURFACE_CURVE('',#2398,(#2402,#2409),.PCURVE_S1.);
#2398 = LINE('',#2399,#2400);
#2399 = CARTESIAN_POINT('',(100.,-48.,-130.));
#2400 = VECTOR('',#2401,1.);
#2401 = DIRECTION('',(0.,0.,1.));
#2402 = PCURVE('',#2205,#2403);
#2403 = DEFINITIONAL_REPRESENTATION('',(#2404),#2408);
#2404 = LINE('',#2405,#2406);
#2405 = CARTESIAN_POINT('',(0.,200.));
#2406 = VECTOR('',#2407,1.);
#2407 = DIRECTION('',(1.,0.));
#2408 = ( GEOMETRIC_REPRESENTATION_CONTEXT(2) 
PARAMETRIC_REPRESENTATION_CONTEXT() REPRESENTATION_CONTEXT('2D SPACE',''
  ) );
#2409 = PCURVE('',#2307,#2410);
#2410 = DEFINITIONAL_REPRESENTATION('',(#2411),#2415);
#2411 = LINE('',#2412,#2413);
#2412 = CARTESIAN_POINT('',(0.,-12.));
#2413 = VECTOR('',#2414,1.);
#2414 = DIRECTION('',(1.,0.));
#2415 = ( GEOMETRIC_REPRESENTATION_CONTEXT(2) 
PARAMETRIC_REPRESENTATION_CONTEXT() REPRESENTATION_CONTEXT('2D SPACE',''
  ) );
#2416 = FACE_BOUND('',#2417,.T.);
#2417 = EDGE_LOOP('',(#2418,#2446,#2472,#2498));
#2418 = ORIENTED_EDGE('',*,*,#2419,.F.);
#2419 = EDGE_CURVE('',#2420,#2422,#2424,.T.);
#2420 = VERTEX_POINT('',#2421);
#2421 = CARTESIAN_POINT('',(-97.,-48.,127.));
#2422 = VERTEX_POINT('',#2423);
#2423 = CARTESIAN_POINT('',(97.,-48.,127.));
#2424 = SURFACE_CURVE('',#2425,(#2429,#2435),.PCURVE_S1.);
#2425 = LINE('',#2426,#2427);
#2426 = CARTESIAN_POINT('',(-98.5,-48.,127.));
#2427 = VECTOR('',#2428,1.);
#2428 = DIRECTION('',(1.,0.,-0.));
#2429 = PCURVE('',#2205,#2430);
#2430 = DEFINITIONAL_REPRESENTATION('',(#2431),#2434);
#2431 = B_SPLINE_CURVE_WITH_KNOTS('',1,(#2432,#2433),.UNSPECIFIED.,.F.,
  .F.,(2,2),(1.5,195.5),.PIECEWISE_BEZIER_KNOTS.);
#2432 = CARTESIAN_POINT('',(257.,3.));
#2433 = CARTESIAN_POINT('',(257.,197.));
#2434 = ( GEOMETRIC_REPRESENTATION_CONTEXT(2) 
PARAMETRIC_REPRESENTATION_CONTEXT() REPRESENTATION_CONTEXT('2D SPACE',''
  ) );
#2435 = PCURVE('',#2436,#2441);
#2436 = PLANE('',#2437);
#2437 = AXIS2_PLACEMENT_3D('',#2438,#2439,#2440);
#2438 = CARTESIAN_POINT('',(-97.,-57.,127.));
#2439 = DIRECTION('',(0.,0.,1.));
#2440 = DIRECTION('',(1.,0.,-0.));
#2441 = DEFINITIONAL_REPRESENTATION('',(#2442),#2445);
#2442 = B_SPLINE_CURVE_WITH_KNOTS('',1,(#2443,#2444),.UNSPECIFIED.,.F.,
  .F.,(2,2),(1.5,195.5),.PIECEWISE_BEZIER_KNOTS.);
#2443 = CARTESIAN_POINT('',(0.,9.));
#2444 = CARTESIAN_POINT('',(194.,9.));
#2445 = ( GEOMETRIC_REPRESENTATION_CONTEXT(2) 
PARAMETRIC_REPRESENTATION_CONTEXT() REPRESENTATION_CONTEXT('2D SPACE',''
  ) );
#2446 = ORIENTED_EDGE('',*,*,#2447,.T.);
#2447 = EDGE_CURVE('',#2420,#2448,#2450,.T.);
#2448 = VERTEX_POINT('',#2449);
#2449 = CARTESIAN_POINT('',(-97.,-48.,-127.));
#2450 = SURFACE_CURVE('',#2451,(#2455,#2461),.PCURVE_S1.);
#2451 = LINE('',#2452,#2453);
#2452 = CARTESIAN_POINT('',(-97.,-48.,-128.5));
#2453 = VECTOR('',#2454,1.);
#2454 = DIRECTION('',(-0.,0.,-1.));
#2455 = PCURVE('',#2205,#2456);
#2456 = DEFINITIONAL_REPRESENTATION('',(#2457),#2460);
#2457 = B_SPLINE_CURVE_WITH_KNOTS('',1,(#2458,#2459),.UNSPECIFIED.,.F.,
  .F.,(2,2),(-255.5,-1.5),.PIECEWISE_BEZIER_KNOTS.);
#2458 = CARTESIAN_POINT('',(257.,3.));
#2459 = CARTESIAN_POINT('',(3.,3.));
#2460 = ( GEOMETRIC_REPRESENTATION_CONTEXT(2) 
PARAMETRIC_REPRESENTATION_CONTEXT() REPRESENTATION_CONTEXT('2D SPACE',''
  ) );
#2461 = PCURVE('',#2462,#2467);
#2462 = PLANE('',#2463);
#2463 = AXIS2_PLACEMENT_3D('',#2464,#2465,#2466);
#2464 = CARTESIAN_POINT('',(-97.,-57.,-127.));
#2465 = DIRECTION('',(1.,0.,-0.));
#2466 = DIRECTION('',(0.,0.,1.));
#2467 = DEFINITIONAL_REPRESENTATION('',(#2468),#2471);
#2468 = B_SPLINE_CURVE_WITH_KNOTS('',1,(#2469,#2470),.UNSPECIFIED.,.F.,
  .F.,(2,2),(-255.5,-1.5),.PIECEWISE_BEZIER_KNOTS.);
#2469 = CARTESIAN_POINT('',(254.,-9.));
#2470 = CARTESIAN_POINT('',(0.,-9.));
#2471 = ( GEOMETRIC_REPRESENTATION_CONTEXT(2) 
PARAMETRIC_REPRESENTATION_CONTEXT() REPRESENTATION_CONTEXT('2D SPACE',''
  ) );
#2472 = ORIENTED_EDGE('',*,*,#2473,.T.);
#2473 = EDGE_CURVE('',#2448,#2474,#2476,.T.);
#2474 = VERTEX_POINT('',#2475);
#2475 = CARTESIAN_POINT('',(97.,-48.,-127.));
#2476 = SURFACE_CURVE('',#2477,(#2481,#2487),.PCURVE_S1.);
#2477 = LINE('',#2478,#2479);
#2478 = CARTESIAN_POINT('',(-98.5,-48.,-127.));
#2479 = VECTOR('',#2480,1.);
#2480 = DIRECTION('',(1.,0.,-0.));
#2481 = PCURVE('',#2205,#2482);
#2482 = DEFINITIONAL_REPRESENTATION('',(#2483),#2486);
#2483 = B_SPLINE_CURVE_WITH_KNOTS('',1,(#2484,#2485),.UNSPECIFIED.,.F.,
  .F.,(2,2),(1.5,195.5),.PIECEWISE_BEZIER_KNOTS.);
#2484 = CARTESIAN_POINT('',(3.,3.));
#2485 = CARTESIAN_POINT('',(3.,197.));
#2486 = ( GEOMETRIC_REPRESENTATION_CONTEXT(2) 
PARAMETRIC_REPRESENTATION_CONTEXT() REPRESENTATION_CONTEXT('2D SPACE',''
  ) );
#2487 = PCURVE('',#2488,#2493);
#2488 = PLANE('',#2489);
#2489 = AXIS2_PLACEMENT_3D('',#2490,#2491,#2492);
#2490 = CARTESIAN_POINT('',(-97.,-57.,-127.));
#2491 = DIRECTION('',(0.,0.,1.));
#2492 = DIRECTION('',(1.,0.,-0.));
#2493 = DEFINITIONAL_REPRESENTATION('',(#2494),#2497);
#2494 = B_SPLINE_CURVE_WITH_KNOTS('',1,(#2495,#2496),.UNSPECIFIED.,.F.,
  .F.,(2,2),(1.5,195.5),.PIECEWISE_BEZIER_KNOTS.);
#2495 = CARTESIAN_POINT('',(0.,9.));
#2496 = CARTESIAN_POINT('',(194.,9.));
#2497 = ( GEOMETRIC_REPRESENTATION_CONTEXT(2) 
PARAMETRIC_REPRESENTATION_CONTEXT() REPRESENTATION_CONTEXT('2D SPACE',''
  ) );
#2498 = ORIENTED_EDGE('',*,*,#2499,.F.);
#2499 = EDGE_CURVE('',#2422,#2474,#2500,.T.);
#2500 = SURFACE_CURVE('',#2501,(#2505,#2511),.PCURVE_S1.);
#2501 = LINE('',#2502,#2503);
#2502 = CARTESIAN_POINT('',(97.,-48.,-128.5));
#2503 = VECTOR('',#2504,1.);
#2504 = DIRECTION('',(-0.,0.,-1.));
#2505 = PCURVE('',#2205,#2506);
#2506 = DEFINITIONAL_REPRESENTATION('',(#2507),#2510);
#2507 = B_SPLINE_CURVE_WITH_KNOTS('',1,(#2508,#2509),.UNSPECIFIED.,.F.,
  .F.,(2,2),(-255.5,-1.5),.PIECEWISE_BEZIER_KNOTS.);
#2508 = CARTESIAN_POINT('',(257.,197.));
#2509 = CARTESIAN_POINT('',(3.,197.));
#2510 = ( GEOMETRIC_REPRESENTATION_CONTEXT(2) 
PARAMETRIC_REPRESENTATION_CONTEXT() REPRESENTATION_CONTEXT('2D SPACE',''
  ) );
#2511 = PCURVE('',#2512,#2517);
#2512 = PLANE('',#2513);
#2513 = AXIS2_PLACEMENT_3D('',#2514,#2515,#2516);
#2514 = CARTESIAN_POINT('',(97.,-57.,-127.));
#2515 = DIRECTION('',(1.,0.,-0.));
#2516 = DIRECTION('',(0.,0.,1.));
#2517 = DEFINITIONAL_REPRESENTATION('',(#2518),#2521);
#2518 = B_SPLINE_CURVE_WITH_KNOTS('',1,(#2519,#2520),.UNSPECIFIED.,.F.,
  .F.,(2,2),(-255.5,-1.5),.PIECEWISE_BEZIER_KNOTS.);
#2519 = CARTESIAN_POINT('',(254.,-9.));
#2520 = CARTESIAN_POINT('',(0.,-9.));
#2521 = ( GEOMETRIC_REPRESENTATION_CONTEXT(2) 
PARAMETRIC_REPRESENTATION_CONTEXT() REPRESENTATION_CONTEXT('2D SPACE',''
  ) );
#2522 = ADVANCED_FACE('',(#2523),#2177,.F.);
#2523 = FACE_BOUND('',#2524,.F.);
#2524 = EDGE_LOOP('',(#2525,#2526,#2527,#2548));
#2525 = ORIENTED_EDGE('',*,*,#2161,.F.);
#2526 = ORIENTED_EDGE('',*,*,#2246,.T.);
#2527 = ORIENTED_EDGE('',*,*,#2528,.T.);
#2528 = EDGE_CURVE('',#2247,#2372,#2529,.T.);
#2529 = SURFACE_CURVE('',#2530,(#2534,#2541),.PCURVE_S1.);
#2530 = LINE('',#2531,#2532);
#2531 = CARTESIAN_POINT('',(100.,-60.,-130.));
#2532 = VECTOR('',#2533,1.);
#2533 = DIRECTION('',(-0.,1.,0.));
#2534 = PCURVE('',#2177,#2535);
#2535 = DEFINITIONAL_REPRESENTATION('',(#2536),#2540);
#2536 = LINE('',#2537,#2538);
#2537 = CARTESIAN_POINT('',(200.,0.));
#2538 = VECTOR('',#2539,1.);
#2539 = DIRECTION('',(0.,1.));
#2540 = ( GEOMETRIC_REPRESENTATION_CONTEXT(2) 
PARAMETRIC_REPRESENTATION_CONTEXT() REPRESENTATION_CONTEXT('2D SPACE',''
  ) );
#2541 = PCURVE('',#2307,#2542);
#2542 = DEFINITIONAL_REPRESENTATION('',(#2543),#2547);
#2543 = LINE('',#2544,#2545);
#2544 = CARTESIAN_POINT('',(0.,0.));
#2545 = VECTOR('',#2546,1.);
#2546 = DIRECTION('',(0.,-1.));
#2547 = ( GEOMETRIC_REPRESENTATION_CONTEXT(2) 
PARAMETRIC_REPRESENTATION_CONTEXT() REPRESENTATION_CONTEXT('2D SPACE',''
  ) );
#2548 = ORIENTED_EDGE('',*,*,#2371,.F.);
#2549 = ADVANCED_FACE('',(#2550),#2307,.T.);
#2550 = FACE_BOUND('',#2551,.T.);
#2551 = EDGE_LOOP('',(#2552,#2553,#2554,#2555));
#2552 = ORIENTED_EDGE('',*,*,#2293,.F.);
#2553 = ORIENTED_EDGE('',*,*,#2528,.T.);
#2554 = ORIENTED_EDGE('',*,*,#2396,.T.);
#2555 = ORIENTED_EDGE('',*,*,#2324,.F.);
#2556 = ADVANCED_FACE('',(#2557),#2436,.F.);
#2557 = FACE_BOUND('',#2558,.F.);
#2558 = EDGE_LOOP('',(#2559,#2582,#2610,#2631));
#2559 = ORIENTED_EDGE('',*,*,#2560,.F.);
#2560 = EDGE_CURVE('',#2561,#2420,#2563,.T.);
#2561 = VERTEX_POINT('',#2562);
#2562 = CARTESIAN_POINT('',(-97.,-57.,127.));
#2563 = SURFACE_CURVE('',#2564,(#2568,#2575),.PCURVE_S1.);
#2564 = LINE('',#2565,#2566);
#2565 = CARTESIAN_POINT('',(-97.,-57.,127.));
#2566 = VECTOR('',#2567,1.);
#2567 = DIRECTION('',(-0.,1.,0.));
#2568 = PCURVE('',#2436,#2569);
#2569 = DEFINITIONAL_REPRESENTATION('',(#2570),#2574);
#2570 = LINE('',#2571,#2572);
#2571 = CARTESIAN_POINT('',(0.,0.));
#2572 = VECTOR('',#2573,1.);
#2573 = DIRECTION('',(0.,1.));
#2574 = ( GEOMETRIC_REPRESENTATION_CONTEXT(2) 
PARAMETRIC_REPRESENTATION_CONTEXT() REPRESENTATION_CONTEXT('2D SPACE',''
  ) );
#2575 = PCURVE('',#2462,#2576);
#2576 = DEFINITIONAL_REPRESENTATION('',(#2577),#2581);
#2577 = LINE('',#2578,#2579);
#2578 = CARTESIAN_POINT('',(254.,0.));
#2579 = VECTOR('',#2580,1.);
#2580 = DIRECTION('',(0.,-1.));
#2581 = ( GEOMETRIC_REPRESENTATION_CONTEXT(2) 
PARAMETRIC_REPRESENTATION_CONTEXT() REPRESENTATION_CONTEXT('2D SPACE',''
  ) );
#2582 = ORIENTED_EDGE('',*,*,#2583,.T.);
#2583 = EDGE_CURVE('',#2561,#2584,#2586,.T.);
#2584 = VERTEX_POINT('',#2585);
#2585 = CARTESIAN_POINT('',(97.,-57.,127.));
#2586 = SURFACE_CURVE('',#2587,(#2591,#2598),.PCURVE_S1.);
#2587 = LINE('',#2588,#2589);
#2588 = CARTESIAN_POINT('',(-97.,-57.,127.));
#2589 = VECTOR('',#2590,1.);
#2590 = DIRECTION('',(1.,0.,-0.));
#2591 = PCURVE('',#2436,#2592);
#2592 = DEFINITIONAL_REPRESENTATION('',(#2593),#2597);
#2593 = LINE('',#2594,#2595);
#2594 = CARTESIAN_POINT('',(0.,0.));
#2595 = VECTOR('',#2596,1.);
#2596 = DIRECTION('',(1.,0.));
#2597 = ( GEOMETRIC_REPRESENTATION_CONTEXT(2) 
PARAMETRIC_REPRESENTATION_CONTEXT() REPRESENTATION_CONTEXT('2D SPACE',''
  ) );
#2598 = PCURVE('',#2599,#2604);
#2599 = PLANE('',#2600);
#2600 = AXIS2_PLACEMENT_3D('',#2601,#2602,#2603);
#2601 = CARTESIAN_POINT('',(-97.,-57.,-127.));
#2602 = DIRECTION('',(-0.,1.,0.));
#2603 = DIRECTION('',(0.,0.,1.));
#2604 = DEFINITIONAL_REPRESENTATION('',(#2605),#2609);
#2605 = LINE('',#2606,#2607);
#2606 = CARTESIAN_POINT('',(254.,0.));
#2607 = VECTOR('',#2608,1.);
#2608 = DIRECTION('',(0.,1.));
#2609 = ( GEOMETRIC_REPRESENTATION_CONTEXT(2) 
PARAMETRIC_REPRESENTATION_CONTEXT() REPRESENTATION_CONTEXT('2D SPACE',''
  ) );
#2610 = ORIENTED_EDGE('',*,*,#2611,.T.);
#2611 = EDGE_CURVE('',#2584,#2422,#2612,.T.);
#2612 = SURFACE_CURVE('',#2613,(#2617,#2624),.PCURVE_S1.);
#2613 = LINE('',#2614,#2615);
#2614 = CARTESIAN_POINT('',(97.,-57.,127.));
#2615 = VECTOR('',#2616,1.);
#2616 = DIRECTION('',(-0.,1.,0.));
#2617 = PCURVE('',#2436,#2618);
#2618 = DEFINITIONAL_REPRESENTATION('',(#2619),#2623);
#2619 = LINE('',#2620,#2621);
#2620 = CARTESIAN_POINT('',(194.,0.));
#2621 = VECTOR('',#2622,1.);
#2622 = DIRECTION('',(0.,1.));
#2623 = ( GEOMETRIC_REPRESENTATION_CONTEXT(2) 
PARAMETRIC_REPRESENTATION_CONTEXT() REPRESENTATION_CONTEXT('2D SPACE',''
  ) );
#2624 = PCURVE('',#2512,#2625);
#2625 = DEFINITIONAL_REPRESENTATION('',(#2626),#2630);
#2626 = LINE('',#2627,#2628);
#2627 = CARTESIAN_POINT('',(254.,0.));
#2628 = VECTOR('',#2629,1.);
#2629 = DIRECTION('',(0.,-1.));
#2630 = ( GEOMETRIC_REPRESENTATION_CONTEXT(2) 
PARAMETRIC_REPRESENTATION_CONTEXT() REPRESENTATION_CONTEXT('2D SPACE',''
  ) );
#2631 = ORIENTED_EDGE('',*,*,#2419,.F.);
#2632 = ADVANCED_FACE('',(#2633),#2512,.F.);
#2633 = FACE_BOUND('',#2634,.F.);
#2634 = EDGE_LOOP('',(#2635,#2636,#2659,#2680));
#2635 = ORIENTED_EDGE('',*,*,#2611,.F.);
#2636 = ORIENTED_EDGE('',*,*,#2637,.F.);
#2637 = EDGE_CURVE('',#2638,#2584,#2640,.T.);
#2638 = VERTEX_POINT('',#2639);
#2639 = CARTESIAN_POINT('',(97.,-57.,-127.));
#2640 = SURFACE_CURVE('',#2641,(#2645,#2652),.PCURVE_S1.);
#2641 = LINE('',#2642,#2643);
#2642 = CARTESIAN_POINT('',(97.,-57.,-127.));
#2643 = VECTOR('',#2644,1.);
#2644 = DIRECTION('',(0.,0.,1.));
#2645 = PCURVE('',#2512,#2646);
#2646 = DEFINITIONAL_REPRESENTATION('',(#2647),#2651);
#2647 = LINE('',#2648,#2649);
#2648 = CARTESIAN_POINT('',(0.,0.));
#2649 = VECTOR('',#2650,1.);
#2650 = DIRECTION('',(1.,0.));
#2651 = ( GEOMETRIC_REPRESENTATION_CONTEXT(2) 
PARAMETRIC_REPRESENTATION_CONTEXT() REPRESENTATION_CONTEXT('2D SPACE',''
  ) );
#2652 = PCURVE('',#2599,#2653);
#2653 = DEFINITIONAL_REPRESENTATION('',(#2654),#2658);
#2654 = LINE('',#2655,#2656);
#2655 = CARTESIAN_POINT('',(0.,194.));
#2656 = VECTOR('',#2657,1.);
#2657 = DIRECTION('',(1.,0.));
#2658 = ( GEOMETRIC_REPRESENTATION_CONTEXT(2) 
PARAMETRIC_REPRESENTATION_CONTEXT() REPRESENTATION_CONTEXT('2D SPACE',''
  ) );
#2659 = ORIENTED_EDGE('',*,*,#2660,.T.);
#2660 = EDGE_CURVE('',#2638,#2474,#2661,.T.);
#2661 = SURFACE_CURVE('',#2662,(#2666,#2673),.PCURVE_S1.);
#2662 = LINE('',#2663,#2664);
#2663 = CARTESIAN_POINT('',(97.,-57.,-127.));
#2664 = VECTOR('',#2665,1.);
#2665 = DIRECTION('',(-0.,1.,0.));
#2666 = PCURVE('',#2512,#2667);
#2667 = DEFINITIONAL_REPRESENTATION('',(#2668),#2672);
#2668 = LINE('',#2669,#2670);
#2669 = CARTESIAN_POINT('',(0.,0.));
#2670 = VECTOR('',#2671,1.);
#2671 = DIRECTION('',(0.,-1.));
#2672 = ( GEOMETRIC_REPRESENTATION_CONTEXT(2) 
PARAMETRIC_REPRESENTATION_CONTEXT() REPRESENTATION_CONTEXT('2D SPACE',''
  ) );
#2673 = PCURVE('',#2488,#2674);
#2674 = DEFINITIONAL_REPRESENTATION('',(#2675),#2679);
#2675 = LINE('',#2676,#2677);
#2676 = CARTESIAN_POINT('',(194.,0.));
#2677 = VECTOR('',#2678,1.);
#2678 = DIRECTION('',(0.,1.));
#2679 = ( GEOMETRIC_REPRESENTATION_CONTEXT(2) 
PARAMETRIC_REPRESENTATION_CONTEXT() REPRESENTATION_CONTEXT('2D SPACE',''
  ) );
#2680 = ORIENTED_EDGE('',*,*,#2499,.F.);
#2681 = ADVANCED_FACE('',(#2682),#2488,.T.);
#2682 = FACE_BOUND('',#2683,.T.);
#2683 = EDGE_LOOP('',(#2684,#2707,#2728,#2729));
#2684 = ORIENTED_EDGE('',*,*,#2685,.F.);
#2685 = EDGE_CURVE('',#2686,#2448,#2688,.T.);
#2686 = VERTEX_POINT('',#2687);
#2687 = CARTESIAN_POINT('',(-97.,-57.,-127.));
#2688 = SURFACE_CURVE('',#2689,(#2693,#2700),.PCURVE_S1.);
#2689 = LINE('',#2690,#2691);
#2690 = CARTESIAN_POINT('',(-97.,-57.,-127.));
#2691 = VECTOR('',#2692,1.);
#2692 = DIRECTION('',(-0.,1.,0.));
#2693 = PCURVE('',#2488,#2694);
#2694 = DEFINITIONAL_REPRESENTATION('',(#2695),#2699);
#2695 = LINE('',#2696,#2697);
#2696 = CARTESIAN_POINT('',(0.,0.));
#2697 = VECTOR('',#2698,1.);
#2698 = DIRECTION('',(0.,1.));
#2699 = ( GEOMETRIC_REPRESENTATION_CONTEXT(2) 
PARAMETRIC_REPRESENTATION_CONTEXT() REPRESENTATION_CONTEXT('2D SPACE',''
  ) );
#2700 = PCURVE('',#2462,#2701);
#2701 = DEFINITIONAL_REPRESENTATION('',(#2702),#2706);
#2702 = LINE('',#2703,#2704);
#2703 = CARTESIAN_POINT('',(0.,0.));
#2704 = VECTOR('',#2705,1.);
#2705 = DIRECTION('',(0.,-1.));
#2706 = ( GEOMETRIC_REPRESENTATION_CONTEXT(2) 
PARAMETRIC_REPRESENTATION_CONTEXT() REPRESENTATION_CONTEXT('2D SPACE',''
  ) );
#2707 = ORIENTED_EDGE('',*,*,#2708,.T.);
#2708 = EDGE_CURVE('',#2686,#2638,#2709,.T.);
#2709 = SURFACE_CURVE('',#2710,(#2714,#2721),.PCURVE_S1.);
#2710 = LINE('',#2711,#2712);
#2711 = CARTESIAN_POINT('',(-97.,-57.,-127.));
#2712 = VECTOR('',#2713,1.);
#2713 = DIRECTION('',(1.,0.,-0.));
#2714 = PCURVE('',#2488,#2715);
#2715 = DEFINITIONAL_REPRESENTATION('',(#2716),#2720);
#2716 = LINE('',#2717,#2718);
#2717 = CARTESIAN_POINT('',(0.,0.));
#2718 = VECTOR('',#2719,1.);
#2719 = DIRECTION('',(1.,0.));
#2720 = ( GEOMETRIC_REPRESENTATION_CONTEXT(2) 
PARAMETRIC_REPRESENTATION_CONTEXT() REPRESENTATION_CONTEXT('2D SPACE',''
  ) );
#2721 = PCURVE('',#2599,#2722);
#2722 = DEFINITIONAL_REPRESENTATION('',(#2723),#2727);
#2723 = LINE('',#2724,#2725);
#2724 = CARTESIAN_POINT('',(0.,0.));
#2725 = VECTOR('',#2726,1.);
#2726 = DIRECTION('',(0.,1.));
#2727 = ( GEOMETRIC_REPRESENTATION_CONTEXT(2) 
PARAMETRIC_REPRESENTATION_CONTEXT() REPRESENTATION_CONTEXT('2D SPACE',''
  ) );
#2728 = ORIENTED_EDGE('',*,*,#2660,.T.);
#2729 = ORIENTED_EDGE('',*,*,#2473,.F.);
#2730 = ADVANCED_FACE('',(#2731),#2462,.T.);
#2731 = FACE_BOUND('',#2732,.T.);
#2732 = EDGE_LOOP('',(#2733,#2734,#2755,#2756));
#2733 = ORIENTED_EDGE('',*,*,#2560,.F.);
#2734 = ORIENTED_EDGE('',*,*,#2735,.F.);
#2735 = EDGE_CURVE('',#2686,#2561,#2736,.T.);
#2736 = SURFACE_CURVE('',#2737,(#2741,#2748),.PCURVE_S1.);
#2737 = LINE('',#2738,#2739);
#2738 = CARTESIAN_POINT('',(-97.,-57.,-127.));
#2739 = VECTOR('',#2740,1.);
#2740 = DIRECTION('',(0.,0.,1.));
#2741 = PCURVE('',#2462,#2742);
#2742 = DEFINITIONAL_REPRESENTATION('',(#2743),#2747);
#2743 = LINE('',#2744,#2745);
#2744 = CARTESIAN_POINT('',(0.,0.));
#2745 = VECTOR('',#2746,1.);
#2746 = DIRECTION('',(1.,0.));
#2747 = ( GEOMETRIC_REPRESENTATION_CONTEXT(2) 
PARAMETRIC_REPRESENTATION_CONTEXT() REPRESENTATION_CONTEXT('2D SPACE',''
  ) );
#2748 = PCURVE('',#2599,#2749);
#2749 = DEFINITIONAL_REPRESENTATION('',(#2750),#2754);
#2750 = LINE('',#2751,#2752);
#2751 = CARTESIAN_POINT('',(0.,0.));
#2752 = VECTOR('',#2753,1.);
#2753 = DIRECTION('',(1.,0.));
#2754 = ( GEOMETRIC_REPRESENTATION_CONTEXT(2) 
PARAMETRIC_REPRESENTATION_CONTEXT() REPRESENTATION_CONTEXT('2D SPACE',''
  ) );
#2755 = ORIENTED_EDGE('',*,*,#2685,.T.);
#2756 = ORIENTED_EDGE('',*,*,#2447,.F.);
#2757 = ADVANCED_FACE('',(#2758),#2599,.T.);
#2758 = FACE_BOUND('',#2759,.T.);
#2759 = EDGE_LOOP('',(#2760,#2761,#2762,#2763));
#2760 = ORIENTED_EDGE('',*,*,#2708,.F.);
#2761 = ORIENTED_EDGE('',*,*,#2735,.T.);
#2762 = ORIENTED_EDGE('',*,*,#2583,.T.);
#2763 = ORIENTED_EDGE('',*,*,#2637,.F.);
#2764 = ( GEOMETRIC_REPRESENTATION_CONTEXT(3) 
GLOBAL_UNCERTAINTY_ASSIGNED_CONTEXT((#2768)) 
GLOBAL_UNIT_ASSIGNED_CONTEXT((#2765,#2766,#2767)) REPRESENTATION_CONTEXT
('Context #1','3D Context with UNIT and UNCERTAINTY') );
#2765 = ( LENGTH_UNIT() NAMED_UNIT(*) SI_UNIT(.MILLI.,.METRE.) );
#2766 = ( NAMED_UNIT(*) PLANE_ANGLE_UNIT() SI_UNIT($,.RADIAN.) );
#2767 = ( NAMED_UNIT(*) SI_UNIT($,.STERADIAN.) SOLID_ANGLE_UNIT() );
#2768 = UNCERTAINTY_MEASURE_WITH_UNIT(LENGTH_MEASURE(1.E-07),#2765,
  'distance_accuracy_value','confusion accuracy');
#2769 = CONTEXT_DEPENDENT_SHAPE_REPRESENTATION(#2770,#2772);
#2770 = ( REPRESENTATION_RELATIONSHIP('','',#2119,#10) 
REPRESENTATION_RELATIONSHIP_WITH_TRANSFORMATION(#2771) 
SHAPE_REPRESENTATION_RELATIONSHIP() );
#2771 = ITEM_DEFINED_TRANSFORMATION('','',#11,#19);
#2772 = PRODUCT_DEFINITION_SHAPE('Placement','Placement of an item',
  #2773);
#2773 = NEXT_ASSEMBLY_USAGE_OCCURRENCE('29','=>[0:1:1:3]','',#5,#2114,$
  );
#2774 = PRODUCT_RELATED_PRODUCT_CATEGORY('part',$,(#2116));
#2775 = SHAPE_DEFINITION_REPRESENTATION(#2776,#2782);
#2776 = PRODUCT_DEFINITION_SHAPE('','',#2777);
#2777 = PRODUCT_DEFINITION('design','',#2778,#2781);
#2778 = PRODUCT_DEFINITION_FORMATION('','',#2779);
#2779 = PRODUCT('COMPOUND','COMPOUND','',(#2780));
#2780 = PRODUCT_CONTEXT('',#2,'mechanical');
#2781 = PRODUCT_DEFINITION_CONTEXT('part definition',#2,'design');
#2782 = ADVANCED_BREP_SHAPE_REPRESENTATION('',(#11,#2783),#3113);
#2783 = MANIFOLD_SOLID_BREP('',#2784);
#2784 = CLOSED_SHELL('',(#2785,#2905,#3005,#3052,#3099,#3106));
#2785 = ADVANCED_FACE('',(#2786),#2800,.F.);
#2786 = FACE_BOUND('',#2787,.F.);
#2787 = EDGE_LOOP('',(#2788,#2823,#2851,#2879));
#2788 = ORIENTED_EDGE('',*,*,#2789,.F.);
#2789 = EDGE_CURVE('',#2790,#2792,#2794,.T.);
#2790 = VERTEX_POINT('',#2791);
#2791 = CARTESIAN_POINT('',(-40.,-20.,-65.));
#2792 = VERTEX_POINT('',#2793);
#2793 = CARTESIAN_POINT('',(-40.,-20.,65.));
#2794 = SURFACE_CURVE('',#2795,(#2799,#2811),.PCURVE_S1.);
#2795 = LINE('',#2796,#2797);
#2796 = CARTESIAN_POINT('',(-40.,-20.,-65.));
#2797 = VECTOR('',#2798,1.);
#2798 = DIRECTION('',(0.,0.,1.));
#2799 = PCURVE('',#2800,#2805);
#2800 = PLANE('',#2801);
#2801 = AXIS2_PLACEMENT_3D('',#2802,#2803,#2804);
#2802 = CARTESIAN_POINT('',(-40.,-20.,-65.));
#2803 = DIRECTION('',(1.,0.,-0.));
#2804 = DIRECTION('',(0.,0.,1.));
#2805 = DEFINITIONAL_REPRESENTATION('',(#2806),#2810);
#2806 = LINE('',#2807,#2808);
#2807 = CARTESIAN_POINT('',(0.,0.));
#2808 = VECTOR('',#2809,1.);
#2809 = DIRECTION('',(1.,0.));
#2810 = ( GEOMETRIC_REPRESENTATION_CONTEXT(2) 
PARAMETRIC_REPRESENTATION_CONTEXT() REPRESENTATION_CONTEXT('2D SPACE',''
  ) );
#2811 = PCURVE('',#2812,#2817);
#2812 = PLANE('',#2813);
#2813 = AXIS2_PLACEMENT_3D('',#2814,#2815,#2816);
#2814 = CARTESIAN_POINT('',(-40.,-20.,-65.));
#2815 = DIRECTION('',(-0.,1.,0.));
#2816 = DIRECTION('',(0.,0.,1.));
#2817 = DEFINITIONAL_REPRESENTATION('',(#2818),#2822);
#2818 = LINE('',#2819,#2820);
#2819 = CARTESIAN_POINT('',(0.,0.));
#2820 = VECTOR('',#2821,1.);
#2821 = DIRECTION('',(1.,0.));
#2822 = ( GEOMETRIC_REPRESENTATION_CONTEXT(2) 
PARAMETRIC_REPRESENTATION_CONTEXT() REPRESENTATION_CONTEXT('2D SPACE',''
  ) );
#2823 = ORIENTED_EDGE('',*,*,#2824,.T.);
#2824 = EDGE_CURVE('',#2790,#2825,#2827,.T.);
#2825 = VERTEX_POINT('',#2826);
#2826 = CARTESIAN_POINT('',(-40.,20.,-65.));
#2827 = SURFACE_CURVE('',#2828,(#2832,#2839),.PCURVE_S1.);
#2828 = LINE('',#2829,#2830);
#2829 = CARTESIAN_POINT('',(-40.,-20.,-65.));
#2830 = VECTOR('',#2831,1.);
#2831 = DIRECTION('',(-0.,1.,0.));
#2832 = PCURVE('',#2800,#2833);
#2833 = DEFINITIONAL_REPRESENTATION('',(#2834),#2838);
#2834 = LINE('',#2835,#2836);
#2835 = CARTESIAN_POINT('',(0.,0.));
#2836 = VECTOR('',#2837,1.);
#2837 = DIRECTION('',(0.,-1.));
#2838 = ( GEOMETRIC_REPRESENTATION_CONTEXT(2) 
PARAMETRIC_REPRESENTATION_CONTEXT() REPRESENTATION_CONTEXT('2D SPACE',''
  ) );
#2839 = PCURVE('',#2840,#2845);
#2840 = PLANE('',#2841);
#2841 = AXIS2_PLACEMENT_3D('',#2842,#2843,#2844);
#2842 = CARTESIAN_POINT('',(-40.,-20.,-65.));
#2843 = DIRECTION('',(0.,0.,1.));
#2844 = DIRECTION('',(1.,0.,-0.));
#2845 = DEFINITIONAL_REPRESENTATION('',(#2846),#2850);
#2846 = LINE('',#2847,#2848);
#2847 = CARTESIAN_POINT('',(0.,0.));
#2848 = VECTOR('',#2849,1.);
#2849 = DIRECTION('',(0.,1.));
#2850 = ( GEOMETRIC_REPRESENTATION_CONTEXT(2) 
PARAMETRIC_REPRESENTATION_CONTEXT() REPRESENTATION_CONTEXT('2D SPACE',''
  ) );
#2851 = ORIENTED_EDGE('',*,*,#2852,.T.);
#2852 = EDGE_CURVE('',#2825,#2853,#2855,.T.);
#2853 = VERTEX_POINT('',#2854);
#2854 = CARTESIAN_POINT('',(-40.,20.,65.));
#2855 = SURFACE_CURVE('',#2856,(#2860,#2867),.PCURVE_S1.);
#2856 = LINE('',#2857,#2858);
#2857 = CARTESIAN_POINT('',(-40.,20.,-65.));
#2858 = VECTOR('',#2859,1.);
#2859 = DIRECTION('',(0.,0.,1.));
#2860 = PCURVE('',#2800,#2861);
#2861 = DEFINITIONAL_REPRESENTATION('',(#2862),#2866);
#2862 = LINE('',#2863,#2864);
#2863 = CARTESIAN_POINT('',(0.,-40.));
#2864 = VECTOR('',#2865,1.);
#2865 = DIRECTION('',(1.,0.));
#2866 = ( GEOMETRIC_REPRESENTATION_CONTEXT(2) 
PARAMETRIC_REPRESENTATION_CONTEXT() REPRESENTATION_CONTEXT('2D SPACE',''
  ) );
#2867 = PCURVE('',#2868,#2873);
#2868 = PLANE('',#2869);
#2869 = AXIS2_PLACEMENT_3D('',#2870,#2871,#2872);
#2870 = CARTESIAN_POINT('',(-40.,20.,-65.));
#2871 = DIRECTION('',(-0.,1.,0.));
#2872 = DIRECTION('',(0.,0.,1.));
#2873 = DEFINITIONAL_REPRESENTATION('',(#2874),#2878);
#2874 = LINE('',#2875,#2876);
#2875 = CARTESIAN_POINT('',(0.,0.));
#2876 = VECTOR('',#2877,1.);
#2877 = DIRECTION('',(1.,0.));
#2878 = ( GEOMETRIC_REPRESENTATION_CONTEXT(2) 
PARAMETRIC_REPRESENTATION_CONTEXT() REPRESENTATION_CONTEXT('2D SPACE',''
  ) );
#2879 = ORIENTED_EDGE('',*,*,#2880,.F.);
#2880 = EDGE_CURVE('',#2792,#2853,#2881,.T.);
#2881 = SURFACE_CURVE('',#2882,(#2886,#2893),.PCURVE_S1.);
#2882 = LINE('',#2883,#2884);
#2883 = CARTESIAN_POINT('',(-40.,-20.,65.));
#2884 = VECTOR('',#2885,1.);
#2885 = DIRECTION('',(-0.,1.,0.));
#2886 = PCURVE('',#2800,#2887);
#2887 = DEFINITIONAL_REPRESENTATION('',(#2888),#2892);
#2888 = LINE('',#2889,#2890);
#2889 = CARTESIAN_POINT('',(130.,0.));
#2890 = VECTOR('',#2891,1.);
#2891 = DIRECTION('',(0.,-1.));
#2892 = ( GEOMETRIC_REPRESENTATION_CONTEXT(2) 
PARAMETRIC_REPRESENTATION_CONTEXT() REPRESENTATION_CONTEXT('2D SPACE',''
  ) );
#2893 = PCURVE('',#2894,#2899);
#2894 = PLANE('',#2895);
#2895 = AXIS2_PLACEMENT_3D('',#2896,#2897,#2898);
#2896 = CARTESIAN_POINT('',(-40.,-20.,65.));
#2897 = DIRECTION('',(0.,0.,1.));
#2898 = DIRECTION('',(1.,0.,-0.));
#2899 = DEFINITIONAL_REPRESENTATION('',(#2900),#2904);
#2900 = LINE('',#2901,#2902);
#2901 = CARTESIAN_POINT('',(0.,0.));
#2902 = VECTOR('',#2903,1.);
#2903 = DIRECTION('',(0.,1.));
#2904 = ( GEOMETRIC_REPRESENTATION_CONTEXT(2) 
PARAMETRIC_REPRESENTATION_CONTEXT() REPRESENTATION_CONTEXT('2D SPACE',''
  ) );
#2905 = ADVANCED_FACE('',(#2906),#2920,.T.);
#2906 = FACE_BOUND('',#2907,.T.);
#2907 = EDGE_LOOP('',(#2908,#2938,#2961,#2984));
#2908 = ORIENTED_EDGE('',*,*,#2909,.F.);
#2909 = EDGE_CURVE('',#2910,#2912,#2914,.T.);
#2910 = VERTEX_POINT('',#2911);
#2911 = CARTESIAN_POINT('',(40.,-20.,-65.));
#2912 = VERTEX_POINT('',#2913);
#2913 = CARTESIAN_POINT('',(40.,-20.,65.));
#2914 = SURFACE_CURVE('',#2915,(#2919,#2931),.PCURVE_S1.);
#2915 = LINE('',#2916,#2917);
#2916 = CARTESIAN_POINT('',(40.,-20.,-65.));
#2917 = VECTOR('',#2918,1.);
#2918 = DIRECTION('',(0.,0.,1.));
#2919 = PCURVE('',#2920,#2925);
#2920 = PLANE('',#2921);
#2921 = AXIS2_PLACEMENT_3D('',#2922,#2923,#2924);
#2922 = CARTESIAN_POINT('',(40.,-20.,-65.));
#2923 = DIRECTION('',(1.,0.,-0.));
#2924 = DIRECTION('',(0.,0.,1.));
#2925 = DEFINITIONAL_REPRESENTATION('',(#2926),#2930);
#2926 = LINE('',#2927,#2928);
#2927 = CARTESIAN_POINT('',(0.,0.));
#2928 = VECTOR('',#2929,1.);
#2929 = DIRECTION('',(1.,0.));
#2930 = ( GEOMETRIC_REPRESENTATION_CONTEXT(2) 
PARAMETRIC_REPRESENTATION_CONTEXT() REPRESENTATION_CONTEXT('2D SPACE',''
  ) );
#2931 = PCURVE('',#2812,#2932);
#2932 = DEFINITIONAL_REPRESENTATION('',(#2933),#2937);
#2933 = LINE('',#2934,#2935);
#2934 = CARTESIAN_POINT('',(0.,80.));
#2935 = VECTOR('',#2936,1.);
#2936 = DIRECTION('',(1.,0.));
#2937 = ( GEOMETRIC_REPRESENTATION_CONTEXT(2) 
PARAMETRIC_REPRESENTATION_CONTEXT() REPRESENTATION_CONTEXT('2D SPACE',''
  ) );
#2938 = ORIENTED_EDGE('',*,*,#2939,.T.);
#2939 = EDGE_CURVE('',#2910,#2940,#2942,.T.);
#2940 = VERTEX_POINT('',#2941);
#2941 = CARTESIAN_POINT('',(40.,20.,-65.));
#2942 = SURFACE_CURVE('',#2943,(#2947,#2954),.PCURVE_S1.);
#2943 = LINE('',#2944,#2945);
#2944 = CARTESIAN_POINT('',(40.,-20.,-65.));
#2945 = VECTOR('',#2946,1.);
#2946 = DIRECTION('',(-0.,1.,0.));
#2947 = PCURVE('',#2920,#2948);
#2948 = DEFINITIONAL_REPRESENTATION('',(#2949),#2953);
#2949 = LINE('',#2950,#2951);
#2950 = CARTESIAN_POINT('',(0.,0.));
#2951 = VECTOR('',#2952,1.);
#2952 = DIRECTION('',(0.,-1.));
#2953 = ( GEOMETRIC_REPRESENTATION_CONTEXT(2) 
PARAMETRIC_REPRESENTATION_CONTEXT() REPRESENTATION_CONTEXT('2D SPACE',''
  ) );
#2954 = PCURVE('',#2840,#2955);
#2955 = DEFINITIONAL_REPRESENTATION('',(#2956),#2960);
#2956 = LINE('',#2957,#2958);
#2957 = CARTESIAN_POINT('',(80.,0.));
#2958 = VECTOR('',#2959,1.);
#2959 = DIRECTION('',(0.,1.));
#2960 = ( GEOMETRIC_REPRESENTATION_CONTEXT(2) 
PARAMETRIC_REPRESENTATION_CONTEXT() REPRESENTATION_CONTEXT('2D SPACE',''
  ) );
#2961 = ORIENTED_EDGE('',*,*,#2962,.T.);
#2962 = EDGE_CURVE('',#2940,#2963,#2965,.T.);
#2963 = VERTEX_POINT('',#2964);
#2964 = CARTESIAN_POINT('',(40.,20.,65.));
#2965 = SURFACE_CURVE('',#2966,(#2970,#2977),.PCURVE_S1.);
#2966 = LINE('',#2967,#2968);
#2967 = CARTESIAN_POINT('',(40.,20.,-65.));
#2968 = VECTOR('',#2969,1.);
#2969 = DIRECTION('',(0.,0.,1.));
#2970 = PCURVE('',#2920,#2971);
#2971 = DEFINITIONAL_REPRESENTATION('',(#2972),#2976);
#2972 = LINE('',#2973,#2974);
#2973 = CARTESIAN_POINT('',(0.,-40.));
#2974 = VECTOR('',#2975,1.);
#2975 = DIRECTION('',(1.,0.));
#2976 = ( GEOMETRIC_REPRESENTATION_CONTEXT(2) 
PARAMETRIC_REPRESENTATION_CONTEXT() REPRESENTATION_CONTEXT('2D SPACE',''
  ) );
#2977 = PCURVE('',#2868,#2978);
#2978 = DEFINITIONAL_REPRESENTATION('',(#2979),#2983);
#2979 = LINE('',#2980,#2981);
#2980 = CARTESIAN_POINT('',(0.,80.));
#2981 = VECTOR('',#2982,1.);
#2982 = DIRECTION('',(1.,0.));
#2983 = ( GEOMETRIC_REPRESENTATION_CONTEXT(2) 
PARAMETRIC_REPRESENTATION_CONTEXT() REPRESENTATION_CONTEXT('2D SPACE',''
  ) );
#2984 = ORIENTED_EDGE('',*,*,#2985,.F.);
#2985 = EDGE_CURVE('',#2912,#2963,#2986,.T.);
#2986 = SURFACE_CURVE('',#2987,(#2991,#2998),.PCURVE_S1.);
#2987 = LINE('',#2988,#2989);
#2988 = CARTESIAN_POINT('',(40.,-20.,65.));
#2989 = VECTOR('',#2990,1.);
#2990 = DIRECTION('',(-0.,1.,0.));
#2991 = PCURVE('',#2920,#2992);
#2992 = DEFINITIONAL_REPRESENTATION('',(#2993),#2997);
#2993 = LINE('',#2994,#2995);
#2994 = CARTESIAN_POINT('',(130.,0.));
#2995 = VECTOR('',#2996,1.);
#2996 = DIRECTION('',(0.,-1.));
#2997 = ( GEOMETRIC_REPRESENTATION_CONTEXT(2) 
PARAMETRIC_REPRESENTATION_CONTEXT() REPRESENTATION_CONTEXT('2D SPACE',''
  ) );
#2998 = PCURVE('',#2894,#2999);
#2999 = DEFINITIONAL_REPRESENTATION('',(#3000),#3004);
#3000 = LINE('',#3001,#3002);
#3001 = CARTESIAN_POINT('',(80.,0.));
#3002 = VECTOR('',#3003,1.);
#3003 = DIRECTION('',(0.,1.));
#3004 = ( GEOMETRIC_REPRESENTATION_CONTEXT(2) 
PARAMETRIC_REPRESENTATION_CONTEXT() REPRESENTATION_CONTEXT('2D SPACE',''
  ) );
#3005 = ADVANCED_FACE('',(#3006),#2812,.F.);
#3006 = FACE_BOUND('',#3007,.F.);
#3007 = EDGE_LOOP('',(#3008,#3029,#3030,#3051));
#3008 = ORIENTED_EDGE('',*,*,#3009,.F.);
#3009 = EDGE_CURVE('',#2790,#2910,#3010,.T.);
#3010 = SURFACE_CURVE('',#3011,(#3015,#3022),.PCURVE_S1.);
#3011 = LINE('',#3012,#3013);
#3012 = CARTESIAN_POINT('',(-40.,-20.,-65.));
#3013 = VECTOR('',#3014,1.);
#3014 = DIRECTION('',(1.,0.,-0.));
#3015 = PCURVE('',#2812,#3016);
#3016 = DEFINITIONAL_REPRESENTATION('',(#3017),#3021);
#3017 = LINE('',#3018,#3019);
#3018 = CARTESIAN_POINT('',(0.,0.));
#3019 = VECTOR('',#3020,1.);
#3020 = DIRECTION('',(0.,1.));
#3021 = ( GEOMETRIC_REPRESENTATION_CONTEXT(2) 
PARAMETRIC_REPRESENTATION_CONTEXT() REPRESENTATION_CONTEXT('2D SPACE',''
  ) );
#3022 = PCURVE('',#2840,#3023);
#3023 = DEFINITIONAL_REPRESENTATION('',(#3024),#3028);
#3024 = LINE('',#3025,#3026);
#3025 = CARTESIAN_POINT('',(0.,0.));
#3026 = VECTOR('',#3027,1.);
#3027 = DIRECTION('',(1.,0.));
#3028 = ( GEOMETRIC_REPRESENTATION_CONTEXT(2) 
PARAMETRIC_REPRESENTATION_CONTEXT() REPRESENTATION_CONTEXT('2D SPACE',''
  ) );
#3029 = ORIENTED_EDGE('',*,*,#2789,.T.);
#3030 = ORIENTED_EDGE('',*,*,#3031,.T.);
#3031 = EDGE_CURVE('',#2792,#2912,#3032,.T.);
#3032 = SURFACE_CURVE('',#3033,(#3037,#3044),.PCURVE_S1.);
#3033 = LINE('',#3034,#3035);
#3034 = CARTESIAN_POINT('',(-40.,-20.,65.));
#3035 = VECTOR('',#3036,1.);
#3036 = DIRECTION('',(1.,0.,-0.));
#3037 = PCURVE('',#2812,#3038);
#3038 = DEFINITIONAL_REPRESENTATION('',(#3039),#3043);
#3039 = LINE('',#3040,#3041);
#3040 = CARTESIAN_POINT('',(130.,0.));
#3041 = VECTOR('',#3042,1.);
#3042 = DIRECTION('',(0.,1.));
#3043 = ( GEOMETRIC_REPRESENTATION_CONTEXT(2) 
PARAMETRIC_REPRESENTATION_CONTEXT() REPRESENTATION_CONTEXT('2D SPACE',''
  ) );
#3044 = PCURVE('',#2894,#3045);
#3045 = DEFINITIONAL_REPRESENTATION('',(#3046),#3050);
#3046 = LINE('',#3047,#3048);
#3047 = CARTESIAN_POINT('',(0.,0.));
#3048 = VECTOR('',#3049,1.);
#3049 = DIRECTION('',(1.,0.));
#3050 = ( GEOMETRIC_REPRESENTATION_CONTEXT(2) 
PARAMETRIC_REPRESENTATION_CONTEXT() REPRESENTATION_CONTEXT('2D SPACE',''
  ) );
#3051 = ORIENTED_EDGE('',*,*,#2909,.F.);
#3052 = ADVANCED_FACE('',(#3053),#2868,.T.);
#3053 = FACE_BOUND('',#3054,.T.);
#3054 = EDGE_LOOP('',(#3055,#3076,#3077,#3098));
#3055 = ORIENTED_EDGE('',*,*,#3056,.F.);
#3056 = EDGE_CURVE('',#2825,#2940,#3057,.T.);
#3057 = SURFACE_CURVE('',#3058,(#3062,#3069),.PCURVE_S1.);
#3058 = LINE('',#3059,#3060);
#3059 = CARTESIAN_POINT('',(-40.,20.,-65.));
#3060 = VECTOR('',#3061,1.);
#3061 = DIRECTION('',(1.,0.,-0.));
#3062 = PCURVE('',#2868,#3063);
#3063 = DEFINITIONAL_REPRESENTATION('',(#3064),#3068);
#3064 = LINE('',#3065,#3066);
#3065 = CARTESIAN_POINT('',(0.,0.));
#3066 = VECTOR('',#3067,1.);
#3067 = DIRECTION('',(0.,1.));
#3068 = ( GEOMETRIC_REPRESENTATION_CONTEXT(2) 
PARAMETRIC_REPRESENTATION_CONTEXT() REPRESENTATION_CONTEXT('2D SPACE',''
  ) );
#3069 = PCURVE('',#2840,#3070);
#3070 = DEFINITIONAL_REPRESENTATION('',(#3071),#3075);
#3071 = LINE('',#3072,#3073);
#3072 = CARTESIAN_POINT('',(0.,40.));
#3073 = VECTOR('',#3074,1.);
#3074 = DIRECTION('',(1.,0.));
#3075 = ( GEOMETRIC_REPRESENTATION_CONTEXT(2) 
PARAMETRIC_REPRESENTATION_CONTEXT() REPRESENTATION_CONTEXT('2D SPACE',''
  ) );
#3076 = ORIENTED_EDGE('',*,*,#2852,.T.);
#3077 = ORIENTED_EDGE('',*,*,#3078,.T.);
#3078 = EDGE_CURVE('',#2853,#2963,#3079,.T.);
#3079 = SURFACE_CURVE('',#3080,(#3084,#3091),.PCURVE_S1.);
#3080 = LINE('',#3081,#3082);
#3081 = CARTESIAN_POINT('',(-40.,20.,65.));
#3082 = VECTOR('',#3083,1.);
#3083 = DIRECTION('',(1.,0.,-0.));
#3084 = PCURVE('',#2868,#3085);
#3085 = DEFINITIONAL_REPRESENTATION('',(#3086),#3090);
#3086 = LINE('',#3087,#3088);
#3087 = CARTESIAN_POINT('',(130.,0.));
#3088 = VECTOR('',#3089,1.);
#3089 = DIRECTION('',(0.,1.));
#3090 = ( GEOMETRIC_REPRESENTATION_CONTEXT(2) 
PARAMETRIC_REPRESENTATION_CONTEXT() REPRESENTATION_CONTEXT('2D SPACE',''
  ) );
#3091 = PCURVE('',#2894,#3092);
#3092 = DEFINITIONAL_REPRESENTATION('',(#3093),#3097);
#3093 = LINE('',#3094,#3095);
#3094 = CARTESIAN_POINT('',(0.,40.));
#3095 = VECTOR('',#3096,1.);
#3096 = DIRECTION('',(1.,0.));
#3097 = ( GEOMETRIC_REPRESENTATION_CONTEXT(2) 
PARAMETRIC_REPRESENTATION_CONTEXT() REPRESENTATION_CONTEXT('2D SPACE',''
  ) );
#3098 = ORIENTED_EDGE('',*,*,#2962,.F.);
#3099 = ADVANCED_FACE('',(#3100),#2840,.F.);
#3100 = FACE_BOUND('',#3101,.F.);
#3101 = EDGE_LOOP('',(#3102,#3103,#3104,#3105));
#3102 = ORIENTED_EDGE('',*,*,#2824,.F.);
#3103 = ORIENTED_EDGE('',*,*,#3009,.T.);
#3104 = ORIENTED_EDGE('',*,*,#2939,.T.);
#3105 = ORIENTED_EDGE('',*,*,#3056,.F.);
#3106 = ADVANCED_FACE('',(#3107),#2894,.T.);
#3107 = FACE_BOUND('',#3108,.T.);
#3108 = EDGE_LOOP('',(#3109,#3110,#3111,#3112));
#3109 = ORIENTED_EDGE('',*,*,#2880,.F.);
#3110 = ORIENTED_EDGE('',*,*,#3031,.T.);
#3111 = ORIENTED_EDGE('',*,*,#2985,.T.);
#3112 = ORIENTED_EDGE('',*,*,#3078,.F.);
#3113 = ( GEOMETRIC_REPRESENTATION_CONTEXT(3) 
GLOBAL_UNCERTAINTY_ASSIGNED_CONTEXT((#3117)) 
GLOBAL_UNIT_ASSIGNED_CONTEXT((#3114,#3115,#3116)) REPRESENTATION_CONTEXT
('Context #1','3D Context with UNIT and UNCERTAINTY') );
#3114 = ( LENGTH_UNIT() NAMED_UNIT(*) SI_UNIT(.MILLI.,.METRE.) );
#3115 = ( NAMED_UNIT(*) PLANE_ANGLE_UNIT() SI_UNIT($,.RADIAN.) );
#3116 = ( NAMED_UNIT(*) SI_UNIT($,.STERADIAN.) SOLID_ANGLE_UNIT() );
#3117 = UNCERTAINTY_MEASURE_WITH_UNIT(LENGTH_MEASURE(1.E-07),#3114,
  'distance_accuracy_value','confusion accuracy');
#3118 = CONTEXT_DEPENDENT_SHAPE_REPRESENTATION(#3119,#3121);
#3119 = ( REPRESENTATION_RELATIONSHIP('','',#2782,#10) 
REPRESENTATION_RELATIONSHIP_WITH_TRANSFORMATION(#3120) 
SHAPE_REPRESENTATION_RELATIONSHIP() );
#3120 = ITEM_DEFINED_TRANSFORMATION('','',#11,#23);
#3121 = PRODUCT_DEFINITION_SHAPE('Placement','Placement of an item',
  #3122);
#3122 = NEXT_ASSEMBLY_USAGE_OCCURRENCE('30','=>[0:1:1:4]','',#5,#2777,$
  );
#3123 = PRODUCT_RELATED_PRODUCT_CATEGORY('part',$,(#2779));
#3124 = SHAPE_DEFINITION_REPRESENTATION(#3125,#3131);
#3125 = PRODUCT_DEFINITION_SHAPE('','',#3126);
#3126 = PRODUCT_DEFINITION('design','',#3127,#3130);
#3127 = PRODUCT_DEFINITION_FORMATION('','',#3128);
#3128 = PRODUCT('COMPOUND','COMPOUND','',(#3129));
#3129 = PRODUCT_CONTEXT('',#2,'mechanical');
#3130 = PRODUCT_DEFINITION_CONTEXT('part definition',#2,'design');
#3131 = ADVANCED_BREP_SHAPE_REPRESENTATION('',(#11,#3132),#3822);
#3132 = MANIFOLD_SOLID_BREP('',#3133);
#3133 = CLOSED_SHELL('',(#3134,#3254,#3330,#3379,#3552,#3579,#3586,#3641
    ,#3696,#3751,#3806,#3810,#3814,#3818));
#3134 = ADVANCED_FACE('',(#3135),#3149,.F.);
#3135 = FACE_BOUND('',#3136,.F.);
#3136 = EDGE_LOOP('',(#3137,#3172,#3200,#3228));
#3137 = ORIENTED_EDGE('',*,*,#3138,.F.);
#3138 = EDGE_CURVE('',#3139,#3141,#3143,.T.);
#3139 = VERTEX_POINT('',#3140);
#3140 = CARTESIAN_POINT('',(470.,30.,1.255E+03));
#3141 = VERTEX_POINT('',#3142);
#3142 = CARTESIAN_POINT('',(470.,30.,1.375E+03));
#3143 = SURFACE_CURVE('',#3144,(#3148,#3160),.PCURVE_S1.);
#3144 = LINE('',#3145,#3146);
#3145 = CARTESIAN_POINT('',(470.,30.,1.255E+03));
#3146 = VECTOR('',#3147,1.);
#3147 = DIRECTION('',(0.,0.,1.));
#3148 = PCURVE('',#3149,#3154);
#3149 = PLANE('',#3150);
#3150 = AXIS2_PLACEMENT_3D('',#3151,#3152,#3153);
#3151 = CARTESIAN_POINT('',(470.,30.,1.255E+03));
#3152 = DIRECTION('',(1.,0.,-0.));
#3153 = DIRECTION('',(0.,0.,1.));
#3154 = DEFINITIONAL_REPRESENTATION('',(#3155),#3159);
#3155 = LINE('',#3156,#3157);
#3156 = CARTESIAN_POINT('',(0.,0.));
#3157 = VECTOR('',#3158,1.);
#3158 = DIRECTION('',(1.,0.));
#3159 = ( GEOMETRIC_REPRESENTATION_CONTEXT(2) 
PARAMETRIC_REPRESENTATION_CONTEXT() REPRESENTATION_CONTEXT('2D SPACE',''
  ) );
#3160 = PCURVE('',#3161,#3166);
#3161 = PLANE('',#3162);
#3162 = AXIS2_PLACEMENT_3D('',#3163,#3164,#3165);
#3163 = CARTESIAN_POINT('',(470.,30.,1.255E+03));
#3164 = DIRECTION('',(-0.,1.,0.));
#3165 = DIRECTION('',(0.,0.,1.));
#3166 = DEFINITIONAL_REPRESENTATION('',(#3167),#3171);
#3167 = LINE('',#3168,#3169);
#3168 = CARTESIAN_POINT('',(0.,0.));
#3169 = VECTOR('',#3170,1.);
#3170 = DIRECTION('',(1.,0.));
#3171 = ( GEOMETRIC_REPRESENTATION_CONTEXT(2) 
PARAMETRIC_REPRESENTATION_CONTEXT() REPRESENTATION_CONTEXT('2D SPACE',''
  ) );
#3172 = ORIENTED_EDGE('',*,*,#3173,.T.);
#3173 = EDGE_CURVE('',#3139,#3174,#3176,.T.);
#3174 = VERTEX_POINT('',#3175);
#3175 = CARTESIAN_POINT('',(470.,42.,1.255E+03));
#3176 = SURFACE_CURVE('',#3177,(#3181,#3188),.PCURVE_S1.);
#3177 = LINE('',#3178,#3179);
#3178 = CARTESIAN_POINT('',(470.,30.,1.255E+03));
#3179 = VECTOR('',#3180,1.);
#3180 = DIRECTION('',(-0.,1.,0.));
#3181 = PCURVE('',#3149,#3182);
#3182 = DEFINITIONAL_REPRESENTATION('',(#3183),#3187);
#3183 = LINE('',#3184,#3185);
#3184 = CARTESIAN_POINT('',(0.,0.));
#3185 = VECTOR('',#3186,1.);
#3186 = DIRECTION('',(0.,-1.));
#3187 = ( GEOMETRIC_REPRESENTATION_CONTEXT(2) 
PARAMETRIC_REPRESENTATION_CONTEXT() REPRESENTATION_CONTEXT('2D SPACE',''
  ) );
#3188 = PCURVE('',#3189,#3194);
#3189 = PLANE('',#3190);
#3190 = AXIS2_PLACEMENT_3D('',#3191,#3192,#3193);
#3191 = CARTESIAN_POINT('',(470.,30.,1.255E+03));
#3192 = DIRECTION('',(0.,0.,1.));
#3193 = DIRECTION('',(1.,0.,-0.));
#3194 = DEFINITIONAL_REPRESENTATION('',(#3195),#3199);
#3195 = LINE('',#3196,#3197);
#3196 = CARTESIAN_POINT('',(0.,0.));
#3197 = VECTOR('',#3198,1.);
#3198 = DIRECTION('',(0.,1.));
#3199 = ( GEOMETRIC_REPRESENTATION_CONTEXT(2) 
PARAMETRIC_REPRESENTATION_CONTEXT() REPRESENTATION_CONTEXT('2D SPACE',''
  ) );
#3200 = ORIENTED_EDGE('',*,*,#3201,.T.);
#3201 = EDGE_CURVE('',#3174,#3202,#3204,.T.);
#3202 = VERTEX_POINT('',#3203);
#3203 = CARTESIAN_POINT('',(470.,42.,1.375E+03));
#3204 = SURFACE_CURVE('',#3205,(#3209,#3216),.PCURVE_S1.);
#3205 = LINE('',#3206,#3207);
#3206 = CARTESIAN_POINT('',(470.,42.,1.255E+03));
#3207 = VECTOR('',#3208,1.);
#3208 = DIRECTION('',(0.,0.,1.));
#3209 = PCURVE('',#3149,#3210);
#3210 = DEFINITIONAL_REPRESENTATION('',(#3211),#3215);
#3211 = LINE('',#3212,#3213);
#3212 = CARTESIAN_POINT('',(0.,-12.));
#3213 = VECTOR('',#3214,1.);
#3214 = DIRECTION('',(1.,0.));
#3215 = ( GEOMETRIC_REPRESENTATION_CONTEXT(2) 
PARAMETRIC_REPRESENTATION_CONTEXT() REPRESENTATION_CONTEXT('2D SPACE',''
  ) );
#3216 = PCURVE('',#3217,#3222);
#3217 = PLANE('',#3218);
#3218 = AXIS2_PLACEMENT_3D('',#3219,#3220,#3221);
#3219 = CARTESIAN_POINT('',(470.,42.,1.255E+03));
#3220 = DIRECTION('',(-0.,1.,0.));
#3221 = DIRECTION('',(0.,0.,1.));
#3222 = DEFINITIONAL_REPRESENTATION('',(#3223),#3227);
#3223 = LINE('',#3224,#3225);
#3224 = CARTESIAN_POINT('',(0.,0.));
#3225 = VECTOR('',#3226,1.);
#3226 = DIRECTION('',(1.,0.));
#3227 = ( GEOMETRIC_REPRESENTATION_CONTEXT(2) 
PARAMETRIC_REPRESENTATION_CONTEXT() REPRESENTATION_CONTEXT('2D SPACE',''
  ) );
#3228 = ORIENTED_EDGE('',*,*,#3229,.F.);
#3229 = EDGE_CURVE('',#3141,#3202,#3230,.T.);
#3230 = SURFACE_CURVE('',#3231,(#3235,#3242),.PCURVE_S1.);
#3231 = LINE('',#3232,#3233);
#3232 = CARTESIAN_POINT('',(470.,30.,1.375E+03));
#3233 = VECTOR('',#3234,1.);
#3234 = DIRECTION('',(-0.,1.,0.));
#3235 = PCURVE('',#3149,#3236);
#3236 = DEFINITIONAL_REPRESENTATION('',(#3237),#3241);
#3237 = LINE('',#3238,#3239);
#3238 = CARTESIAN_POINT('',(120.,0.));
#3239 = VECTOR('',#3240,1.);
#3240 = DIRECTION('',(0.,-1.));
#3241 = ( GEOMETRIC_REPRESENTATION_CONTEXT(2) 
PARAMETRIC_REPRESENTATION_CONTEXT() REPRESENTATION_CONTEXT('2D SPACE',''
  ) );
#3242 = PCURVE('',#3243,#3248);
#3243 = PLANE('',#3244);
#3244 = AXIS2_PLACEMENT_3D('',#3245,#3246,#3247);
#3245 = CARTESIAN_POINT('',(470.,30.,1.375E+03));
#3246 = DIRECTION('',(0.,0.,1.));
#3247 = DIRECTION('',(1.,0.,-0.));
#3248 = DEFINITIONAL_REPRESENTATION('',(#3249),#3253);
#3249 = LINE('',#3250,#3251);
#3250 = CARTESIAN_POINT('',(0.,0.));
#3251 = VECTOR('',#3252,1.);
#3252 = DIRECTION('',(0.,1.));
#3253 = ( GEOMETRIC_REPRESENTATION_CONTEXT(2) 
PARAMETRIC_REPRESENTATION_CONTEXT() REPRESENTATION_CONTEXT('2D SPACE',''
  ) );
#3254 = ADVANCED_FACE('',(#3255),#3161,.F.);
#3255 = FACE_BOUND('',#3256,.F.);
#3256 = EDGE_LOOP('',(#3257,#3280,#3281,#3304));
#3257 = ORIENTED_EDGE('',*,*,#3258,.F.);
#3258 = EDGE_CURVE('',#3139,#3259,#3261,.T.);
#3259 = VERTEX_POINT('',#3260);
#3260 = CARTESIAN_POINT('',(560.,30.,1.255E+03));
#3261 = SURFACE_CURVE('',#3262,(#3266,#3273),.PCURVE_S1.);
#3262 = LINE('',#3263,#3264);
#3263 = CARTESIAN_POINT('',(470.,30.,1.255E+03));
#3264 = VECTOR('',#3265,1.);
#3265 = DIRECTION('',(1.,0.,-0.));
#3266 = PCURVE('',#3161,#3267);
#3267 = DEFINITIONAL_REPRESENTATION('',(#3268),#3272);
#3268 = LINE('',#3269,#3270);
#3269 = CARTESIAN_POINT('',(0.,0.));
#3270 = VECTOR('',#3271,1.);
#3271 = DIRECTION('',(0.,1.));
#3272 = ( GEOMETRIC_REPRESENTATION_CONTEXT(2) 
PARAMETRIC_REPRESENTATION_CONTEXT() REPRESENTATION_CONTEXT('2D SPACE',''
  ) );
#3273 = PCURVE('',#3189,#3274);
#3274 = DEFINITIONAL_REPRESENTATION('',(#3275),#3279);
#3275 = LINE('',#3276,#3277);
#3276 = CARTESIAN_POINT('',(0.,0.));
#3277 = VECTOR('',#3278,1.);
#3278 = DIRECTION('',(1.,0.));
#3279 = ( GEOMETRIC_REPRESENTATION_CONTEXT(2) 
PARAMETRIC_REPRESENTATION_CONTEXT() REPRESENTATION_CONTEXT('2D SPACE',''
  ) );
#3280 = ORIENTED_EDGE('',*,*,#3138,.T.);
#3281 = ORIENTED_EDGE('',*,*,#3282,.T.);
#3282 = EDGE_CURVE('',#3141,#3283,#3285,.T.);
#3283 = VERTEX_POINT('',#3284);
#3284 = CARTESIAN_POINT('',(560.,30.,1.375E+03));
#3285 = SURFACE_CURVE('',#3286,(#3290,#3297),.PCURVE_S1.);
#3286 = LINE('',#3287,#3288);
#3287 = CARTESIAN_POINT('',(470.,30.,1.375E+03));
#3288 = VECTOR('',#3289,1.);
#3289 = DIRECTION('',(1.,0.,-0.));
#3290 = PCURVE('',#3161,#3291);
#3291 = DEFINITIONAL_REPRESENTATION('',(#3292),#3296);
#3292 = LINE('',#3293,#3294);
#3293 = CARTESIAN_POINT('',(120.,0.));
#3294 = VECTOR('',#3295,1.);
#3295 = DIRECTION('',(0.,1.));
#3296 = ( GEOMETRIC_REPRESENTATION_CONTEXT(2) 
PARAMETRIC_REPRESENTATION_CONTEXT() REPRESENTATION_CONTEXT('2D SPACE',''
  ) );
#3297 = PCURVE('',#3243,#3298);
#3298 = DEFINITIONAL_REPRESENTATION('',(#3299),#3303);
#3299 = LINE('',#3300,#3301);
#3300 = CARTESIAN_POINT('',(0.,0.));
#3301 = VECTOR('',#3302,1.);
#3302 = DIRECTION('',(1.,0.));
#3303 = ( GEOMETRIC_REPRESENTATION_CONTEXT(2) 
PARAMETRIC_REPRESENTATION_CONTEXT() REPRESENTATION_CONTEXT('2D SPACE',''
  ) );
#3304 = ORIENTED_EDGE('',*,*,#3305,.F.);
#3305 = EDGE_CURVE('',#3259,#3283,#3306,.T.);
#3306 = SURFACE_CURVE('',#3307,(#3311,#3318),.PCURVE_S1.);
#3307 = LINE('',#3308,#3309);
#3308 = CARTESIAN_POINT('',(560.,30.,1.255E+03));
#3309 = VECTOR('',#3310,1.);
#3310 = DIRECTION('',(0.,0.,1.));
#3311 = PCURVE('',#3161,#3312);
#3312 = DEFINITIONAL_REPRESENTATION('',(#3313),#3317);
#3313 = LINE('',#3314,#3315);
#3314 = CARTESIAN_POINT('',(0.,90.));
#3315 = VECTOR('',#3316,1.);
#3316 = DIRECTION('',(1.,0.));
#3317 = ( GEOMETRIC_REPRESENTATION_CONTEXT(2) 
PARAMETRIC_REPRESENTATION_CONTEXT() REPRESENTATION_CONTEXT('2D SPACE',''
  ) );
#3318 = PCURVE('',#3319,#3324);
#3319 = PLANE('',#3320);
#3320 = AXIS2_PLACEMENT_3D('',#3321,#3322,#3323);
#3321 = CARTESIAN_POINT('',(560.,30.,1.255E+03));
#3322 = DIRECTION('',(1.,0.,-0.));
#3323 = DIRECTION('',(0.,0.,1.));
#3324 = DEFINITIONAL_REPRESENTATION('',(#3325),#3329);
#3325 = LINE('',#3326,#3327);
#3326 = CARTESIAN_POINT('',(0.,0.));
#3327 = VECTOR('',#3328,1.);
#3328 = DIRECTION('',(1.,0.));
#3329 = ( GEOMETRIC_REPRESENTATION_CONTEXT(2) 
PARAMETRIC_REPRESENTATION_CONTEXT() REPRESENTATION_CONTEXT('2D SPACE',''
  ) );
#3330 = ADVANCED_FACE('',(#3331),#3243,.T.);
#3331 = FACE_BOUND('',#3332,.T.);
#3332 = EDGE_LOOP('',(#3333,#3334,#3335,#3358));
#3333 = ORIENTED_EDGE('',*,*,#3229,.F.);
#3334 = ORIENTED_EDGE('',*,*,#3282,.T.);
#3335 = ORIENTED_EDGE('',*,*,#3336,.T.);
#3336 = EDGE_CURVE('',#3283,#3337,#3339,.T.);
#3337 = VERTEX_POINT('',#3338);
#3338 = CARTESIAN_POINT('',(560.,42.,1.375E+03));
#3339 = SURFACE_CURVE('',#3340,(#3344,#3351),.PCURVE_S1.);
#3340 = LINE('',#3341,#3342);
#3341 = CARTESIAN_POINT('',(560.,30.,1.375E+03));
#3342 = VECTOR('',#3343,1.);
#3343 = DIRECTION('',(-0.,1.,0.));
#3344 = PCURVE('',#3243,#3345);
#3345 = DEFINITIONAL_REPRESENTATION('',(#3346),#3350);
#3346 = LINE('',#3347,#3348);
#3347 = CARTESIAN_POINT('',(90.,0.));
#3348 = VECTOR('',#3349,1.);
#3349 = DIRECTION('',(0.,1.));
#3350 = ( GEOMETRIC_REPRESENTATION_CONTEXT(2) 
PARAMETRIC_REPRESENTATION_CONTEXT() REPRESENTATION_CONTEXT('2D SPACE',''
  ) );
#3351 = PCURVE('',#3319,#3352);
#3352 = DEFINITIONAL_REPRESENTATION('',(#3353),#3357);
#3353 = LINE('',#3354,#3355);
#3354 = CARTESIAN_POINT('',(120.,0.));
#3355 = VECTOR('',#3356,1.);
#3356 = DIRECTION('',(0.,-1.));
#3357 = ( GEOMETRIC_REPRESENTATION_CONTEXT(2) 
PARAMETRIC_REPRESENTATION_CONTEXT() REPRESENTATION_CONTEXT('2D SPACE',''
  ) );
#3358 = ORIENTED_EDGE('',*,*,#3359,.F.);
#3359 = EDGE_CURVE('',#3202,#3337,#3360,.T.);
#3360 = SURFACE_CURVE('',#3361,(#3365,#3372),.PCURVE_S1.);
#3361 = LINE('',#3362,#3363);
#3362 = CARTESIAN_POINT('',(470.,42.,1.375E+03));
#3363 = VECTOR('',#3364,1.);
#3364 = DIRECTION('',(1.,0.,-0.));
#3365 = PCURVE('',#3243,#3366);
#3366 = DEFINITIONAL_REPRESENTATION('',(#3367),#3371);
#3367 = LINE('',#3368,#3369);
#3368 = CARTESIAN_POINT('',(0.,12.));
#3369 = VECTOR('',#3370,1.);
#3370 = DIRECTION('',(1.,0.));
#3371 = ( GEOMETRIC_REPRESENTATION_CONTEXT(2) 
PARAMETRIC_REPRESENTATION_CONTEXT() REPRESENTATION_CONTEXT('2D SPACE',''
  ) );
#3372 = PCURVE('',#3217,#3373);
#3373 = DEFINITIONAL_REPRESENTATION('',(#3374),#3378);
#3374 = LINE('',#3375,#3376);
#3375 = CARTESIAN_POINT('',(120.,0.));
#3376 = VECTOR('',#3377,1.);
#3377 = DIRECTION('',(0.,1.));
#3378 = ( GEOMETRIC_REPRESENTATION_CONTEXT(2) 
PARAMETRIC_REPRESENTATION_CONTEXT() REPRESENTATION_CONTEXT('2D SPACE',''
  ) );
#3379 = ADVANCED_FACE('',(#3380,#3428,#3459,#3490,#3521),#3217,.T.);
#3380 = FACE_BOUND('',#3381,.T.);
#3381 = EDGE_LOOP('',(#3382,#3405,#3406,#3407));
#3382 = ORIENTED_EDGE('',*,*,#3383,.F.);
#3383 = EDGE_CURVE('',#3174,#3384,#3386,.T.);
#3384 = VERTEX_POINT('',#3385);
#3385 = CARTESIAN_POINT('',(560.,42.,1.255E+03));
#3386 = SURFACE_CURVE('',#3387,(#3391,#3398),.PCURVE_S1.);
#3387 = LINE('',#3388,#3389);
#3388 = CARTESIAN_POINT('',(470.,42.,1.255E+03));
#3389 = VECTOR('',#3390,1.);
#3390 = DIRECTION('',(1.,0.,-0.));
#3391 = PCURVE('',#3217,#3392);
#3392 = DEFINITIONAL_REPRESENTATION('',(#3393),#3397);
#3393 = LINE('',#3394,#3395);
#3394 = CARTESIAN_POINT('',(0.,0.));
#3395 = VECTOR('',#3396,1.);
#3396 = DIRECTION('',(0.,1.));
#3397 = ( GEOMETRIC_REPRESENTATION_CONTEXT(2) 
PARAMETRIC_REPRESENTATION_CONTEXT() REPRESENTATION_CONTEXT('2D SPACE',''
  ) );
#3398 = PCURVE('',#3189,#3399);
#3399 = DEFINITIONAL_REPRESENTATION('',(#3400),#3404);
#3400 = LINE('',#3401,#3402);
#3401 = CARTESIAN_POINT('',(0.,12.));
#3402 = VECTOR('',#3403,1.);
#3403 = DIRECTION('',(1.,0.));
#3404 = ( GEOMETRIC_REPRESENTATION_CONTEXT(2) 
PARAMETRIC_REPRESENTATION_CONTEXT() REPRESENTATION_CONTEXT('2D SPACE',''
  ) );
#3405 = ORIENTED_EDGE('',*,*,#3201,.T.);
#3406 = ORIENTED_EDGE('',*,*,#3359,.T.);
#3407 = ORIENTED_EDGE('',*,*,#3408,.F.);
#3408 = EDGE_CURVE('',#3384,#3337,#3409,.T.);
#3409 = SURFACE_CURVE('',#3410,(#3414,#3421),.PCURVE_S1.);
#3410 = LINE('',#3411,#3412);
#3411 = CARTESIAN_POINT('',(560.,42.,1.255E+03));
#3412 = VECTOR('',#3413,1.);
#3413 = DIRECTION('',(0.,0.,1.));
#3414 = PCURVE('',#3217,#3415);
#3415 = DEFINITIONAL_REPRESENTATION('',(#3416),#3420);
#3416 = LINE('',#3417,#3418);
#3417 = CARTESIAN_POINT('',(0.,90.));
#3418 = VECTOR('',#3419,1.);
#3419 = DIRECTION('',(1.,0.));
#3420 = ( GEOMETRIC_REPRESENTATION_CONTEXT(2) 
PARAMETRIC_REPRESENTATION_CONTEXT() REPRESENTATION_CONTEXT('2D SPACE',''
  ) );
#3421 = PCURVE('',#3319,#3422);
#3422 = DEFINITIONAL_REPRESENTATION('',(#3423),#3427);
#3423 = LINE('',#3424,#3425);
#3424 = CARTESIAN_POINT('',(0.,-12.));
#3425 = VECTOR('',#3426,1.);
#3426 = DIRECTION('',(1.,0.));
#3427 = ( GEOMETRIC_REPRESENTATION_CONTEXT(2) 
PARAMETRIC_REPRESENTATION_CONTEXT() REPRESENTATION_CONTEXT('2D SPACE',''
  ) );
#3428 = FACE_BOUND('',#3429,.T.);
#3429 = EDGE_LOOP('',(#3430));
#3430 = ORIENTED_EDGE('',*,*,#3431,.F.);
#3431 = EDGE_CURVE('',#3432,#3432,#3434,.T.);
#3432 = VERTEX_POINT('',#3433);
#3433 = CARTESIAN_POINT('',(475.,42.,1.2625E+03));
#3434 = SURFACE_CURVE('',#3435,(#3440,#3447),.PCURVE_S1.);
#3435 = CIRCLE('',#3436,2.5);
#3436 = AXIS2_PLACEMENT_3D('',#3437,#3438,#3439);
#3437 = CARTESIAN_POINT('',(475.,42.,1.26E+03));
#3438 = DIRECTION('',(0.,1.,0.));
#3439 = DIRECTION('',(0.,-0.,1.));
#3440 = PCURVE('',#3217,#3441);
#3441 = DEFINITIONAL_REPRESENTATION('',(#3442),#3446);
#3442 = CIRCLE('',#3443,2.5);
#3443 = AXIS2_PLACEMENT_2D('',#3444,#3445);
#3444 = CARTESIAN_POINT('',(5.,5.));
#3445 = DIRECTION('',(1.,0.));
#3446 = ( GEOMETRIC_REPRESENTATION_CONTEXT(2) 
PARAMETRIC_REPRESENTATION_CONTEXT() REPRESENTATION_CONTEXT('2D SPACE',''
  ) );
#3447 = PCURVE('',#3448,#3453);
#3448 = CYLINDRICAL_SURFACE('',#3449,2.5);
#3449 = AXIS2_PLACEMENT_3D('',#3450,#3451,#3452);
#3450 = CARTESIAN_POINT('',(475.,42.,1.26E+03));
#3451 = DIRECTION('',(0.,1.,0.));
#3452 = DIRECTION('',(0.,-0.,1.));
#3453 = DEFINITIONAL_REPRESENTATION('',(#3454),#3458);
#3454 = LINE('',#3455,#3456);
#3455 = CARTESIAN_POINT('',(0.,0.));
#3456 = VECTOR('',#3457,1.);
#3457 = DIRECTION('',(1.,0.));
#3458 = ( GEOMETRIC_REPRESENTATION_CONTEXT(2) 
PARAMETRIC_REPRESENTATION_CONTEXT() REPRESENTATION_CONTEXT('2D SPACE',''
  ) );
#3459 = FACE_BOUND('',#3460,.T.);
#3460 = EDGE_LOOP('',(#3461));
#3461 = ORIENTED_EDGE('',*,*,#3462,.F.);
#3462 = EDGE_CURVE('',#3463,#3463,#3465,.T.);
#3463 = VERTEX_POINT('',#3464);
#3464 = CARTESIAN_POINT('',(475.,42.,1.3725E+03));
#3465 = SURFACE_CURVE('',#3466,(#3471,#3478),.PCURVE_S1.);
#3466 = CIRCLE('',#3467,2.5);
#3467 = AXIS2_PLACEMENT_3D('',#3468,#3469,#3470);
#3468 = CARTESIAN_POINT('',(475.,42.,1.37E+03));
#3469 = DIRECTION('',(0.,1.,0.));
#3470 = DIRECTION('',(0.,-0.,1.));
#3471 = PCURVE('',#3217,#3472);
#3472 = DEFINITIONAL_REPRESENTATION('',(#3473),#3477);
#3473 = CIRCLE('',#3474,2.5);
#3474 = AXIS2_PLACEMENT_2D('',#3475,#3476);
#3475 = CARTESIAN_POINT('',(115.,5.));
#3476 = DIRECTION('',(1.,0.));
#3477 = ( GEOMETRIC_REPRESENTATION_CONTEXT(2) 
PARAMETRIC_REPRESENTATION_CONTEXT() REPRESENTATION_CONTEXT('2D SPACE',''
  ) );
#3478 = PCURVE('',#3479,#3484);
#3479 = CYLINDRICAL_SURFACE('',#3480,2.5);
#3480 = AXIS2_PLACEMENT_3D('',#3481,#3482,#3483);
#3481 = CARTESIAN_POINT('',(475.,42.,1.37E+03));
#3482 = DIRECTION('',(0.,1.,0.));
#3483 = DIRECTION('',(0.,-0.,1.));
#3484 = DEFINITIONAL_REPRESENTATION('',(#3485),#3489);
#3485 = LINE('',#3486,#3487);
#3486 = CARTESIAN_POINT('',(0.,0.));
#3487 = VECTOR('',#3488,1.);
#3488 = DIRECTION('',(1.,0.));
#3489 = ( GEOMETRIC_REPRESENTATION_CONTEXT(2) 
PARAMETRIC_REPRESENTATION_CONTEXT() REPRESENTATION_CONTEXT('2D SPACE',''
  ) );
#3490 = FACE_BOUND('',#3491,.T.);
#3491 = EDGE_LOOP('',(#3492));
#3492 = ORIENTED_EDGE('',*,*,#3493,.F.);
#3493 = EDGE_CURVE('',#3494,#3494,#3496,.T.);
#3494 = VERTEX_POINT('',#3495);
#3495 = CARTESIAN_POINT('',(555.,42.,1.2625E+03));
#3496 = SURFACE_CURVE('',#3497,(#3502,#3509),.PCURVE_S1.);
#3497 = CIRCLE('',#3498,2.5);
#3498 = AXIS2_PLACEMENT_3D('',#3499,#3500,#3501);
#3499 = CARTESIAN_POINT('',(555.,42.,1.26E+03));
#3500 = DIRECTION('',(0.,1.,0.));
#3501 = DIRECTION('',(0.,-0.,1.));
#3502 = PCURVE('',#3217,#3503);
#3503 = DEFINITIONAL_REPRESENTATION('',(#3504),#3508);
#3504 = CIRCLE('',#3505,2.5);
#3505 = AXIS2_PLACEMENT_2D('',#3506,#3507);
#3506 = CARTESIAN_POINT('',(5.,85.));
#3507 = DIRECTION('',(1.,0.));
#3508 = ( GEOMETRIC_REPRESENTATION_CONTEXT(2) 
PARAMETRIC_REPRESENTATION_CONTEXT() REPRESENTATION_CONTEXT('2D SPACE',''
  ) );
#3509 = PCURVE('',#3510,#3515);
#3510 = CYLINDRICAL_SURFACE('',#3511,2.5);
#3511 = AXIS2_PLACEMENT_3D('',#3512,#3513,#3514);
#3512 = CARTESIAN_POINT('',(555.,42.,1.26E+03));
#3513 = DIRECTION('',(0.,1.,0.));
#3514 = DIRECTION('',(0.,-0.,1.));
#3515 = DEFINITIONAL_REPRESENTATION('',(#3516),#3520);
#3516 = LINE('',#3517,#3518);
#3517 = CARTESIAN_POINT('',(0.,0.));
#3518 = VECTOR('',#3519,1.);
#3519 = DIRECTION('',(1.,0.));
#3520 = ( GEOMETRIC_REPRESENTATION_CONTEXT(2) 
PARAMETRIC_REPRESENTATION_CONTEXT() REPRESENTATION_CONTEXT('2D SPACE',''
  ) );
#3521 = FACE_BOUND('',#3522,.T.);
#3522 = EDGE_LOOP('',(#3523));
#3523 = ORIENTED_EDGE('',*,*,#3524,.F.);
#3524 = EDGE_CURVE('',#3525,#3525,#3527,.T.);
#3525 = VERTEX_POINT('',#3526);
#3526 = CARTESIAN_POINT('',(555.,42.,1.3725E+03));
#3527 = SURFACE_CURVE('',#3528,(#3533,#3540),.PCURVE_S1.);
#3528 = CIRCLE('',#3529,2.5);
#3529 = AXIS2_PLACEMENT_3D('',#3530,#3531,#3532);
#3530 = CARTESIAN_POINT('',(555.,42.,1.37E+03));
#3531 = DIRECTION('',(0.,1.,0.));
#3532 = DIRECTION('',(0.,-0.,1.));
#3533 = PCURVE('',#3217,#3534);
#3534 = DEFINITIONAL_REPRESENTATION('',(#3535),#3539);
#3535 = CIRCLE('',#3536,2.5);
#3536 = AXIS2_PLACEMENT_2D('',#3537,#3538);
#3537 = CARTESIAN_POINT('',(115.,85.));
#3538 = DIRECTION('',(1.,0.));
#3539 = ( GEOMETRIC_REPRESENTATION_CONTEXT(2) 
PARAMETRIC_REPRESENTATION_CONTEXT() REPRESENTATION_CONTEXT('2D SPACE',''
  ) );
#3540 = PCURVE('',#3541,#3546);
#3541 = CYLINDRICAL_SURFACE('',#3542,2.5);
#3542 = AXIS2_PLACEMENT_3D('',#3543,#3544,#3545);
#3543 = CARTESIAN_POINT('',(555.,42.,1.37E+03));
#3544 = DIRECTION('',(0.,1.,0.));
#3545 = DIRECTION('',(0.,-0.,1.));
#3546 = DEFINITIONAL_REPRESENTATION('',(#3547),#3551);
#3547 = LINE('',#3548,#3549);
#3548 = CARTESIAN_POINT('',(0.,0.));
#3549 = VECTOR('',#3550,1.);
#3550 = DIRECTION('',(1.,0.));
#3551 = ( GEOMETRIC_REPRESENTATION_CONTEXT(2) 
PARAMETRIC_REPRESENTATION_CONTEXT() REPRESENTATION_CONTEXT('2D SPACE',''
  ) );
#3552 = ADVANCED_FACE('',(#3553),#3189,.F.);
#3553 = FACE_BOUND('',#3554,.F.);
#3554 = EDGE_LOOP('',(#3555,#3556,#3557,#3578));
#3555 = ORIENTED_EDGE('',*,*,#3173,.F.);
#3556 = ORIENTED_EDGE('',*,*,#3258,.T.);
#3557 = ORIENTED_EDGE('',*,*,#3558,.T.);
#3558 = EDGE_CURVE('',#3259,#3384,#3559,.T.);
#3559 = SURFACE_CURVE('',#3560,(#3564,#3571),.PCURVE_S1.);
#3560 = LINE('',#3561,#3562);
#3561 = CARTESIAN_POINT('',(560.,30.,1.255E+03));
#3562 = VECTOR('',#3563,1.);
#3563 = DIRECTION('',(-0.,1.,0.));
#3564 = PCURVE('',#3189,#3565);
#3565 = DEFINITIONAL_REPRESENTATION('',(#3566),#3570);
#3566 = LINE('',#3567,#3568);
#3567 = CARTESIAN_POINT('',(90.,0.));
#3568 = VECTOR('',#3569,1.);
#3569 = DIRECTION('',(0.,1.));
#3570 = ( GEOMETRIC_REPRESENTATION_CONTEXT(2) 
PARAMETRIC_REPRESENTATION_CONTEXT() REPRESENTATION_CONTEXT('2D SPACE',''
  ) );
#3571 = PCURVE('',#3319,#3572);
#3572 = DEFINITIONAL_REPRESENTATION('',(#3573),#3577);
#3573 = LINE('',#3574,#3575);
#3574 = CARTESIAN_POINT('',(0.,0.));
#3575 = VECTOR('',#3576,1.);
#3576 = DIRECTION('',(0.,-1.));
#3577 = ( GEOMETRIC_REPRESENTATION_CONTEXT(2) 
PARAMETRIC_REPRESENTATION_CONTEXT() REPRESENTATION_CONTEXT('2D SPACE',''
  ) );
#3578 = ORIENTED_EDGE('',*,*,#3383,.F.);
#3579 = ADVANCED_FACE('',(#3580),#3319,.T.);
#3580 = FACE_BOUND('',#3581,.T.);
#3581 = EDGE_LOOP('',(#3582,#3583,#3584,#3585));
#3582 = ORIENTED_EDGE('',*,*,#3305,.F.);
#3583 = ORIENTED_EDGE('',*,*,#3558,.T.);
#3584 = ORIENTED_EDGE('',*,*,#3408,.T.);
#3585 = ORIENTED_EDGE('',*,*,#3336,.F.);
#3586 = ADVANCED_FACE('',(#3587),#3448,.T.);
#3587 = FACE_BOUND('',#3588,.T.);
#3588 = EDGE_LOOP('',(#3589,#3618,#3639,#3640));
#3589 = ORIENTED_EDGE('',*,*,#3590,.F.);
#3590 = EDGE_CURVE('',#3591,#3591,#3593,.T.);
#3591 = VERTEX_POINT('',#3592);
#3592 = CARTESIAN_POINT('',(475.,48.,1.2625E+03));
#3593 = SURFACE_CURVE('',#3594,(#3599,#3606),.PCURVE_S1.);
#3594 = CIRCLE('',#3595,2.5);
#3595 = AXIS2_PLACEMENT_3D('',#3596,#3597,#3598);
#3596 = CARTESIAN_POINT('',(475.,48.,1.26E+03));
#3597 = DIRECTION('',(0.,1.,0.));
#3598 = DIRECTION('',(0.,-0.,1.));
#3599 = PCURVE('',#3448,#3600);
#3600 = DEFINITIONAL_REPRESENTATION('',(#3601),#3605);
#3601 = LINE('',#3602,#3603);
#3602 = CARTESIAN_POINT('',(0.,6.));
#3603 = VECTOR('',#3604,1.);
#3604 = DIRECTION('',(1.,0.));
#3605 = ( GEOMETRIC_REPRESENTATION_CONTEXT(2) 
PARAMETRIC_REPRESENTATION_CONTEXT() REPRESENTATION_CONTEXT('2D SPACE',''
  ) );
#3606 = PCURVE('',#3607,#3612);
#3607 = PLANE('',#3608);
#3608 = AXIS2_PLACEMENT_3D('',#3609,#3610,#3611);
#3609 = CARTESIAN_POINT('',(475.,48.,1.26E+03));
#3610 = DIRECTION('',(0.,1.,0.));
#3611 = DIRECTION('',(0.,-0.,1.));
#3612 = DEFINITIONAL_REPRESENTATION('',(#3613),#3617);
#3613 = CIRCLE('',#3614,2.5);
#3614 = AXIS2_PLACEMENT_2D('',#3615,#3616);
#3615 = CARTESIAN_POINT('',(0.,0.));
#3616 = DIRECTION('',(1.,0.));
#3617 = ( GEOMETRIC_REPRESENTATION_CONTEXT(2) 
PARAMETRIC_REPRESENTATION_CONTEXT() REPRESENTATION_CONTEXT('2D SPACE',''
  ) );
#3618 = ORIENTED_EDGE('',*,*,#3619,.F.);
#3619 = EDGE_CURVE('',#3432,#3591,#3620,.T.);
#3620 = SEAM_CURVE('',#3621,(#3625,#3632),.PCURVE_S1.);
#3621 = LINE('',#3622,#3623);
#3622 = CARTESIAN_POINT('',(475.,42.,1.2625E+03));
#3623 = VECTOR('',#3624,1.);
#3624 = DIRECTION('',(0.,1.,0.));
#3625 = PCURVE('',#3448,#3626);
#3626 = DEFINITIONAL_REPRESENTATION('',(#3627),#3631);
#3627 = LINE('',#3628,#3629);
#3628 = CARTESIAN_POINT('',(6.28318530718,-0.));
#3629 = VECTOR('',#3630,1.);
#3630 = DIRECTION('',(0.,1.));
#3631 = ( GEOMETRIC_REPRESENTATION_CONTEXT(2) 
PARAMETRIC_REPRESENTATION_CONTEXT() REPRESENTATION_CONTEXT('2D SPACE',''
  ) );
#3632 = PCURVE('',#3448,#3633);
#3633 = DEFINITIONAL_REPRESENTATION('',(#3634),#3638);
#3634 = LINE('',#3635,#3636);
#3635 = CARTESIAN_POINT('',(0.,-0.));
#3636 = VECTOR('',#3637,1.);
#3637 = DIRECTION('',(0.,1.));
#3638 = ( GEOMETRIC_REPRESENTATION_CONTEXT(2) 
PARAMETRIC_REPRESENTATION_CONTEXT() REPRESENTATION_CONTEXT('2D SPACE',''
  ) );
#3639 = ORIENTED_EDGE('',*,*,#3431,.T.);
#3640 = ORIENTED_EDGE('',*,*,#3619,.T.);
#3641 = ADVANCED_FACE('',(#3642),#3479,.T.);
#3642 = FACE_BOUND('',#3643,.T.);
#3643 = EDGE_LOOP('',(#3644,#3673,#3694,#3695));
#3644 = ORIENTED_EDGE('',*,*,#3645,.F.);
#3645 = EDGE_CURVE('',#3646,#3646,#3648,.T.);
#3646 = VERTEX_POINT('',#3647);
#3647 = CARTESIAN_POINT('',(475.,48.,1.3725E+03));
#3648 = SURFACE_CURVE('',#3649,(#3654,#3661),.PCURVE_S1.);
#3649 = CIRCLE('',#3650,2.5);
#3650 = AXIS2_PLACEMENT_3D('',#3651,#3652,#3653);
#3651 = CARTESIAN_POINT('',(475.,48.,1.37E+03));
#3652 = DIRECTION('',(0.,1.,0.));
#3653 = DIRECTION('',(0.,-0.,1.));
#3654 = PCURVE('',#3479,#3655);
#3655 = DEFINITIONAL_REPRESENTATION('',(#3656),#3660);
#3656 = LINE('',#3657,#3658);
#3657 = CARTESIAN_POINT('',(0.,6.));
#3658 = VECTOR('',#3659,1.);
#3659 = DIRECTION('',(1.,0.));
#3660 = ( GEOMETRIC_REPRESENTATION_CONTEXT(2) 
PARAMETRIC_REPRESENTATION_CONTEXT() REPRESENTATION_CONTEXT('2D SPACE',''
  ) );
#3661 = PCURVE('',#3662,#3667);
#3662 = PLANE('',#3663);
#3663 = AXIS2_PLACEMENT_3D('',#3664,#3665,#3666);
#3664 = CARTESIAN_POINT('',(475.,48.,1.37E+03));
#3665 = DIRECTION('',(0.,1.,0.));
#3666 = DIRECTION('',(0.,-0.,1.));
#3667 = DEFINITIONAL_REPRESENTATION('',(#3668),#3672);
#3668 = CIRCLE('',#3669,2.5);
#3669 = AXIS2_PLACEMENT_2D('',#3670,#3671);
#3670 = CARTESIAN_POINT('',(0.,0.));
#3671 = DIRECTION('',(1.,0.));
#3672 = ( GEOMETRIC_REPRESENTATION_CONTEXT(2) 
PARAMETRIC_REPRESENTATION_CONTEXT() REPRESENTATION_CONTEXT('2D SPACE',''
  ) );
#3673 = ORIENTED_EDGE('',*,*,#3674,.F.);
#3674 = EDGE_CURVE('',#3463,#3646,#3675,.T.);
#3675 = SEAM_CURVE('',#3676,(#3680,#3687),.PCURVE_S1.);
#3676 = LINE('',#3677,#3678);
#3677 = CARTESIAN_POINT('',(475.,42.,1.3725E+03));
#3678 = VECTOR('',#3679,1.);
#3679 = DIRECTION('',(0.,1.,0.));
#3680 = PCURVE('',#3479,#3681);
#3681 = DEFINITIONAL_REPRESENTATION('',(#3682),#3686);
#3682 = LINE('',#3683,#3684);
#3683 = CARTESIAN_POINT('',(6.28318530718,-0.));
#3684 = VECTOR('',#3685,1.);
#3685 = DIRECTION('',(0.,1.));
#3686 = ( GEOMETRIC_REPRESENTATION_CONTEXT(2) 
PARAMETRIC_REPRESENTATION_CONTEXT() REPRESENTATION_CONTEXT('2D SPACE',''
  ) );
#3687 = PCURVE('',#3479,#3688);
#3688 = DEFINITIONAL_REPRESENTATION('',(#3689),#3693);
#3689 = LINE('',#3690,#3691);
#3690 = CARTESIAN_POINT('',(0.,-0.));
#3691 = VECTOR('',#3692,1.);
#3692 = DIRECTION('',(0.,1.));
#3693 = ( GEOMETRIC_REPRESENTATION_CONTEXT(2) 
PARAMETRIC_REPRESENTATION_CONTEXT() REPRESENTATION_CONTEXT('2D SPACE',''
  ) );
#3694 = ORIENTED_EDGE('',*,*,#3462,.T.);
#3695 = ORIENTED_EDGE('',*,*,#3674,.T.);
#3696 = ADVANCED_FACE('',(#3697),#3510,.T.);
#3697 = FACE_BOUND('',#3698,.T.);
#3698 = EDGE_LOOP('',(#3699,#3728,#3749,#3750));
#3699 = ORIENTED_EDGE('',*,*,#3700,.F.);
#3700 = EDGE_CURVE('',#3701,#3701,#3703,.T.);
#3701 = VERTEX_POINT('',#3702);
#3702 = CARTESIAN_POINT('',(555.,48.,1.2625E+03));
#3703 = SURFACE_CURVE('',#3704,(#3709,#3716),.PCURVE_S1.);
#3704 = CIRCLE('',#3705,2.5);
#3705 = AXIS2_PLACEMENT_3D('',#3706,#3707,#3708);
#3706 = CARTESIAN_POINT('',(555.,48.,1.26E+03));
#3707 = DIRECTION('',(0.,1.,0.));
#3708 = DIRECTION('',(0.,-0.,1.));
#3709 = PCURVE('',#3510,#3710);
#3710 = DEFINITIONAL_REPRESENTATION('',(#3711),#3715);
#3711 = LINE('',#3712,#3713);
#3712 = CARTESIAN_POINT('',(0.,6.));
#3713 = VECTOR('',#3714,1.);
#3714 = DIRECTION('',(1.,0.));
#3715 = ( GEOMETRIC_REPRESENTATION_CONTEXT(2) 
PARAMETRIC_REPRESENTATION_CONTEXT() REPRESENTATION_CONTEXT('2D SPACE',''
  ) );
#3716 = PCURVE('',#3717,#3722);
#3717 = PLANE('',#3718);
#3718 = AXIS2_PLACEMENT_3D('',#3719,#3720,#3721);
#3719 = CARTESIAN_POINT('',(555.,48.,1.26E+03));
#3720 = DIRECTION('',(0.,1.,0.));
#3721 = DIRECTION('',(0.,-0.,1.));
#3722 = DEFINITIONAL_REPRESENTATION('',(#3723),#3727);
#3723 = CIRCLE('',#3724,2.5);
#3724 = AXIS2_PLACEMENT_2D('',#3725,#3726);
#3725 = CARTESIAN_POINT('',(0.,0.));
#3726 = DIRECTION('',(1.,0.));
#3727 = ( GEOMETRIC_REPRESENTATION_CONTEXT(2) 
PARAMETRIC_REPRESENTATION_CONTEXT() REPRESENTATION_CONTEXT('2D SPACE',''
  ) );
#3728 = ORIENTED_EDGE('',*,*,#3729,.F.);
#3729 = EDGE_CURVE('',#3494,#3701,#3730,.T.);
#3730 = SEAM_CURVE('',#3731,(#3735,#3742),.PCURVE_S1.);
#3731 = LINE('',#3732,#3733);
#3732 = CARTESIAN_POINT('',(555.,42.,1.2625E+03));
#3733 = VECTOR('',#3734,1.);
#3734 = DIRECTION('',(0.,1.,0.));
#3735 = PCURVE('',#3510,#3736);
#3736 = DEFINITIONAL_REPRESENTATION('',(#3737),#3741);
#3737 = LINE('',#3738,#3739);
#3738 = CARTESIAN_POINT('',(6.28318530718,-0.));
#3739 = VECTOR('',#3740,1.);
#3740 = DIRECTION('',(0.,1.));
#3741 = ( GEOMETRIC_REPRESENTATION_CONTEXT(2) 
PARAMETRIC_REPRESENTATION_CONTEXT() REPRESENTATION_CONTEXT('2D SPACE',''
  ) );
#3742 = PCURVE('',#3510,#3743);
#3743 = DEFINITIONAL_REPRESENTATION('',(#3744),#3748);
#3744 = LINE('',#3745,#3746);
#3745 = CARTESIAN_POINT('',(0.,-0.));
#3746 = VECTOR('',#3747,1.);
#3747 = DIRECTION('',(0.,1.));
#3748 = ( GEOMETRIC_REPRESENTATION_CONTEXT(2) 
PARAMETRIC_REPRESENTATION_CONTEXT() REPRESENTATION_CONTEXT('2D SPACE',''
  ) );
#3749 = ORIENTED_EDGE('',*,*,#3493,.T.);
#3750 = ORIENTED_EDGE('',*,*,#3729,.T.);
#3751 = ADVANCED_FACE('',(#3752),#3541,.T.);
#3752 = FACE_BOUND('',#3753,.T.);
#3753 = EDGE_LOOP('',(#3754,#3783,#3804,#3805));
#3754 = ORIENTED_EDGE('',*,*,#3755,.F.);
#3755 = EDGE_CURVE('',#3756,#3756,#3758,.T.);
#3756 = VERTEX_POINT('',#3757);
#3757 = CARTESIAN_POINT('',(555.,48.,1.3725E+03));
#3758 = SURFACE_CURVE('',#3759,(#3764,#3771),.PCURVE_S1.);
#3759 = CIRCLE('',#3760,2.5);
#3760 = AXIS2_PLACEMENT_3D('',#3761,#3762,#3763);
#3761 = CARTESIAN_POINT('',(555.,48.,1.37E+03));
#3762 = DIRECTION('',(0.,1.,0.));
#3763 = DIRECTION('',(0.,-0.,1.));
#3764 = PCURVE('',#3541,#3765);
#3765 = DEFINITIONAL_REPRESENTATION('',(#3766),#3770);
#3766 = LINE('',#3767,#3768);
#3767 = CARTESIAN_POINT('',(0.,6.));
#3768 = VECTOR('',#3769,1.);
#3769 = DIRECTION('',(1.,0.));
#3770 = ( GEOMETRIC_REPRESENTATION_CONTEXT(2) 
PARAMETRIC_REPRESENTATION_CONTEXT() REPRESENTATION_CONTEXT('2D SPACE',''
  ) );
#3771 = PCURVE('',#3772,#3777);
#3772 = PLANE('',#3773);
#3773 = AXIS2_PLACEMENT_3D('',#3774,#3775,#3776);
#3774 = CARTESIAN_POINT('',(555.,48.,1.37E+03));
#3775 = DIRECTION('',(0.,1.,0.));
#3776 = DIRECTION('',(0.,-0.,1.));
#3777 = DEFINITIONAL_REPRESENTATION('',(#3778),#3782);
#3778 = CIRCLE('',#3779,2.5);
#3779 = AXIS2_PLACEMENT_2D('',#3780,#3781);
#3780 = CARTESIAN_POINT('',(0.,0.));
#3781 = DIRECTION('',(1.,0.));
#3782 = ( GEOMETRIC_REPRESENTATION_CONTEXT(2) 
PARAMETRIC_REPRESENTATION_CONTEXT() REPRESENTATION_CONTEXT('2D SPACE',''
  ) );
#3783 = ORIENTED_EDGE('',*,*,#3784,.F.);
#3784 = EDGE_CURVE('',#3525,#3756,#3785,.T.);
#3785 = SEAM_CURVE('',#3786,(#3790,#3797),.PCURVE_S1.);
#3786 = LINE('',#3787,#3788);
#3787 = CARTESIAN_POINT('',(555.,42.,1.3725E+03));
#3788 = VECTOR('',#3789,1.);
#3789 = DIRECTION('',(0.,1.,0.));
#3790 = PCURVE('',#3541,#3791);
#3791 = DEFINITIONAL_REPRESENTATION('',(#3792),#3796);
#3792 = LINE('',#3793,#3794);
#3793 = CARTESIAN_POINT('',(6.28318530718,-0.));
#3794 = VECTOR('',#3795,1.);
#3795 = DIRECTION('',(0.,1.));
#3796 = ( GEOMETRIC_REPRESENTATION_CONTEXT(2) 
PARAMETRIC_REPRESENTATION_CONTEXT() REPRESENTATION_CONTEXT('2D SPACE',''
  ) );
#3797 = PCURVE('',#3541,#3798);
#3798 = DEFINITIONAL_REPRESENTATION('',(#3799),#3803);
#3799 = LINE('',#3800,#3801);
#3800 = CARTESIAN_POINT('',(0.,-0.));
#3801 = VECTOR('',#3802,1.);
#3802 = DIRECTION('',(0.,1.));
#3803 = ( GEOMETRIC_REPRESENTATION_CONTEXT(2) 
PARAMETRIC_REPRESENTATION_CONTEXT() REPRESENTATION_CONTEXT('2D SPACE',''
  ) );
#3804 = ORIENTED_EDGE('',*,*,#3524,.T.);
#3805 = ORIENTED_EDGE('',*,*,#3784,.T.);
#3806 = ADVANCED_FACE('',(#3807),#3607,.T.);
#3807 = FACE_BOUND('',#3808,.T.);
#3808 = EDGE_LOOP('',(#3809));
#3809 = ORIENTED_EDGE('',*,*,#3590,.T.);
#3810 = ADVANCED_FACE('',(#3811),#3662,.T.);
#3811 = FACE_BOUND('',#3812,.T.);
#3812 = EDGE_LOOP('',(#3813));
#3813 = ORIENTED_EDGE('',*,*,#3645,.T.);
#3814 = ADVANCED_FACE('',(#3815),#3717,.T.);
#3815 = FACE_BOUND('',#3816,.T.);
#3816 = EDGE_LOOP('',(#3817));
#3817 = ORIENTED_EDGE('',*,*,#3700,.T.);
#3818 = ADVANCED_FACE('',(#3819),#3772,.T.);
#3819 = FACE_BOUND('',#3820,.T.);
#3820 = EDGE_LOOP('',(#3821));
#3821 = ORIENTED_EDGE('',*,*,#3755,.T.);
#3822 = ( GEOMETRIC_REPRESENTATION_CONTEXT(3) 
GLOBAL_UNCERTAINTY_ASSIGNED_CONTEXT((#3826)) 
GLOBAL_UNIT_ASSIGNED_CONTEXT((#3823,#3824,#3825)) REPRESENTATION_CONTEXT
('Context #1','3D Context with UNIT and UNCERTAINTY') );
#3823 = ( LENGTH_UNIT() NAMED_UNIT(*) SI_UNIT(.MILLI.,.METRE.) );
#3824 = ( NAMED_UNIT(*) PLANE_ANGLE_UNIT() SI_UNIT($,.RADIAN.) );
#3825 = ( NAMED_UNIT(*) SI_UNIT($,.STERADIAN.) SOLID_ANGLE_UNIT() );
#3826 = UNCERTAINTY_MEASURE_WITH_UNIT(LENGTH_MEASURE(1.E-07),#3823,
  'distance_accuracy_value','confusion accuracy');
#3827 = CONTEXT_DEPENDENT_SHAPE_REPRESENTATION(#3828,#3830);
#3828 = ( REPRESENTATION_RELATIONSHIP('','',#3131,#10) 
REPRESENTATION_RELATIONSHIP_WITH_TRANSFORMATION(#3829) 
SHAPE_REPRESENTATION_RELATIONSHIP() );
#3829 = ITEM_DEFINED_TRANSFORMATION('','',#11,#27);
#3830 = PRODUCT_DEFINITION_SHAPE('Placement','Placement of an item',
  #3831);
#3831 = NEXT_ASSEMBLY_USAGE_OCCURRENCE('31','=>[0:1:1:5]','',#5,#3126,$
  );
#3832 = PRODUCT_RELATED_PRODUCT_CATEGORY('part',$,(#3128));
#3833 = SHAPE_DEFINITION_REPRESENTATION(#3834,#3840);
#3834 = PRODUCT_DEFINITION_SHAPE('','',#3835);
#3835 = PRODUCT_DEFINITION('design','',#3836,#3839);
#3836 = PRODUCT_DEFINITION_FORMATION('','',#3837);
#3837 = PRODUCT('COMPOUND','COMPOUND','',(#3838));
#3838 = PRODUCT_CONTEXT('',#2,'mechanical');
#3839 = PRODUCT_DEFINITION_CONTEXT('part definition',#2,'design');
#3840 = ADVANCED_BREP_SHAPE_REPRESENTATION('',(#11,#3841),#4531);
#3841 = MANIFOLD_SOLID_BREP('',#3842);
#3842 = CLOSED_SHELL('',(#3843,#3963,#4039,#4088,#4261,#4288,#4295,#4350
    ,#4405,#4460,#4515,#4519,#4523,#4527));
#3843 = ADVANCED_FACE('',(#3844),#3858,.F.);
#3844 = FACE_BOUND('',#3845,.F.);
#3845 = EDGE_LOOP('',(#3846,#3881,#3909,#3937));
#3846 = ORIENTED_EDGE('',*,*,#3847,.F.);
#3847 = EDGE_CURVE('',#3848,#3850,#3852,.T.);
#3848 = VERTEX_POINT('',#3849);
#3849 = CARTESIAN_POINT('',(395.,30.,1.36E+03));
#3850 = VERTEX_POINT('',#3851);
#3851 = CARTESIAN_POINT('',(395.,30.,1.415E+03));
#3852 = SURFACE_CURVE('',#3853,(#3857,#3869),.PCURVE_S1.);
#3853 = LINE('',#3854,#3855);
#3854 = CARTESIAN_POINT('',(395.,30.,1.36E+03));
#3855 = VECTOR('',#3856,1.);
#3856 = DIRECTION('',(0.,0.,1.));
#3857 = PCURVE('',#3858,#3863);
#3858 = PLANE('',#3859);
#3859 = AXIS2_PLACEMENT_3D('',#3860,#3861,#3862);
#3860 = CARTESIAN_POINT('',(395.,30.,1.36E+03));
#3861 = DIRECTION('',(1.,0.,-0.));
#3862 = DIRECTION('',(0.,0.,1.));
#3863 = DEFINITIONAL_REPRESENTATION('',(#3864),#3868);
#3864 = LINE('',#3865,#3866);
#3865 = CARTESIAN_POINT('',(0.,0.));
#3866 = VECTOR('',#3867,1.);
#3867 = DIRECTION('',(1.,0.));
#3868 = ( GEOMETRIC_REPRESENTATION_CONTEXT(2) 
PARAMETRIC_REPRESENTATION_CONTEXT() REPRESENTATION_CONTEXT('2D SPACE',''
  ) );
#3869 = PCURVE('',#3870,#3875);
#3870 = PLANE('',#3871);
#3871 = AXIS2_PLACEMENT_3D('',#3872,#3873,#3874);
#3872 = CARTESIAN_POINT('',(395.,30.,1.36E+03));
#3873 = DIRECTION('',(-0.,1.,0.));
#3874 = DIRECTION('',(0.,0.,1.));
#3875 = DEFINITIONAL_REPRESENTATION('',(#3876),#3880);
#3876 = LINE('',#3877,#3878);
#3877 = CARTESIAN_POINT('',(0.,0.));
#3878 = VECTOR('',#3879,1.);
#3879 = DIRECTION('',(1.,0.));
#3880 = ( GEOMETRIC_REPRESENTATION_CONTEXT(2) 
PARAMETRIC_REPRESENTATION_CONTEXT() REPRESENTATION_CONTEXT('2D SPACE',''
  ) );
#3881 = ORIENTED_EDGE('',*,*,#3882,.T.);
#3882 = EDGE_CURVE('',#3848,#3883,#3885,.T.);
#3883 = VERTEX_POINT('',#3884);
#3884 = CARTESIAN_POINT('',(395.,42.,1.36E+03));
#3885 = SURFACE_CURVE('',#3886,(#3890,#3897),.PCURVE_S1.);
#3886 = LINE('',#3887,#3888);
#3887 = CARTESIAN_POINT('',(395.,30.,1.36E+03));
#3888 = VECTOR('',#3889,1.);
#3889 = DIRECTION('',(-0.,1.,0.));
#3890 = PCURVE('',#3858,#3891);
#3891 = DEFINITIONAL_REPRESENTATION('',(#3892),#3896);
#3892 = LINE('',#3893,#3894);
#3893 = CARTESIAN_POINT('',(0.,0.));
#3894 = VECTOR('',#3895,1.);
#3895 = DIRECTION('',(0.,-1.));
#3896 = ( GEOMETRIC_REPRESENTATION_CONTEXT(2) 
PARAMETRIC_REPRESENTATION_CONTEXT() REPRESENTATION_CONTEXT('2D SPACE',''
  ) );
#3897 = PCURVE('',#3898,#3903);
#3898 = PLANE('',#3899);
#3899 = AXIS2_PLACEMENT_3D('',#3900,#3901,#3902);
#3900 = CARTESIAN_POINT('',(395.,30.,1.36E+03));
#3901 = DIRECTION('',(0.,0.,1.));
#3902 = DIRECTION('',(1.,0.,-0.));
#3903 = DEFINITIONAL_REPRESENTATION('',(#3904),#3908);
#3904 = LINE('',#3905,#3906);
#3905 = CARTESIAN_POINT('',(0.,0.));
#3906 = VECTOR('',#3907,1.);
#3907 = DIRECTION('',(0.,1.));
#3908 = ( GEOMETRIC_REPRESENTATION_CONTEXT(2) 
PARAMETRIC_REPRESENTATION_CONTEXT() REPRESENTATION_CONTEXT('2D SPACE',''
  ) );
#3909 = ORIENTED_EDGE('',*,*,#3910,.T.);
#3910 = EDGE_CURVE('',#3883,#3911,#3913,.T.);
#3911 = VERTEX_POINT('',#3912);
#3912 = CARTESIAN_POINT('',(395.,42.,1.415E+03));
#3913 = SURFACE_CURVE('',#3914,(#3918,#3925),.PCURVE_S1.);
#3914 = LINE('',#3915,#3916);
#3915 = CARTESIAN_POINT('',(395.,42.,1.36E+03));
#3916 = VECTOR('',#3917,1.);
#3917 = DIRECTION('',(0.,0.,1.));
#3918 = PCURVE('',#3858,#3919);
#3919 = DEFINITIONAL_REPRESENTATION('',(#3920),#3924);
#3920 = LINE('',#3921,#3922);
#3921 = CARTESIAN_POINT('',(0.,-12.));
#3922 = VECTOR('',#3923,1.);
#3923 = DIRECTION('',(1.,0.));
#3924 = ( GEOMETRIC_REPRESENTATION_CONTEXT(2) 
PARAMETRIC_REPRESENTATION_CONTEXT() REPRESENTATION_CONTEXT('2D SPACE',''
  ) );
#3925 = PCURVE('',#3926,#3931);
#3926 = PLANE('',#3927);
#3927 = AXIS2_PLACEMENT_3D('',#3928,#3929,#3930);
#3928 = CARTESIAN_POINT('',(395.,42.,1.36E+03));
#3929 = DIRECTION('',(-0.,1.,0.));
#3930 = DIRECTION('',(0.,0.,1.));
#3931 = DEFINITIONAL_REPRESENTATION('',(#3932),#3936);
#3932 = LINE('',#3933,#3934);
#3933 = CARTESIAN_POINT('',(0.,0.));
#3934 = VECTOR('',#3935,1.);
#3935 = DIRECTION('',(1.,0.));
#3936 = ( GEOMETRIC_REPRESENTATION_CONTEXT(2) 
PARAMETRIC_REPRESENTATION_CONTEXT() REPRESENTATION_CONTEXT('2D SPACE',''
  ) );
#3937 = ORIENTED_EDGE('',*,*,#3938,.F.);
#3938 = EDGE_CURVE('',#3850,#3911,#3939,.T.);
#3939 = SURFACE_CURVE('',#3940,(#3944,#3951),.PCURVE_S1.);
#3940 = LINE('',#3941,#3942);
#3941 = CARTESIAN_POINT('',(395.,30.,1.415E+03));
#3942 = VECTOR('',#3943,1.);
#3943 = DIRECTION('',(-0.,1.,0.));
#3944 = PCURVE('',#3858,#3945);
#3945 = DEFINITIONAL_REPRESENTATION('',(#3946),#3950);
#3946 = LINE('',#3947,#3948);
#3947 = CARTESIAN_POINT('',(55.,0.));
#3948 = VECTOR('',#3949,1.);
#3949 = DIRECTION('',(0.,-1.));
#3950 = ( GEOMETRIC_REPRESENTATION_CONTEXT(2) 
PARAMETRIC_REPRESENTATION_CONTEXT() REPRESENTATION_CONTEXT('2D SPACE',''
  ) );
#3951 = PCURVE('',#3952,#3957);
#3952 = PLANE('',#3953);
#3953 = AXIS2_PLACEMENT_3D('',#3954,#3955,#3956);
#3954 = CARTESIAN_POINT('',(395.,30.,1.415E+03));
#3955 = DIRECTION('',(0.,0.,1.));
#3956 = DIRECTION('',(1.,0.,-0.));
#3957 = DEFINITIONAL_REPRESENTATION('',(#3958),#3962);
#3958 = LINE('',#3959,#3960);
#3959 = CARTESIAN_POINT('',(0.,0.));
#3960 = VECTOR('',#3961,1.);
#3961 = DIRECTION('',(0.,1.));
#3962 = ( GEOMETRIC_REPRESENTATION_CONTEXT(2) 
PARAMETRIC_REPRESENTATION_CONTEXT() REPRESENTATION_CONTEXT('2D SPACE',''
  ) );
#3963 = ADVANCED_FACE('',(#3964),#3870,.F.);
#3964 = FACE_BOUND('',#3965,.F.);
#3965 = EDGE_LOOP('',(#3966,#3989,#3990,#4013));
#3966 = ORIENTED_EDGE('',*,*,#3967,.F.);
#3967 = EDGE_CURVE('',#3848,#3968,#3970,.T.);
#3968 = VERTEX_POINT('',#3969);
#3969 = CARTESIAN_POINT('',(465.,30.,1.36E+03));
#3970 = SURFACE_CURVE('',#3971,(#3975,#3982),.PCURVE_S1.);
#3971 = LINE('',#3972,#3973);
#3972 = CARTESIAN_POINT('',(395.,30.,1.36E+03));
#3973 = VECTOR('',#3974,1.);
#3974 = DIRECTION('',(1.,0.,-0.));
#3975 = PCURVE('',#3870,#3976);
#3976 = DEFINITIONAL_REPRESENTATION('',(#3977),#3981);
#3977 = LINE('',#3978,#3979);
#3978 = CARTESIAN_POINT('',(0.,0.));
#3979 = VECTOR('',#3980,1.);
#3980 = DIRECTION('',(0.,1.));
#3981 = ( GEOMETRIC_REPRESENTATION_CONTEXT(2) 
PARAMETRIC_REPRESENTATION_CONTEXT() REPRESENTATION_CONTEXT('2D SPACE',''
  ) );
#3982 = PCURVE('',#3898,#3983);
#3983 = DEFINITIONAL_REPRESENTATION('',(#3984),#3988);
#3984 = LINE('',#3985,#3986);
#3985 = CARTESIAN_POINT('',(0.,0.));
#3986 = VECTOR('',#3987,1.);
#3987 = DIRECTION('',(1.,0.));
#3988 = ( GEOMETRIC_REPRESENTATION_CONTEXT(2) 
PARAMETRIC_REPRESENTATION_CONTEXT() REPRESENTATION_CONTEXT('2D SPACE',''
  ) );
#3989 = ORIENTED_EDGE('',*,*,#3847,.T.);
#3990 = ORIENTED_EDGE('',*,*,#3991,.T.);
#3991 = EDGE_CURVE('',#3850,#3992,#3994,.T.);
#3992 = VERTEX_POINT('',#3993);
#3993 = CARTESIAN_POINT('',(465.,30.,1.415E+03));
#3994 = SURFACE_CURVE('',#3995,(#3999,#4006),.PCURVE_S1.);
#3995 = LINE('',#3996,#3997);
#3996 = CARTESIAN_POINT('',(395.,30.,1.415E+03));
#3997 = VECTOR('',#3998,1.);
#3998 = DIRECTION('',(1.,0.,-0.));
#3999 = PCURVE('',#3870,#4000);
#4000 = DEFINITIONAL_REPRESENTATION('',(#4001),#4005);
#4001 = LINE('',#4002,#4003);
#4002 = CARTESIAN_POINT('',(55.,0.));
#4003 = VECTOR('',#4004,1.);
#4004 = DIRECTION('',(0.,1.));
#4005 = ( GEOMETRIC_REPRESENTATION_CONTEXT(2) 
PARAMETRIC_REPRESENTATION_CONTEXT() REPRESENTATION_CONTEXT('2D SPACE',''
  ) );
#4006 = PCURVE('',#3952,#4007);
#4007 = DEFINITIONAL_REPRESENTATION('',(#4008),#4012);
#4008 = LINE('',#4009,#4010);
#4009 = CARTESIAN_POINT('',(0.,0.));
#4010 = VECTOR('',#4011,1.);
#4011 = DIRECTION('',(1.,0.));
#4012 = ( GEOMETRIC_REPRESENTATION_CONTEXT(2) 
PARAMETRIC_REPRESENTATION_CONTEXT() REPRESENTATION_CONTEXT('2D SPACE',''
  ) );
#4013 = ORIENTED_EDGE('',*,*,#4014,.F.);
#4014 = EDGE_CURVE('',#3968,#3992,#4015,.T.);
#4015 = SURFACE_CURVE('',#4016,(#4020,#4027),.PCURVE_S1.);
#4016 = LINE('',#4017,#4018);
#4017 = CARTESIAN_POINT('',(465.,30.,1.36E+03));
#4018 = VECTOR('',#4019,1.);
#4019 = DIRECTION('',(0.,0.,1.));
#4020 = PCURVE('',#3870,#4021);
#4021 = DEFINITIONAL_REPRESENTATION('',(#4022),#4026);
#4022 = LINE('',#4023,#4024);
#4023 = CARTESIAN_POINT('',(0.,70.));
#4024 = VECTOR('',#4025,1.);
#4025 = DIRECTION('',(1.,0.));
#4026 = ( GEOMETRIC_REPRESENTATION_CONTEXT(2) 
PARAMETRIC_REPRESENTATION_CONTEXT() REPRESENTATION_CONTEXT('2D SPACE',''
  ) );
#4027 = PCURVE('',#4028,#4033);
#4028 = PLANE('',#4029);
#4029 = AXIS2_PLACEMENT_3D('',#4030,#4031,#4032);
#4030 = CARTESIAN_POINT('',(465.,30.,1.36E+03));
#4031 = DIRECTION('',(1.,0.,-0.));
#4032 = DIRECTION('',(0.,0.,1.));
#4033 = DEFINITIONAL_REPRESENTATION('',(#4034),#4038);
#4034 = LINE('',#4035,#4036);
#4035 = CARTESIAN_POINT('',(0.,0.));
#4036 = VECTOR('',#4037,1.);
#4037 = DIRECTION('',(1.,0.));
#4038 = ( GEOMETRIC_REPRESENTATION_CONTEXT(2) 
PARAMETRIC_REPRESENTATION_CONTEXT() REPRESENTATION_CONTEXT('2D SPACE',''
  ) );
#4039 = ADVANCED_FACE('',(#4040),#3952,.T.);
#4040 = FACE_BOUND('',#4041,.T.);
#4041 = EDGE_LOOP('',(#4042,#4043,#4044,#4067));
#4042 = ORIENTED_EDGE('',*,*,#3938,.F.);
#4043 = ORIENTED_EDGE('',*,*,#3991,.T.);
#4044 = ORIENTED_EDGE('',*,*,#4045,.T.);
#4045 = EDGE_CURVE('',#3992,#4046,#4048,.T.);
#4046 = VERTEX_POINT('',#4047);
#4047 = CARTESIAN_POINT('',(465.,42.,1.415E+03));
#4048 = SURFACE_CURVE('',#4049,(#4053,#4060),.PCURVE_S1.);
#4049 = LINE('',#4050,#4051);
#4050 = CARTESIAN_POINT('',(465.,30.,1.415E+03));
#4051 = VECTOR('',#4052,1.);
#4052 = DIRECTION('',(-0.,1.,0.));
#4053 = PCURVE('',#3952,#4054);
#4054 = DEFINITIONAL_REPRESENTATION('',(#4055),#4059);
#4055 = LINE('',#4056,#4057);
#4056 = CARTESIAN_POINT('',(70.,0.));
#4057 = VECTOR('',#4058,1.);
#4058 = DIRECTION('',(0.,1.));
#4059 = ( GEOMETRIC_REPRESENTATION_CONTEXT(2) 
PARAMETRIC_REPRESENTATION_CONTEXT() REPRESENTATION_CONTEXT('2D SPACE',''
  ) );
#4060 = PCURVE('',#4028,#4061);
#4061 = DEFINITIONAL_REPRESENTATION('',(#4062),#4066);
#4062 = LINE('',#4063,#4064);
#4063 = CARTESIAN_POINT('',(55.,0.));
#4064 = VECTOR('',#4065,1.);
#4065 = DIRECTION('',(0.,-1.));
#4066 = ( GEOMETRIC_REPRESENTATION_CONTEXT(2) 
PARAMETRIC_REPRESENTATION_CONTEXT() REPRESENTATION_CONTEXT('2D SPACE',''
  ) );
#4067 = ORIENTED_EDGE('',*,*,#4068,.F.);
#4068 = EDGE_CURVE('',#3911,#4046,#4069,.T.);
#4069 = SURFACE_CURVE('',#4070,(#4074,#4081),.PCURVE_S1.);
#4070 = LINE('',#4071,#4072);
#4071 = CARTESIAN_POINT('',(395.,42.,1.415E+03));
#4072 = VECTOR('',#4073,1.);
#4073 = DIRECTION('',(1.,0.,-0.));
#4074 = PCURVE('',#3952,#4075);
#4075 = DEFINITIONAL_REPRESENTATION('',(#4076),#4080);
#4076 = LINE('',#4077,#4078);
#4077 = CARTESIAN_POINT('',(0.,12.));
#4078 = VECTOR('',#4079,1.);
#4079 = DIRECTION('',(1.,0.));
#4080 = ( GEOMETRIC_REPRESENTATION_CONTEXT(2) 
PARAMETRIC_REPRESENTATION_CONTEXT() REPRESENTATION_CONTEXT('2D SPACE',''
  ) );
#4081 = PCURVE('',#3926,#4082);
#4082 = DEFINITIONAL_REPRESENTATION('',(#4083),#4087);
#4083 = LINE('',#4084,#4085);
#4084 = CARTESIAN_POINT('',(55.,0.));
#4085 = VECTOR('',#4086,1.);
#4086 = DIRECTION('',(0.,1.));
#4087 = ( GEOMETRIC_REPRESENTATION_CONTEXT(2) 
PARAMETRIC_REPRESENTATION_CONTEXT() REPRESENTATION_CONTEXT('2D SPACE',''
  ) );
#4088 = ADVANCED_FACE('',(#4089,#4137,#4168,#4199,#4230),#3926,.T.);
#4089 = FACE_BOUND('',#4090,.T.);
#4090 = EDGE_LOOP('',(#4091,#4114,#4115,#4116));
#4091 = ORIENTED_EDGE('',*,*,#4092,.F.);
#4092 = EDGE_CURVE('',#3883,#4093,#4095,.T.);
#4093 = VERTEX_POINT('',#4094);
#4094 = CARTESIAN_POINT('',(465.,42.,1.36E+03));
#4095 = SURFACE_CURVE('',#4096,(#4100,#4107),.PCURVE_S1.);
#4096 = LINE('',#4097,#4098);
#4097 = CARTESIAN_POINT('',(395.,42.,1.36E+03));
#4098 = VECTOR('',#4099,1.);
#4099 = DIRECTION('',(1.,0.,-0.));
#4100 = PCURVE('',#3926,#4101);
#4101 = DEFINITIONAL_REPRESENTATION('',(#4102),#4106);
#4102 = LINE('',#4103,#4104);
#4103 = CARTESIAN_POINT('',(0.,0.));
#4104 = VECTOR('',#4105,1.);
#4105 = DIRECTION('',(0.,1.));
#4106 = ( GEOMETRIC_REPRESENTATION_CONTEXT(2) 
PARAMETRIC_REPRESENTATION_CONTEXT() REPRESENTATION_CONTEXT('2D SPACE',''
  ) );
#4107 = PCURVE('',#3898,#4108);
#4108 = DEFINITIONAL_REPRESENTATION('',(#4109),#4113);
#4109 = LINE('',#4110,#4111);
#4110 = CARTESIAN_POINT('',(0.,12.));
#4111 = VECTOR('',#4112,1.);
#4112 = DIRECTION('',(1.,0.));
#4113 = ( GEOMETRIC_REPRESENTATION_CONTEXT(2) 
PARAMETRIC_REPRESENTATION_CONTEXT() REPRESENTATION_CONTEXT('2D SPACE',''
  ) );
#4114 = ORIENTED_EDGE('',*,*,#3910,.T.);
#4115 = ORIENTED_EDGE('',*,*,#4068,.T.);
#4116 = ORIENTED_EDGE('',*,*,#4117,.F.);
#4117 = EDGE_CURVE('',#4093,#4046,#4118,.T.);
#4118 = SURFACE_CURVE('',#4119,(#4123,#4130),.PCURVE_S1.);
#4119 = LINE('',#4120,#4121);
#4120 = CARTESIAN_POINT('',(465.,42.,1.36E+03));
#4121 = VECTOR('',#4122,1.);
#4122 = DIRECTION('',(0.,0.,1.));
#4123 = PCURVE('',#3926,#4124);
#4124 = DEFINITIONAL_REPRESENTATION('',(#4125),#4129);
#4125 = LINE('',#4126,#4127);
#4126 = CARTESIAN_POINT('',(0.,70.));
#4127 = VECTOR('',#4128,1.);
#4128 = DIRECTION('',(1.,0.));
#4129 = ( GEOMETRIC_REPRESENTATION_CONTEXT(2) 
PARAMETRIC_REPRESENTATION_CONTEXT() REPRESENTATION_CONTEXT('2D SPACE',''
  ) );
#4130 = PCURVE('',#4028,#4131);
#4131 = DEFINITIONAL_REPRESENTATION('',(#4132),#4136);
#4132 = LINE('',#4133,#4134);
#4133 = CARTESIAN_POINT('',(0.,-12.));
#4134 = VECTOR('',#4135,1.);
#4135 = DIRECTION('',(1.,0.));
#4136 = ( GEOMETRIC_REPRESENTATION_CONTEXT(2) 
PARAMETRIC_REPRESENTATION_CONTEXT() REPRESENTATION_CONTEXT('2D SPACE',''
  ) );
#4137 = FACE_BOUND('',#4138,.T.);
#4138 = EDGE_LOOP('',(#4139));
#4139 = ORIENTED_EDGE('',*,*,#4140,.F.);
#4140 = EDGE_CURVE('',#4141,#4141,#4143,.T.);
#4141 = VERTEX_POINT('',#4142);
#4142 = CARTESIAN_POINT('',(400.,42.,1.3675E+03));
#4143 = SURFACE_CURVE('',#4144,(#4149,#4156),.PCURVE_S1.);
#4144 = CIRCLE('',#4145,2.5);
#4145 = AXIS2_PLACEMENT_3D('',#4146,#4147,#4148);
#4146 = CARTESIAN_POINT('',(400.,42.,1.365E+03));
#4147 = DIRECTION('',(0.,1.,0.));
#4148 = DIRECTION('',(0.,-0.,1.));
#4149 = PCURVE('',#3926,#4150);
#4150 = DEFINITIONAL_REPRESENTATION('',(#4151),#4155);
#4151 = CIRCLE('',#4152,2.5);
#4152 = AXIS2_PLACEMENT_2D('',#4153,#4154);
#4153 = CARTESIAN_POINT('',(5.,5.));
#4154 = DIRECTION('',(1.,0.));
#4155 = ( GEOMETRIC_REPRESENTATION_CONTEXT(2) 
PARAMETRIC_REPRESENTATION_CONTEXT() REPRESENTATION_CONTEXT('2D SPACE',''
  ) );
#4156 = PCURVE('',#4157,#4162);
#4157 = CYLINDRICAL_SURFACE('',#4158,2.5);
#4158 = AXIS2_PLACEMENT_3D('',#4159,#4160,#4161);
#4159 = CARTESIAN_POINT('',(400.,42.,1.365E+03));
#4160 = DIRECTION('',(0.,1.,0.));
#4161 = DIRECTION('',(0.,-0.,1.));
#4162 = DEFINITIONAL_REPRESENTATION('',(#4163),#4167);
#4163 = LINE('',#4164,#4165);
#4164 = CARTESIAN_POINT('',(0.,0.));
#4165 = VECTOR('',#4166,1.);
#4166 = DIRECTION('',(1.,0.));
#4167 = ( GEOMETRIC_REPRESENTATION_CONTEXT(2) 
PARAMETRIC_REPRESENTATION_CONTEXT() REPRESENTATION_CONTEXT('2D SPACE',''
  ) );
#4168 = FACE_BOUND('',#4169,.T.);
#4169 = EDGE_LOOP('',(#4170));
#4170 = ORIENTED_EDGE('',*,*,#4171,.F.);
#4171 = EDGE_CURVE('',#4172,#4172,#4174,.T.);
#4172 = VERTEX_POINT('',#4173);
#4173 = CARTESIAN_POINT('',(400.,42.,1.4125E+03));
#4174 = SURFACE_CURVE('',#4175,(#4180,#4187),.PCURVE_S1.);
#4175 = CIRCLE('',#4176,2.5);
#4176 = AXIS2_PLACEMENT_3D('',#4177,#4178,#4179);
#4177 = CARTESIAN_POINT('',(400.,42.,1.41E+03));
#4178 = DIRECTION('',(0.,1.,0.));
#4179 = DIRECTION('',(0.,-0.,1.));
#4180 = PCURVE('',#3926,#4181);
#4181 = DEFINITIONAL_REPRESENTATION('',(#4182),#4186);
#4182 = CIRCLE('',#4183,2.5);
#4183 = AXIS2_PLACEMENT_2D('',#4184,#4185);
#4184 = CARTESIAN_POINT('',(50.,5.));
#4185 = DIRECTION('',(1.,0.));
#4186 = ( GEOMETRIC_REPRESENTATION_CONTEXT(2) 
PARAMETRIC_REPRESENTATION_CONTEXT() REPRESENTATION_CONTEXT('2D SPACE',''
  ) );
#4187 = PCURVE('',#4188,#4193);
#4188 = CYLINDRICAL_SURFACE('',#4189,2.5);
#4189 = AXIS2_PLACEMENT_3D('',#4190,#4191,#4192);
#4190 = CARTESIAN_POINT('',(400.,42.,1.41E+03));
#4191 = DIRECTION('',(0.,1.,0.));
#4192 = DIRECTION('',(0.,-0.,1.));
#4193 = DEFINITIONAL_REPRESENTATION('',(#4194),#4198);
#4194 = LINE('',#4195,#4196);
#4195 = CARTESIAN_POINT('',(0.,0.));
#4196 = VECTOR('',#4197,1.);
#4197 = DIRECTION('',(1.,0.));
#4198 = ( GEOMETRIC_REPRESENTATION_CONTEXT(2) 
PARAMETRIC_REPRESENTATION_CONTEXT() REPRESENTATION_CONTEXT('2D SPACE',''
  ) );
#4199 = FACE_BOUND('',#4200,.T.);
#4200 = EDGE_LOOP('',(#4201));
#4201 = ORIENTED_EDGE('',*,*,#4202,.F.);
#4202 = EDGE_CURVE('',#4203,#4203,#4205,.T.);
#4203 = VERTEX_POINT('',#4204);
#4204 = CARTESIAN_POINT('',(460.,42.,1.3675E+03));
#4205 = SURFACE_CURVE('',#4206,(#4211,#4218),.PCURVE_S1.);
#4206 = CIRCLE('',#4207,2.5);
#4207 = AXIS2_PLACEMENT_3D('',#4208,#4209,#4210);
#4208 = CARTESIAN_POINT('',(460.,42.,1.365E+03));
#4209 = DIRECTION('',(0.,1.,0.));
#4210 = DIRECTION('',(0.,-0.,1.));
#4211 = PCURVE('',#3926,#4212);
#4212 = DEFINITIONAL_REPRESENTATION('',(#4213),#4217);
#4213 = CIRCLE('',#4214,2.5);
#4214 = AXIS2_PLACEMENT_2D('',#4215,#4216);
#4215 = CARTESIAN_POINT('',(5.,65.));
#4216 = DIRECTION('',(1.,0.));
#4217 = ( GEOMETRIC_REPRESENTATION_CONTEXT(2) 
PARAMETRIC_REPRESENTATION_CONTEXT() REPRESENTATION_CONTEXT('2D SPACE',''
  ) );
#4218 = PCURVE('',#4219,#4224);
#4219 = CYLINDRICAL_SURFACE('',#4220,2.5);
#4220 = AXIS2_PLACEMENT_3D('',#4221,#4222,#4223);
#4221 = CARTESIAN_POINT('',(460.,42.,1.365E+03));
#4222 = DIRECTION('',(0.,1.,0.));
#4223 = DIRECTION('',(0.,-0.,1.));
#4224 = DEFINITIONAL_REPRESENTATION('',(#4225),#4229);
#4225 = LINE('',#4226,#4227);
#4226 = CARTESIAN_POINT('',(0.,0.));
#4227 = VECTOR('',#4228,1.);
#4228 = DIRECTION('',(1.,0.));
#4229 = ( GEOMETRIC_REPRESENTATION_CONTEXT(2) 
PARAMETRIC_REPRESENTATION_CONTEXT() REPRESENTATION_CONTEXT('2D SPACE',''
  ) );
#4230 = FACE_BOUND('',#4231,.T.);
#4231 = EDGE_LOOP('',(#4232));
#4232 = ORIENTED_EDGE('',*,*,#4233,.F.);
#4233 = EDGE_CURVE('',#4234,#4234,#4236,.T.);
#4234 = VERTEX_POINT('',#4235);
#4235 = CARTESIAN_POINT('',(460.,42.,1.4125E+03));
#4236 = SURFACE_CURVE('',#4237,(#4242,#4249),.PCURVE_S1.);
#4237 = CIRCLE('',#4238,2.5);
#4238 = AXIS2_PLACEMENT_3D('',#4239,#4240,#4241);
#4239 = CARTESIAN_POINT('',(460.,42.,1.41E+03));
#4240 = DIRECTION('',(0.,1.,0.));
#4241 = DIRECTION('',(0.,-0.,1.));
#4242 = PCURVE('',#3926,#4243);
#4243 = DEFINITIONAL_REPRESENTATION('',(#4244),#4248);
#4244 = CIRCLE('',#4245,2.5);
#4245 = AXIS2_PLACEMENT_2D('',#4246,#4247);
#4246 = CARTESIAN_POINT('',(50.,65.));
#4247 = DIRECTION('',(1.,0.));
#4248 = ( GEOMETRIC_REPRESENTATION_CONTEXT(2) 
PARAMETRIC_REPRESENTATION_CONTEXT() REPRESENTATION_CONTEXT('2D SPACE',''
  ) );
#4249 = PCURVE('',#4250,#4255);
#4250 = CYLINDRICAL_SURFACE('',#4251,2.5);
#4251 = AXIS2_PLACEMENT_3D('',#4252,#4253,#4254);
#4252 = CARTESIAN_POINT('',(460.,42.,1.41E+03));
#4253 = DIRECTION('',(0.,1.,0.));
#4254 = DIRECTION('',(0.,-0.,1.));
#4255 = DEFINITIONAL_REPRESENTATION('',(#4256),#4260);
#4256 = LINE('',#4257,#4258);
#4257 = CARTESIAN_POINT('',(0.,0.));
#4258 = VECTOR('',#4259,1.);
#4259 = DIRECTION('',(1.,0.));
#4260 = ( GEOMETRIC_REPRESENTATION_CONTEXT(2) 
PARAMETRIC_REPRESENTATION_CONTEXT() REPRESENTATION_CONTEXT('2D SPACE',''
  ) );
#4261 = ADVANCED_FACE('',(#4262),#3898,.F.);
#4262 = FACE_BOUND('',#4263,.F.);
#4263 = EDGE_LOOP('',(#4264,#4265,#4266,#4287));
#4264 = ORIENTED_EDGE('',*,*,#3882,.F.);
#4265 = ORIENTED_EDGE('',*,*,#3967,.T.);
#4266 = ORIENTED_EDGE('',*,*,#4267,.T.);
#4267 = EDGE_CURVE('',#3968,#4093,#4268,.T.);
#4268 = SURFACE_CURVE('',#4269,(#4273,#4280),.PCURVE_S1.);
#4269 = LINE('',#4270,#4271);
#4270 = CARTESIAN_POINT('',(465.,30.,1.36E+03));
#4271 = VECTOR('',#4272,1.);
#4272 = DIRECTION('',(-0.,1.,0.));
#4273 = PCURVE('',#3898,#4274);
#4274 = DEFINITIONAL_REPRESENTATION('',(#4275),#4279);
#4275 = LINE('',#4276,#4277);
#4276 = CARTESIAN_POINT('',(70.,0.));
#4277 = VECTOR('',#4278,1.);
#4278 = DIRECTION('',(0.,1.));
#4279 = ( GEOMETRIC_REPRESENTATION_CONTEXT(2) 
PARAMETRIC_REPRESENTATION_CONTEXT() REPRESENTATION_CONTEXT('2D SPACE',''
  ) );
#4280 = PCURVE('',#4028,#4281);
#4281 = DEFINITIONAL_REPRESENTATION('',(#4282),#4286);
#4282 = LINE('',#4283,#4284);
#4283 = CARTESIAN_POINT('',(0.,0.));
#4284 = VECTOR('',#4285,1.);
#4285 = DIRECTION('',(0.,-1.));
#4286 = ( GEOMETRIC_REPRESENTATION_CONTEXT(2) 
PARAMETRIC_REPRESENTATION_CONTEXT() REPRESENTATION_CONTEXT('2D SPACE',''
  ) );
#4287 = ORIENTED_EDGE('',*,*,#4092,.F.);
#4288 = ADVANCED_FACE('',(#4289),#4028,.T.);
#4289 = FACE_BOUND('',#4290,.T.);
#4290 = EDGE_LOOP('',(#4291,#4292,#4293,#4294));
#4291 = ORIENTED_EDGE('',*,*,#4014,.F.);
#4292 = ORIENTED_EDGE('',*,*,#4267,.T.);
#4293 = ORIENTED_EDGE('',*,*,#4117,.T.);
#4294 = ORIENTED_EDGE('',*,*,#4045,.F.);
#4295 = ADVANCED_FACE('',(#4296),#4157,.T.);
#4296 = FACE_BOUND('',#4297,.T.);
#4297 = EDGE_LOOP('',(#4298,#4327,#4348,#4349));
#4298 = ORIENTED_EDGE('',*,*,#4299,.F.);
#4299 = EDGE_CURVE('',#4300,#4300,#4302,.T.);
#4300 = VERTEX_POINT('',#4301);
#4301 = CARTESIAN_POINT('',(400.,48.,1.3675E+03));
#4302 = SURFACE_CURVE('',#4303,(#4308,#4315),.PCURVE_S1.);
#4303 = CIRCLE('',#4304,2.5);
#4304 = AXIS2_PLACEMENT_3D('',#4305,#4306,#4307);
#4305 = CARTESIAN_POINT('',(400.,48.,1.365E+03));
#4306 = DIRECTION('',(0.,1.,0.));
#4307 = DIRECTION('',(0.,-0.,1.));
#4308 = PCURVE('',#4157,#4309);
#4309 = DEFINITIONAL_REPRESENTATION('',(#4310),#4314);
#4310 = LINE('',#4311,#4312);
#4311 = CARTESIAN_POINT('',(0.,6.));
#4312 = VECTOR('',#4313,1.);
#4313 = DIRECTION('',(1.,0.));
#4314 = ( GEOMETRIC_REPRESENTATION_CONTEXT(2) 
PARAMETRIC_REPRESENTATION_CONTEXT() REPRESENTATION_CONTEXT('2D SPACE',''
  ) );
#4315 = PCURVE('',#4316,#4321);
#4316 = PLANE('',#4317);
#4317 = AXIS2_PLACEMENT_3D('',#4318,#4319,#4320);
#4318 = CARTESIAN_POINT('',(400.,48.,1.365E+03));
#4319 = DIRECTION('',(0.,1.,0.));
#4320 = DIRECTION('',(0.,-0.,1.));
#4321 = DEFINITIONAL_REPRESENTATION('',(#4322),#4326);
#4322 = CIRCLE('',#4323,2.5);
#4323 = AXIS2_PLACEMENT_2D('',#4324,#4325);
#4324 = CARTESIAN_POINT('',(0.,0.));
#4325 = DIRECTION('',(1.,0.));
#4326 = ( GEOMETRIC_REPRESENTATION_CONTEXT(2) 
PARAMETRIC_REPRESENTATION_CONTEXT() REPRESENTATION_CONTEXT('2D SPACE',''
  ) );
#4327 = ORIENTED_EDGE('',*,*,#4328,.F.);
#4328 = EDGE_CURVE('',#4141,#4300,#4329,.T.);
#4329 = SEAM_CURVE('',#4330,(#4334,#4341),.PCURVE_S1.);
#4330 = LINE('',#4331,#4332);
#4331 = CARTESIAN_POINT('',(400.,42.,1.3675E+03));
#4332 = VECTOR('',#4333,1.);
#4333 = DIRECTION('',(0.,1.,0.));
#4334 = PCURVE('',#4157,#4335);
#4335 = DEFINITIONAL_REPRESENTATION('',(#4336),#4340);
#4336 = LINE('',#4337,#4338);
#4337 = CARTESIAN_POINT('',(6.28318530718,-0.));
#4338 = VECTOR('',#4339,1.);
#4339 = DIRECTION('',(0.,1.));
#4340 = ( GEOMETRIC_REPRESENTATION_CONTEXT(2) 
PARAMETRIC_REPRESENTATION_CONTEXT() REPRESENTATION_CONTEXT('2D SPACE',''
  ) );
#4341 = PCURVE('',#4157,#4342);
#4342 = DEFINITIONAL_REPRESENTATION('',(#4343),#4347);
#4343 = LINE('',#4344,#4345);
#4344 = CARTESIAN_POINT('',(0.,-0.));
#4345 = VECTOR('',#4346,1.);
#4346 = DIRECTION('',(0.,1.));
#4347 = ( GEOMETRIC_REPRESENTATION_CONTEXT(2) 
PARAMETRIC_REPRESENTATION_CONTEXT() REPRESENTATION_CONTEXT('2D SPACE',''
  ) );
#4348 = ORIENTED_EDGE('',*,*,#4140,.T.);
#4349 = ORIENTED_EDGE('',*,*,#4328,.T.);
#4350 = ADVANCED_FACE('',(#4351),#4188,.T.);
#4351 = FACE_BOUND('',#4352,.T.);
#4352 = EDGE_LOOP('',(#4353,#4382,#4403,#4404));
#4353 = ORIENTED_EDGE('',*,*,#4354,.F.);
#4354 = EDGE_CURVE('',#4355,#4355,#4357,.T.);
#4355 = VERTEX_POINT('',#4356);
#4356 = CARTESIAN_POINT('',(400.,48.,1.4125E+03));
#4357 = SURFACE_CURVE('',#4358,(#4363,#4370),.PCURVE_S1.);
#4358 = CIRCLE('',#4359,2.5);
#4359 = AXIS2_PLACEMENT_3D('',#4360,#4361,#4362);
#4360 = CARTESIAN_POINT('',(400.,48.,1.41E+03));
#4361 = DIRECTION('',(0.,1.,0.));
#4362 = DIRECTION('',(0.,-0.,1.));
#4363 = PCURVE('',#4188,#4364);
#4364 = DEFINITIONAL_REPRESENTATION('',(#4365),#4369);
#4365 = LINE('',#4366,#4367);
#4366 = CARTESIAN_POINT('',(0.,6.));
#4367 = VECTOR('',#4368,1.);
#4368 = DIRECTION('',(1.,0.));
#4369 = ( GEOMETRIC_REPRESENTATION_CONTEXT(2) 
PARAMETRIC_REPRESENTATION_CONTEXT() REPRESENTATION_CONTEXT('2D SPACE',''
  ) );
#4370 = PCURVE('',#4371,#4376);
#4371 = PLANE('',#4372);
#4372 = AXIS2_PLACEMENT_3D('',#4373,#4374,#4375);
#4373 = CARTESIAN_POINT('',(400.,48.,1.41E+03));
#4374 = DIRECTION('',(0.,1.,0.));
#4375 = DIRECTION('',(0.,-0.,1.));
#4376 = DEFINITIONAL_REPRESENTATION('',(#4377),#4381);
#4377 = CIRCLE('',#4378,2.5);
#4378 = AXIS2_PLACEMENT_2D('',#4379,#4380);
#4379 = CARTESIAN_POINT('',(0.,0.));
#4380 = DIRECTION('',(1.,0.));
#4381 = ( GEOMETRIC_REPRESENTATION_CONTEXT(2) 
PARAMETRIC_REPRESENTATION_CONTEXT() REPRESENTATION_CONTEXT('2D SPACE',''
  ) );
#4382 = ORIENTED_EDGE('',*,*,#4383,.F.);
#4383 = EDGE_CURVE('',#4172,#4355,#4384,.T.);
#4384 = SEAM_CURVE('',#4385,(#4389,#4396),.PCURVE_S1.);
#4385 = LINE('',#4386,#4387);
#4386 = CARTESIAN_POINT('',(400.,42.,1.4125E+03));
#4387 = VECTOR('',#4388,1.);
#4388 = DIRECTION('',(0.,1.,0.));
#4389 = PCURVE('',#4188,#4390);
#4390 = DEFINITIONAL_REPRESENTATION('',(#4391),#4395);
#4391 = LINE('',#4392,#4393);
#4392 = CARTESIAN_POINT('',(6.28318530718,-0.));
#4393 = VECTOR('',#4394,1.);
#4394 = DIRECTION('',(0.,1.));
#4395 = ( GEOMETRIC_REPRESENTATION_CONTEXT(2) 
PARAMETRIC_REPRESENTATION_CONTEXT() REPRESENTATION_CONTEXT('2D SPACE',''
  ) );
#4396 = PCURVE('',#4188,#4397);
#4397 = DEFINITIONAL_REPRESENTATION('',(#4398),#4402);
#4398 = LINE('',#4399,#4400);
#4399 = CARTESIAN_POINT('',(0.,-0.));
#4400 = VECTOR('',#4401,1.);
#4401 = DIRECTION('',(0.,1.));
#4402 = ( GEOMETRIC_REPRESENTATION_CONTEXT(2) 
PARAMETRIC_REPRESENTATION_CONTEXT() REPRESENTATION_CONTEXT('2D SPACE',''
  ) );
#4403 = ORIENTED_EDGE('',*,*,#4171,.T.);
#4404 = ORIENTED_EDGE('',*,*,#4383,.T.);
#4405 = ADVANCED_FACE('',(#4406),#4219,.T.);
#4406 = FACE_BOUND('',#4407,.T.);
#4407 = EDGE_LOOP('',(#4408,#4437,#4458,#4459));
#4408 = ORIENTED_EDGE('',*,*,#4409,.F.);
#4409 = EDGE_CURVE('',#4410,#4410,#4412,.T.);
#4410 = VERTEX_POINT('',#4411);
#4411 = CARTESIAN_POINT('',(460.,48.,1.3675E+03));
#4412 = SURFACE_CURVE('',#4413,(#4418,#4425),.PCURVE_S1.);
#4413 = CIRCLE('',#4414,2.5);
#4414 = AXIS2_PLACEMENT_3D('',#4415,#4416,#4417);
#4415 = CARTESIAN_POINT('',(460.,48.,1.365E+03));
#4416 = DIRECTION('',(0.,1.,0.));
#4417 = DIRECTION('',(0.,-0.,1.));
#4418 = PCURVE('',#4219,#4419);
#4419 = DEFINITIONAL_REPRESENTATION('',(#4420),#4424);
#4420 = LINE('',#4421,#4422);
#4421 = CARTESIAN_POINT('',(0.,6.));
#4422 = VECTOR('',#4423,1.);
#4423 = DIRECTION('',(1.,0.));
#4424 = ( GEOMETRIC_REPRESENTATION_CONTEXT(2) 
PARAMETRIC_REPRESENTATION_CONTEXT() REPRESENTATION_CONTEXT('2D SPACE',''
  ) );
#4425 = PCURVE('',#4426,#4431);
#4426 = PLANE('',#4427);
#4427 = AXIS2_PLACEMENT_3D('',#4428,#4429,#4430);
#4428 = CARTESIAN_POINT('',(460.,48.,1.365E+03));
#4429 = DIRECTION('',(0.,1.,0.));
#4430 = DIRECTION('',(0.,-0.,1.));
#4431 = DEFINITIONAL_REPRESENTATION('',(#4432),#4436);
#4432 = CIRCLE('',#4433,2.5);
#4433 = AXIS2_PLACEMENT_2D('',#4434,#4435);
#4434 = CARTESIAN_POINT('',(0.,0.));
#4435 = DIRECTION('',(1.,0.));
#4436 = ( GEOMETRIC_REPRESENTATION_CONTEXT(2) 
PARAMETRIC_REPRESENTATION_CONTEXT() REPRESENTATION_CONTEXT('2D SPACE',''
  ) );
#4437 = ORIENTED_EDGE('',*,*,#4438,.F.);
#4438 = EDGE_CURVE('',#4203,#4410,#4439,.T.);
#4439 = SEAM_CURVE('',#4440,(#4444,#4451),.PCURVE_S1.);
#4440 = LINE('',#4441,#4442);
#4441 = CARTESIAN_POINT('',(460.,42.,1.3675E+03));
#4442 = VECTOR('',#4443,1.);
#4443 = DIRECTION('',(0.,1.,0.));
#4444 = PCURVE('',#4219,#4445);
#4445 = DEFINITIONAL_REPRESENTATION('',(#4446),#4450);
#4446 = LINE('',#4447,#4448);
#4447 = CARTESIAN_POINT('',(6.28318530718,-0.));
#4448 = VECTOR('',#4449,1.);
#4449 = DIRECTION('',(0.,1.));
#4450 = ( GEOMETRIC_REPRESENTATION_CONTEXT(2) 
PARAMETRIC_REPRESENTATION_CONTEXT() REPRESENTATION_CONTEXT('2D SPACE',''
  ) );
#4451 = PCURVE('',#4219,#4452);
#4452 = DEFINITIONAL_REPRESENTATION('',(#4453),#4457);
#4453 = LINE('',#4454,#4455);
#4454 = CARTESIAN_POINT('',(0.,-0.));
#4455 = VECTOR('',#4456,1.);
#4456 = DIRECTION('',(0.,1.));
#4457 = ( GEOMETRIC_REPRESENTATION_CONTEXT(2) 
PARAMETRIC_REPRESENTATION_CONTEXT() REPRESENTATION_CONTEXT('2D SPACE',''
  ) );
#4458 = ORIENTED_EDGE('',*,*,#4202,.T.);
#4459 = ORIENTED_EDGE('',*,*,#4438,.T.);
#4460 = ADVANCED_FACE('',(#4461),#4250,.T.);
#4461 = FACE_BOUND('',#4462,.T.);
#4462 = EDGE_LOOP('',(#4463,#4492,#4513,#4514));
#4463 = ORIENTED_EDGE('',*,*,#4464,.F.);
#4464 = EDGE_CURVE('',#4465,#4465,#4467,.T.);
#4465 = VERTEX_POINT('',#4466);
#4466 = CARTESIAN_POINT('',(460.,48.,1.4125E+03));
#4467 = SURFACE_CURVE('',#4468,(#4473,#4480),.PCURVE_S1.);
#4468 = CIRCLE('',#4469,2.5);
#4469 = AXIS2_PLACEMENT_3D('',#4470,#4471,#4472);
#4470 = CARTESIAN_POINT('',(460.,48.,1.41E+03));
#4471 = DIRECTION('',(0.,1.,0.));
#4472 = DIRECTION('',(0.,-0.,1.));
#4473 = PCURVE('',#4250,#4474);
#4474 = DEFINITIONAL_REPRESENTATION('',(#4475),#4479);
#4475 = LINE('',#4476,#4477);
#4476 = CARTESIAN_POINT('',(0.,6.));
#4477 = VECTOR('',#4478,1.);
#4478 = DIRECTION('',(1.,0.));
#4479 = ( GEOMETRIC_REPRESENTATION_CONTEXT(2) 
PARAMETRIC_REPRESENTATION_CONTEXT() REPRESENTATION_CONTEXT('2D SPACE',''
  ) );
#4480 = PCURVE('',#4481,#4486);
#4481 = PLANE('',#4482);
#4482 = AXIS2_PLACEMENT_3D('',#4483,#4484,#4485);
#4483 = CARTESIAN_POINT('',(460.,48.,1.41E+03));
#4484 = DIRECTION('',(0.,1.,0.));
#4485 = DIRECTION('',(0.,-0.,1.));
#4486 = DEFINITIONAL_REPRESENTATION('',(#4487),#4491);
#4487 = CIRCLE('',#4488,2.5);
#4488 = AXIS2_PLACEMENT_2D('',#4489,#4490);
#4489 = CARTESIAN_POINT('',(0.,0.));
#4490 = DIRECTION('',(1.,0.));
#4491 = ( GEOMETRIC_REPRESENTATION_CONTEXT(2) 
PARAMETRIC_REPRESENTATION_CONTEXT() REPRESENTATION_CONTEXT('2D SPACE',''
  ) );
#4492 = ORIENTED_EDGE('',*,*,#4493,.F.);
#4493 = EDGE_CURVE('',#4234,#4465,#4494,.T.);
#4494 = SEAM_CURVE('',#4495,(#4499,#4506),.PCURVE_S1.);
#4495 = LINE('',#4496,#4497);
#4496 = CARTESIAN_POINT('',(460.,42.,1.4125E+03));
#4497 = VECTOR('',#4498,1.);
#4498 = DIRECTION('',(0.,1.,0.));
#4499 = PCURVE('',#4250,#4500);
#4500 = DEFINITIONAL_REPRESENTATION('',(#4501),#4505);
#4501 = LINE('',#4502,#4503);
#4502 = CARTESIAN_POINT('',(6.28318530718,-0.));
#4503 = VECTOR('',#4504,1.);
#4504 = DIRECTION('',(0.,1.));
#4505 = ( GEOMETRIC_REPRESENTATION_CONTEXT(2) 
PARAMETRIC_REPRESENTATION_CONTEXT() REPRESENTATION_CONTEXT('2D SPACE',''
  ) );
#4506 = PCURVE('',#4250,#4507);
#4507 = DEFINITIONAL_REPRESENTATION('',(#4508),#4512);
#4508 = LINE('',#4509,#4510);
#4509 = CARTESIAN_POINT('',(0.,-0.));
#4510 = VECTOR('',#4511,1.);
#4511 = DIRECTION('',(0.,1.));
#4512 = ( GEOMETRIC_REPRESENTATION_CONTEXT(2) 
PARAMETRIC_REPRESENTATION_CONTEXT() REPRESENTATION_CONTEXT('2D SPACE',''
  ) );
#4513 = ORIENTED_EDGE('',*,*,#4233,.T.);
#4514 = ORIENTED_EDGE('',*,*,#4493,.T.);
#4515 = ADVANCED_FACE('',(#4516),#4316,.T.);
#4516 = FACE_BOUND('',#4517,.T.);
#4517 = EDGE_LOOP('',(#4518));
#4518 = ORIENTED_EDGE('',*,*,#4299,.T.);
#4519 = ADVANCED_FACE('',(#4520),#4371,.T.);
#4520 = FACE_BOUND('',#4521,.T.);
#4521 = EDGE_LOOP('',(#4522));
#4522 = ORIENTED_EDGE('',*,*,#4354,.T.);
#4523 = ADVANCED_FACE('',(#4524),#4426,.T.);
#4524 = FACE_BOUND('',#4525,.T.);
#4525 = EDGE_LOOP('',(#4526));
#4526 = ORIENTED_EDGE('',*,*,#4409,.T.);
#4527 = ADVANCED_FACE('',(#4528),#4481,.T.);
#4528 = FACE_BOUND('',#4529,.T.);
#4529 = EDGE_LOOP('',(#4530));
#4530 = ORIENTED_EDGE('',*,*,#4464,.T.);
#4531 = ( GEOMETRIC_REPRESENTATION_CONTEXT(3) 
GLOBAL_UNCERTAINTY_ASSIGNED_CONTEXT((#4535)) 
GLOBAL_UNIT_ASSIGNED_CONTEXT((#4532,#4533,#4534)) REPRESENTATION_CONTEXT
('Context #1','3D Context with UNIT and UNCERTAINTY') );
#4532 = ( LENGTH_UNIT() NAMED_UNIT(*) SI_UNIT(.MILLI.,.METRE.) );
#4533 = ( NAMED_UNIT(*) PLANE_ANGLE_UNIT() SI_UNIT($,.RADIAN.) );
#4534 = ( NAMED_UNIT(*) SI_UNIT($,.STERADIAN.) SOLID_ANGLE_UNIT() );
#4535 = UNCERTAINTY_MEASURE_WITH_UNIT(LENGTH_MEASURE(1.E-07),#4532,
  'distance_accuracy_value','confusion accuracy');
#4536 = CONTEXT_DEPENDENT_SHAPE_REPRESENTATION(#4537,#4539);
#4537 = ( REPRESENTATION_RELATIONSHIP('','',#3840,#10) 
REPRESENTATION_RELATIONSHIP_WITH_TRANSFORMATION(#4538) 
SHAPE_REPRESENTATION_RELATIONSHIP() );
#4538 = ITEM_DEFINED_TRANSFORMATION('','',#11,#31);
#4539 = PRODUCT_DEFINITION_SHAPE('Placement','Placement of an item',
  #4540);
#4540 = NEXT_ASSEMBLY_USAGE_OCCURRENCE('32','=>[0:1:1:6]','',#5,#3835,$
  );
#4541 = PRODUCT_RELATED_PRODUCT_CATEGORY('part',$,(#3837));
#4542 = SHAPE_DEFINITION_REPRESENTATION(#4543,#4549);
#4543 = PRODUCT_DEFINITION_SHAPE('','',#4544);
#4544 = PRODUCT_DEFINITION('design','',#4545,#4548);
#4545 = PRODUCT_DEFINITION_FORMATION('','',#4546);
#4546 = PRODUCT('COMPOUND','COMPOUND','',(#4547));
#4547 = PRODUCT_CONTEXT('',#2,'mechanical');
#4548 = PRODUCT_DEFINITION_CONTEXT('part definition',#2,'design');
#4549 = ADVANCED_BREP_SHAPE_REPRESENTATION('',(#11,#4550),#4918);
#4550 = MANIFOLD_SOLID_BREP('',#4551);
#4551 = CLOSED_SHELL('',(#4552,#4640,#4675,#4710,#4765,#4820,#4855,#4859
    ,#4914));
#4552 = ADVANCED_FACE('',(#4553),#4566,.T.);
#4553 = FACE_BOUND('',#4554,.T.);
#4554 = EDGE_LOOP('',(#4555,#4589,#4612,#4639));
#4555 = ORIENTED_EDGE('',*,*,#4556,.F.);
#4556 = EDGE_CURVE('',#4557,#4557,#4559,.T.);
#4557 = VERTEX_POINT('',#4558);
#4558 = CARTESIAN_POINT('',(541.,-10.,1.17E+03));
#4559 = SURFACE_CURVE('',#4560,(#4565,#4577),.PCURVE_S1.);
#4560 = CIRCLE('',#4561,9.);
#4561 = AXIS2_PLACEMENT_3D('',#4562,#4563,#4564);
#4562 = CARTESIAN_POINT('',(532.,-10.,1.17E+03));
#4563 = DIRECTION('',(0.,0.,1.));
#4564 = DIRECTION('',(1.,0.,-0.));
#4565 = PCURVE('',#4566,#4571);
#4566 = CYLINDRICAL_SURFACE('',#4567,9.);
#4567 = AXIS2_PLACEMENT_3D('',#4568,#4569,#4570);
#4568 = CARTESIAN_POINT('',(532.,-10.,1.158E+03));
#4569 = DIRECTION('',(0.,0.,1.));
#4570 = DIRECTION('',(1.,0.,-0.));
#4571 = DEFINITIONAL_REPRESENTATION('',(#4572),#4576);
#4572 = LINE('',#4573,#4574);
#4573 = CARTESIAN_POINT('',(0.,12.));
#4574 = VECTOR('',#4575,1.);
#4575 = DIRECTION('',(1.,0.));
#4576 = ( GEOMETRIC_REPRESENTATION_CONTEXT(2) 
PARAMETRIC_REPRESENTATION_CONTEXT() REPRESENTATION_CONTEXT('2D SPACE',''
  ) );
#4577 = PCURVE('',#4578,#4583);
#4578 = PLANE('',#4579);
#4579 = AXIS2_PLACEMENT_3D('',#4580,#4581,#4582);
#4580 = CARTESIAN_POINT('',(532.,-10.,1.17E+03));
#4581 = DIRECTION('',(0.,0.,1.));
#4582 = DIRECTION('',(1.,0.,-0.));
#4583 = DEFINITIONAL_REPRESENTATION('',(#4584),#4588);
#4584 = CIRCLE('',#4585,9.);
#4585 = AXIS2_PLACEMENT_2D('',#4586,#4587);
#4586 = CARTESIAN_POINT('',(0.,0.));
#4587 = DIRECTION('',(1.,0.));
#4588 = ( GEOMETRIC_REPRESENTATION_CONTEXT(2) 
PARAMETRIC_REPRESENTATION_CONTEXT() REPRESENTATION_CONTEXT('2D SPACE',''
  ) );
#4589 = ORIENTED_EDGE('',*,*,#4590,.F.);
#4590 = EDGE_CURVE('',#4591,#4557,#4593,.T.);
#4591 = VERTEX_POINT('',#4592);
#4592 = CARTESIAN_POINT('',(541.,-10.,1.158E+03));
#4593 = SEAM_CURVE('',#4594,(#4598,#4605),.PCURVE_S1.);
#4594 = LINE('',#4595,#4596);
#4595 = CARTESIAN_POINT('',(541.,-10.,1.158E+03));
#4596 = VECTOR('',#4597,1.);
#4597 = DIRECTION('',(0.,0.,1.));
#4598 = PCURVE('',#4566,#4599);
#4599 = DEFINITIONAL_REPRESENTATION('',(#4600),#4604);
#4600 = LINE('',#4601,#4602);
#4601 = CARTESIAN_POINT('',(6.28318530718,-0.));
#4602 = VECTOR('',#4603,1.);
#4603 = DIRECTION('',(0.,1.));
#4604 = ( GEOMETRIC_REPRESENTATION_CONTEXT(2) 
PARAMETRIC_REPRESENTATION_CONTEXT() REPRESENTATION_CONTEXT('2D SPACE',''
  ) );
#4605 = PCURVE('',#4566,#4606);
#4606 = DEFINITIONAL_REPRESENTATION('',(#4607),#4611);
#4607 = LINE('',#4608,#4609);
#4608 = CARTESIAN_POINT('',(0.,-0.));
#4609 = VECTOR('',#4610,1.);
#4610 = DIRECTION('',(0.,1.));
#4611 = ( GEOMETRIC_REPRESENTATION_CONTEXT(2) 
PARAMETRIC_REPRESENTATION_CONTEXT() REPRESENTATION_CONTEXT('2D SPACE',''
  ) );
#4612 = ORIENTED_EDGE('',*,*,#4613,.T.);
#4613 = EDGE_CURVE('',#4591,#4591,#4614,.T.);
#4614 = SURFACE_CURVE('',#4615,(#4620,#4627),.PCURVE_S1.);
#4615 = CIRCLE('',#4616,9.);
#4616 = AXIS2_PLACEMENT_3D('',#4617,#4618,#4619);
#4617 = CARTESIAN_POINT('',(532.,-10.,1.158E+03));
#4618 = DIRECTION('',(0.,0.,1.));
#4619 = DIRECTION('',(1.,0.,-0.));
#4620 = PCURVE('',#4566,#4621);
#4621 = DEFINITIONAL_REPRESENTATION('',(#4622),#4626);
#4622 = LINE('',#4623,#4624);
#4623 = CARTESIAN_POINT('',(0.,0.));
#4624 = VECTOR('',#4625,1.);
#4625 = DIRECTION('',(1.,0.));
#4626 = ( GEOMETRIC_REPRESENTATION_CONTEXT(2) 
PARAMETRIC_REPRESENTATION_CONTEXT() REPRESENTATION_CONTEXT('2D SPACE',''
  ) );
#4627 = PCURVE('',#4628,#4633);
#4628 = PLANE('',#4629);
#4629 = AXIS2_PLACEMENT_3D('',#4630,#4631,#4632);
#4630 = CARTESIAN_POINT('',(532.,-10.,1.158E+03));
#4631 = DIRECTION('',(0.,0.,1.));
#4632 = DIRECTION('',(1.,0.,-0.));
#4633 = DEFINITIONAL_REPRESENTATION('',(#4634),#4638);
#4634 = CIRCLE('',#4635,9.);
#4635 = AXIS2_PLACEMENT_2D('',#4636,#4637);
#4636 = CARTESIAN_POINT('',(0.,0.));
#4637 = DIRECTION('',(1.,0.));
#4638 = ( GEOMETRIC_REPRESENTATION_CONTEXT(2) 
PARAMETRIC_REPRESENTATION_CONTEXT() REPRESENTATION_CONTEXT('2D SPACE',''
  ) );
#4639 = ORIENTED_EDGE('',*,*,#4590,.T.);
#4640 = ADVANCED_FACE('',(#4641,#4644),#4578,.T.);
#4641 = FACE_BOUND('',#4642,.T.);
#4642 = EDGE_LOOP('',(#4643));
#4643 = ORIENTED_EDGE('',*,*,#4556,.T.);
#4644 = FACE_BOUND('',#4645,.T.);
#4645 = EDGE_LOOP('',(#4646));
#4646 = ORIENTED_EDGE('',*,*,#4647,.F.);
#4647 = EDGE_CURVE('',#4648,#4648,#4650,.T.);
#4648 = VERTEX_POINT('',#4649);
#4649 = CARTESIAN_POINT('',(535.2,-10.,1.17E+03));
#4650 = SURFACE_CURVE('',#4651,(#4656,#4663),.PCURVE_S1.);
#4651 = CIRCLE('',#4652,3.2);
#4652 = AXIS2_PLACEMENT_3D('',#4653,#4654,#4655);
#4653 = CARTESIAN_POINT('',(532.,-10.,1.17E+03));
#4654 = DIRECTION('',(0.,0.,1.));
#4655 = DIRECTION('',(1.,0.,-0.));
#4656 = PCURVE('',#4578,#4657);
#4657 = DEFINITIONAL_REPRESENTATION('',(#4658),#4662);
#4658 = CIRCLE('',#4659,3.2);
#4659 = AXIS2_PLACEMENT_2D('',#4660,#4661);
#4660 = CARTESIAN_POINT('',(0.,0.));
#4661 = DIRECTION('',(1.,0.));
#4662 = ( GEOMETRIC_REPRESENTATION_CONTEXT(2) 
PARAMETRIC_REPRESENTATION_CONTEXT() REPRESENTATION_CONTEXT('2D SPACE',''
  ) );
#4663 = PCURVE('',#4664,#4669);
#4664 = CYLINDRICAL_SURFACE('',#4665,3.2);
#4665 = AXIS2_PLACEMENT_3D('',#4666,#4667,#4668);
#4666 = CARTESIAN_POINT('',(532.,-10.,1.17E+03));
#4667 = DIRECTION('',(0.,0.,1.));
#4668 = DIRECTION('',(1.,0.,-0.));
#4669 = DEFINITIONAL_REPRESENTATION('',(#4670),#4674);
#4670 = LINE('',#4671,#4672);
#4671 = CARTESIAN_POINT('',(0.,0.));
#4672 = VECTOR('',#4673,1.);
#4673 = DIRECTION('',(1.,0.));
#4674 = ( GEOMETRIC_REPRESENTATION_CONTEXT(2) 
PARAMETRIC_REPRESENTATION_CONTEXT() REPRESENTATION_CONTEXT('2D SPACE',''
  ) );
#4675 = ADVANCED_FACE('',(#4676,#4679),#4628,.F.);
#4676 = FACE_BOUND('',#4677,.F.);
#4677 = EDGE_LOOP('',(#4678));
#4678 = ORIENTED_EDGE('',*,*,#4613,.T.);
#4679 = FACE_BOUND('',#4680,.F.);
#4680 = EDGE_LOOP('',(#4681));
#4681 = ORIENTED_EDGE('',*,*,#4682,.F.);
#4682 = EDGE_CURVE('',#4683,#4683,#4685,.T.);
#4683 = VERTEX_POINT('',#4684);
#4684 = CARTESIAN_POINT('',(537.,-10.,1.158E+03));
#4685 = SURFACE_CURVE('',#4686,(#4691,#4698),.PCURVE_S1.);
#4686 = CIRCLE('',#4687,5.);
#4687 = AXIS2_PLACEMENT_3D('',#4688,#4689,#4690);
#4688 = CARTESIAN_POINT('',(532.,-10.,1.158E+03));
#4689 = DIRECTION('',(0.,0.,1.));
#4690 = DIRECTION('',(1.,0.,-0.));
#4691 = PCURVE('',#4628,#4692);
#4692 = DEFINITIONAL_REPRESENTATION('',(#4693),#4697);
#4693 = CIRCLE('',#4694,5.);
#4694 = AXIS2_PLACEMENT_2D('',#4695,#4696);
#4695 = CARTESIAN_POINT('',(0.,0.));
#4696 = DIRECTION('',(1.,0.));
#4697 = ( GEOMETRIC_REPRESENTATION_CONTEXT(2) 
PARAMETRIC_REPRESENTATION_CONTEXT() REPRESENTATION_CONTEXT('2D SPACE',''
  ) );
#4698 = PCURVE('',#4699,#4704);
#4699 = CYLINDRICAL_SURFACE('',#4700,5.);
#4700 = AXIS2_PLACEMENT_3D('',#4701,#4702,#4703);
#4701 = CARTESIAN_POINT('',(532.,-10.,1.03E+03));
#4702 = DIRECTION('',(0.,0.,1.));
#4703 = DIRECTION('',(1.,0.,-0.));
#4704 = DEFINITIONAL_REPRESENTATION('',(#4705),#4709);
#4705 = LINE('',#4706,#4707);
#4706 = CARTESIAN_POINT('',(0.,128.));
#4707 = VECTOR('',#4708,1.);
#4708 = DIRECTION('',(1.,0.));
#4709 = ( GEOMETRIC_REPRESENTATION_CONTEXT(2) 
PARAMETRIC_REPRESENTATION_CONTEXT() REPRESENTATION_CONTEXT('2D SPACE',''
  ) );
#4710 = ADVANCED_FACE('',(#4711),#4664,.T.);
#4711 = FACE_BOUND('',#4712,.T.);
#4712 = EDGE_LOOP('',(#4713,#4742,#4763,#4764));
#4713 = ORIENTED_EDGE('',*,*,#4714,.F.);
#4714 = EDGE_CURVE('',#4715,#4715,#4717,.T.);
#4715 = VERTEX_POINT('',#4716);
#4716 = CARTESIAN_POINT('',(535.2,-10.,1.173E+03));
#4717 = SURFACE_CURVE('',#4718,(#4723,#4730),.PCURVE_S1.);
#4718 = CIRCLE('',#4719,3.2);
#4719 = AXIS2_PLACEMENT_3D('',#4720,#4721,#4722);
#4720 = CARTESIAN_POINT('',(532.,-10.,1.173E+03));
#4721 = DIRECTION('',(0.,0.,1.));
#4722 = DIRECTION('',(1.,0.,-0.));
#4723 = PCURVE('',#4664,#4724);
#4724 = DEFINITIONAL_REPRESENTATION('',(#4725),#4729);
#4725 = LINE('',#4726,#4727);
#4726 = CARTESIAN_POINT('',(0.,3.));
#4727 = VECTOR('',#4728,1.);
#4728 = DIRECTION('',(1.,0.));
#4729 = ( GEOMETRIC_REPRESENTATION_CONTEXT(2) 
PARAMETRIC_REPRESENTATION_CONTEXT() REPRESENTATION_CONTEXT('2D SPACE',''
  ) );
#4730 = PCURVE('',#4731,#4736);
#4731 = PLANE('',#4732);
#4732 = AXIS2_PLACEMENT_3D('',#4733,#4734,#4735);
#4733 = CARTESIAN_POINT('',(532.,-10.,1.173E+03));
#4734 = DIRECTION('',(0.,0.,1.));
#4735 = DIRECTION('',(1.,0.,-0.));
#4736 = DEFINITIONAL_REPRESENTATION('',(#4737),#4741);
#4737 = CIRCLE('',#4738,3.2);
#4738 = AXIS2_PLACEMENT_2D('',#4739,#4740);
#4739 = CARTESIAN_POINT('',(0.,0.));
#4740 = DIRECTION('',(1.,0.));
#4741 = ( GEOMETRIC_REPRESENTATION_CONTEXT(2) 
PARAMETRIC_REPRESENTATION_CONTEXT() REPRESENTATION_CONTEXT('2D SPACE',''
  ) );
#4742 = ORIENTED_EDGE('',*,*,#4743,.F.);
#4743 = EDGE_CURVE('',#4648,#4715,#4744,.T.);
#4744 = SEAM_CURVE('',#4745,(#4749,#4756),.PCURVE_S1.);
#4745 = LINE('',#4746,#4747);
#4746 = CARTESIAN_POINT('',(535.2,-10.,1.17E+03));
#4747 = VECTOR('',#4748,1.);
#4748 = DIRECTION('',(0.,0.,1.));
#4749 = PCURVE('',#4664,#4750);
#4750 = DEFINITIONAL_REPRESENTATION('',(#4751),#4755);
#4751 = LINE('',#4752,#4753);
#4752 = CARTESIAN_POINT('',(6.28318530718,-0.));
#4753 = VECTOR('',#4754,1.);
#4754 = DIRECTION('',(0.,1.));
#4755 = ( GEOMETRIC_REPRESENTATION_CONTEXT(2) 
PARAMETRIC_REPRESENTATION_CONTEXT() REPRESENTATION_CONTEXT('2D SPACE',''
  ) );
#4756 = PCURVE('',#4664,#4757);
#4757 = DEFINITIONAL_REPRESENTATION('',(#4758),#4762);
#4758 = LINE('',#4759,#4760);
#4759 = CARTESIAN_POINT('',(0.,-0.));
#4760 = VECTOR('',#4761,1.);
#4761 = DIRECTION('',(0.,1.));
#4762 = ( GEOMETRIC_REPRESENTATION_CONTEXT(2) 
PARAMETRIC_REPRESENTATION_CONTEXT() REPRESENTATION_CONTEXT('2D SPACE',''
  ) );
#4763 = ORIENTED_EDGE('',*,*,#4647,.T.);
#4764 = ORIENTED_EDGE('',*,*,#4743,.T.);
#4765 = ADVANCED_FACE('',(#4766),#4699,.T.);
#4766 = FACE_BOUND('',#4767,.T.);
#4767 = EDGE_LOOP('',(#4768,#4769,#4792,#4819));
#4768 = ORIENTED_EDGE('',*,*,#4682,.F.);
#4769 = ORIENTED_EDGE('',*,*,#4770,.F.);
#4770 = EDGE_CURVE('',#4771,#4683,#4773,.T.);
#4771 = VERTEX_POINT('',#4772);
#4772 = CARTESIAN_POINT('',(537.,-10.,1.03E+03));
#4773 = SEAM_CURVE('',#4774,(#4778,#4785),.PCURVE_S1.);
#4774 = LINE('',#4775,#4776);
#4775 = CARTESIAN_POINT('',(537.,-10.,1.03E+03));
#4776 = VECTOR('',#4777,1.);
#4777 = DIRECTION('',(0.,0.,1.));
#4778 = PCURVE('',#4699,#4779);
#4779 = DEFINITIONAL_REPRESENTATION('',(#4780),#4784);
#4780 = LINE('',#4781,#4782);
#4781 = CARTESIAN_POINT('',(6.28318530718,-0.));
#4782 = VECTOR('',#4783,1.);
#4783 = DIRECTION('',(0.,1.));
#4784 = ( GEOMETRIC_REPRESENTATION_CONTEXT(2) 
PARAMETRIC_REPRESENTATION_CONTEXT() REPRESENTATION_CONTEXT('2D SPACE',''
  ) );
#4785 = PCURVE('',#4699,#4786);
#4786 = DEFINITIONAL_REPRESENTATION('',(#4787),#4791);
#4787 = LINE('',#4788,#4789);
#4788 = CARTESIAN_POINT('',(0.,-0.));
#4789 = VECTOR('',#4790,1.);
#4790 = DIRECTION('',(0.,1.));
#4791 = ( GEOMETRIC_REPRESENTATION_CONTEXT(2) 
PARAMETRIC_REPRESENTATION_CONTEXT() REPRESENTATION_CONTEXT('2D SPACE',''
  ) );
#4792 = ORIENTED_EDGE('',*,*,#4793,.T.);
#4793 = EDGE_CURVE('',#4771,#4771,#4794,.T.);
#4794 = SURFACE_CURVE('',#4795,(#4800,#4807),.PCURVE_S1.);
#4795 = CIRCLE('',#4796,5.);
#4796 = AXIS2_PLACEMENT_3D('',#4797,#4798,#4799);
#4797 = CARTESIAN_POINT('',(532.,-10.,1.03E+03));
#4798 = DIRECTION('',(0.,0.,1.));
#4799 = DIRECTION('',(1.,0.,-0.));
#4800 = PCURVE('',#4699,#4801);
#4801 = DEFINITIONAL_REPRESENTATION('',(#4802),#4806);
#4802 = LINE('',#4803,#4804);
#4803 = CARTESIAN_POINT('',(0.,0.));
#4804 = VECTOR('',#4805,1.);
#4805 = DIRECTION('',(1.,0.));
#4806 = ( GEOMETRIC_REPRESENTATION_CONTEXT(2) 
PARAMETRIC_REPRESENTATION_CONTEXT() REPRESENTATION_CONTEXT('2D SPACE',''
  ) );
#4807 = PCURVE('',#4808,#4813);
#4808 = PLANE('',#4809);
#4809 = AXIS2_PLACEMENT_3D('',#4810,#4811,#4812);
#4810 = CARTESIAN_POINT('',(532.,-10.,1.03E+03));
#4811 = DIRECTION('',(0.,0.,1.));
#4812 = DIRECTION('',(1.,0.,-0.));
#4813 = DEFINITIONAL_REPRESENTATION('',(#4814),#4818);
#4814 = CIRCLE('',#4815,5.);
#4815 = AXIS2_PLACEMENT_2D('',#4816,#4817);
#4816 = CARTESIAN_POINT('',(0.,0.));
#4817 = DIRECTION('',(1.,0.));
#4818 = ( GEOMETRIC_REPRESENTATION_CONTEXT(2) 
PARAMETRIC_REPRESENTATION_CONTEXT() REPRESENTATION_CONTEXT('2D SPACE',''
  ) );
#4819 = ORIENTED_EDGE('',*,*,#4770,.T.);
#4820 = ADVANCED_FACE('',(#4821,#4852),#4731,.F.);
#4821 = FACE_BOUND('',#4822,.F.);
#4822 = EDGE_LOOP('',(#4823));
#4823 = ORIENTED_EDGE('',*,*,#4824,.T.);
#4824 = EDGE_CURVE('',#4825,#4825,#4827,.T.);
#4825 = VERTEX_POINT('',#4826);
#4826 = CARTESIAN_POINT('',(537.,-10.,1.173E+03));
#4827 = SURFACE_CURVE('',#4828,(#4833,#4840),.PCURVE_S1.);
#4828 = CIRCLE('',#4829,5.);
#4829 = AXIS2_PLACEMENT_3D('',#4830,#4831,#4832);
#4830 = CARTESIAN_POINT('',(532.,-10.,1.173E+03));
#4831 = DIRECTION('',(0.,0.,1.));
#4832 = DIRECTION('',(1.,0.,-0.));
#4833 = PCURVE('',#4731,#4834);
#4834 = DEFINITIONAL_REPRESENTATION('',(#4835),#4839);
#4835 = CIRCLE('',#4836,5.);
#4836 = AXIS2_PLACEMENT_2D('',#4837,#4838);
#4837 = CARTESIAN_POINT('',(0.,0.));
#4838 = DIRECTION('',(1.,0.));
#4839 = ( GEOMETRIC_REPRESENTATION_CONTEXT(2) 
PARAMETRIC_REPRESENTATION_CONTEXT() REPRESENTATION_CONTEXT('2D SPACE',''
  ) );
#4840 = PCURVE('',#4841,#4846);
#4841 = CYLINDRICAL_SURFACE('',#4842,5.);
#4842 = AXIS2_PLACEMENT_3D('',#4843,#4844,#4845);
#4843 = CARTESIAN_POINT('',(532.,-10.,1.173E+03));
#4844 = DIRECTION('',(0.,0.,1.));
#4845 = DIRECTION('',(1.,0.,-0.));
#4846 = DEFINITIONAL_REPRESENTATION('',(#4847),#4851);
#4847 = LINE('',#4848,#4849);
#4848 = CARTESIAN_POINT('',(0.,0.));
#4849 = VECTOR('',#4850,1.);
#4850 = DIRECTION('',(1.,0.));
#4851 = ( GEOMETRIC_REPRESENTATION_CONTEXT(2) 
PARAMETRIC_REPRESENTATION_CONTEXT() REPRESENTATION_CONTEXT('2D SPACE',''
  ) );
#4852 = FACE_BOUND('',#4853,.F.);
#4853 = EDGE_LOOP('',(#4854));
#4854 = ORIENTED_EDGE('',*,*,#4714,.F.);
#4855 = ADVANCED_FACE('',(#4856),#4808,.F.);
#4856 = FACE_BOUND('',#4857,.T.);
#4857 = EDGE_LOOP('',(#4858));
#4858 = ORIENTED_EDGE('',*,*,#4793,.F.);
#4859 = ADVANCED_FACE('',(#4860),#4841,.T.);
#4860 = FACE_BOUND('',#4861,.T.);
#4861 = EDGE_LOOP('',(#4862,#4891,#4912,#4913));
#4862 = ORIENTED_EDGE('',*,*,#4863,.F.);
#4863 = EDGE_CURVE('',#4864,#4864,#4866,.T.);
#4864 = VERTEX_POINT('',#4865);
#4865 = CARTESIAN_POINT('',(537.,-10.,1.178E+03));
#4866 = SURFACE_CURVE('',#4867,(#4872,#4879),.PCURVE_S1.);
#4867 = CIRCLE('',#4868,5.);
#4868 = AXIS2_PLACEMENT_3D('',#4869,#4870,#4871);
#4869 = CARTESIAN_POINT('',(532.,-10.,1.178E+03));
#4870 = DIRECTION('',(0.,0.,1.));
#4871 = DIRECTION('',(1.,0.,-0.));
#4872 = PCURVE('',#4841,#4873);
#4873 = DEFINITIONAL_REPRESENTATION('',(#4874),#4878);
#4874 = LINE('',#4875,#4876);
#4875 = CARTESIAN_POINT('',(0.,5.));
#4876 = VECTOR('',#4877,1.);
#4877 = DIRECTION('',(1.,0.));
#4878 = ( GEOMETRIC_REPRESENTATION_CONTEXT(2) 
PARAMETRIC_REPRESENTATION_CONTEXT() REPRESENTATION_CONTEXT('2D SPACE',''
  ) );
#4879 = PCURVE('',#4880,#4885);
#4880 = PLANE('',#4881);
#4881 = AXIS2_PLACEMENT_3D('',#4882,#4883,#4884);
#4882 = CARTESIAN_POINT('',(532.,-10.,1.178E+03));
#4883 = DIRECTION('',(0.,0.,1.));
#4884 = DIRECTION('',(1.,0.,-0.));
#4885 = DEFINITIONAL_REPRESENTATION('',(#4886),#4890);
#4886 = CIRCLE('',#4887,5.);
#4887 = AXIS2_PLACEMENT_2D('',#4888,#4889);
#4888 = CARTESIAN_POINT('',(0.,0.));
#4889 = DIRECTION('',(1.,0.));
#4890 = ( GEOMETRIC_REPRESENTATION_CONTEXT(2) 
PARAMETRIC_REPRESENTATION_CONTEXT() REPRESENTATION_CONTEXT('2D SPACE',''
  ) );
#4891 = ORIENTED_EDGE('',*,*,#4892,.F.);
#4892 = EDGE_CURVE('',#4825,#4864,#4893,.T.);
#4893 = SEAM_CURVE('',#4894,(#4898,#4905),.PCURVE_S1.);
#4894 = LINE('',#4895,#4896);
#4895 = CARTESIAN_POINT('',(537.,-10.,1.173E+03));
#4896 = VECTOR('',#4897,1.);
#4897 = DIRECTION('',(0.,0.,1.));
#4898 = PCURVE('',#4841,#4899);
#4899 = DEFINITIONAL_REPRESENTATION('',(#4900),#4904);
#4900 = LINE('',#4901,#4902);
#4901 = CARTESIAN_POINT('',(6.28318530718,-0.));
#4902 = VECTOR('',#4903,1.);
#4903 = DIRECTION('',(0.,1.));
#4904 = ( GEOMETRIC_REPRESENTATION_CONTEXT(2) 
PARAMETRIC_REPRESENTATION_CONTEXT() REPRESENTATION_CONTEXT('2D SPACE',''
  ) );
#4905 = PCURVE('',#4841,#4906);
#4906 = DEFINITIONAL_REPRESENTATION('',(#4907),#4911);
#4907 = LINE('',#4908,#4909);
#4908 = CARTESIAN_POINT('',(0.,-0.));
#4909 = VECTOR('',#4910,1.);
#4910 = DIRECTION('',(0.,1.));
#4911 = ( GEOMETRIC_REPRESENTATION_CONTEXT(2) 
PARAMETRIC_REPRESENTATION_CONTEXT() REPRESENTATION_CONTEXT('2D SPACE',''
  ) );
#4912 = ORIENTED_EDGE('',*,*,#4824,.T.);
#4913 = ORIENTED_EDGE('',*,*,#4892,.T.);
#4914 = ADVANCED_FACE('',(#4915),#4880,.T.);
#4915 = FACE_BOUND('',#4916,.T.);
#4916 = EDGE_LOOP('',(#4917));
#4917 = ORIENTED_EDGE('',*,*,#4863,.T.);
#4918 = ( GEOMETRIC_REPRESENTATION_CONTEXT(3) 
GLOBAL_UNCERTAINTY_ASSIGNED_CONTEXT((#4922)) 
GLOBAL_UNIT_ASSIGNED_CONTEXT((#4919,#4920,#4921)) REPRESENTATION_CONTEXT
('Context #1','3D Context with UNIT and UNCERTAINTY') );
#4919 = ( LENGTH_UNIT() NAMED_UNIT(*) SI_UNIT(.MILLI.,.METRE.) );
#4920 = ( NAMED_UNIT(*) PLANE_ANGLE_UNIT() SI_UNIT($,.RADIAN.) );
#4921 = ( NAMED_UNIT(*) SI_UNIT($,.STERADIAN.) SOLID_ANGLE_UNIT() );
#4922 = UNCERTAINTY_MEASURE_WITH_UNIT(LENGTH_MEASURE(1.E-07),#4919,
  'distance_accuracy_value','confusion accuracy');
#4923 = CONTEXT_DEPENDENT_SHAPE_REPRESENTATION(#4924,#4926);
#4924 = ( REPRESENTATION_RELATIONSHIP('','',#4549,#10) 
REPRESENTATION_RELATIONSHIP_WITH_TRANSFORMATION(#4925) 
SHAPE_REPRESENTATION_RELATIONSHIP() );
#4925 = ITEM_DEFINED_TRANSFORMATION('','',#11,#35);
#4926 = PRODUCT_DEFINITION_SHAPE('Placement','Placement of an item',
  #4927);
#4927 = NEXT_ASSEMBLY_USAGE_OCCURRENCE('33','=>[0:1:1:7]','',#5,#4544,$
  );
#4928 = PRODUCT_RELATED_PRODUCT_CATEGORY('part',$,(#4546));
#4929 = SHAPE_DEFINITION_REPRESENTATION(#4930,#4936);
#4930 = PRODUCT_DEFINITION_SHAPE('','',#4931);
#4931 = PRODUCT_DEFINITION('design','',#4932,#4935);
#4932 = PRODUCT_DEFINITION_FORMATION('','',#4933);
#4933 = PRODUCT('COMPOUND','COMPOUND','',(#4934));
#4934 = PRODUCT_CONTEXT('',#2,'mechanical');
#4935 = PRODUCT_DEFINITION_CONTEXT('part definition',#2,'design');
#4936 = ADVANCED_BREP_SHAPE_REPRESENTATION('',(#11,#4937),#6223);
#4937 = MANIFOLD_SOLID_BREP('',#4938);
#4938 = CLOSED_SHELL('',(#4939,#5059,#5351,#5427,#5589,#5678,#5728,#5778
    ,#5805,#5832,#5859,#5948,#5998,#6048,#6075,#6146,#6189,#6216));
#4939 = ADVANCED_FACE('',(#4940),#4954,.F.);
#4940 = FACE_BOUND('',#4941,.F.);
#4941 = EDGE_LOOP('',(#4942,#4977,#5005,#5033));
#4942 = ORIENTED_EDGE('',*,*,#4943,.F.);
#4943 = EDGE_CURVE('',#4944,#4946,#4948,.T.);
#4944 = VERTEX_POINT('',#4945);
#4945 = CARTESIAN_POINT('',(343.,-87.,1.15E+03));
#4946 = VERTEX_POINT('',#4947);
#4947 = CARTESIAN_POINT('',(343.,-87.,1.457E+03));
#4948 = SURFACE_CURVE('',#4949,(#4953,#4965),.PCURVE_S1.);
#4949 = LINE('',#4950,#4951);
#4950 = CARTESIAN_POINT('',(343.,-87.,1.15E+03));
#4951 = VECTOR('',#4952,1.);
#4952 = DIRECTION('',(0.,0.,1.));
#4953 = PCURVE('',#4954,#4959);
#4954 = PLANE('',#4955);
#4955 = AXIS2_PLACEMENT_3D('',#4956,#4957,#4958);
#4956 = CARTESIAN_POINT('',(343.,-87.,1.15E+03));
#4957 = DIRECTION('',(1.,0.,-0.));
#4958 = DIRECTION('',(0.,0.,1.));
#4959 = DEFINITIONAL_REPRESENTATION('',(#4960),#4964);
#4960 = LINE('',#4961,#4962);
#4961 = CARTESIAN_POINT('',(0.,0.));
#4962 = VECTOR('',#4963,1.);
#4963 = DIRECTION('',(1.,0.));
#4964 = ( GEOMETRIC_REPRESENTATION_CONTEXT(2) 
PARAMETRIC_REPRESENTATION_CONTEXT() REPRESENTATION_CONTEXT('2D SPACE',''
  ) );
#4965 = PCURVE('',#4966,#4971);
#4966 = PLANE('',#4967);
#4967 = AXIS2_PLACEMENT_3D('',#4968,#4969,#4970);
#4968 = CARTESIAN_POINT('',(343.,-87.,1.15E+03));
#4969 = DIRECTION('',(-0.,1.,0.));
#4970 = DIRECTION('',(0.,0.,1.));
#4971 = DEFINITIONAL_REPRESENTATION('',(#4972),#4976);
#4972 = LINE('',#4973,#4974);
#4973 = CARTESIAN_POINT('',(0.,0.));
#4974 = VECTOR('',#4975,1.);
#4975 = DIRECTION('',(1.,0.));
#4976 = ( GEOMETRIC_REPRESENTATION_CONTEXT(2) 
PARAMETRIC_REPRESENTATION_CONTEXT() REPRESENTATION_CONTEXT('2D SPACE',''
  ) );
#4977 = ORIENTED_EDGE('',*,*,#4978,.T.);
#4978 = EDGE_CURVE('',#4944,#4979,#4981,.T.);
#4979 = VERTEX_POINT('',#4980);
#4980 = CARTESIAN_POINT('',(343.,60.,1.15E+03));
#4981 = SURFACE_CURVE('',#4982,(#4986,#4993),.PCURVE_S1.);
#4982 = LINE('',#4983,#4984);
#4983 = CARTESIAN_POINT('',(343.,-87.,1.15E+03));
#4984 = VECTOR('',#4985,1.);
#4985 = DIRECTION('',(-0.,1.,0.));
#4986 = PCURVE('',#4954,#4987);
#4987 = DEFINITIONAL_REPRESENTATION('',(#4988),#4992);
#4988 = LINE('',#4989,#4990);
#4989 = CARTESIAN_POINT('',(0.,0.));
#4990 = VECTOR('',#4991,1.);
#4991 = DIRECTION('',(0.,-1.));
#4992 = ( GEOMETRIC_REPRESENTATION_CONTEXT(2) 
PARAMETRIC_REPRESENTATION_CONTEXT() REPRESENTATION_CONTEXT('2D SPACE',''
  ) );
#4993 = PCURVE('',#4994,#4999);
#4994 = PLANE('',#4995);
#4995 = AXIS2_PLACEMENT_3D('',#4996,#4997,#4998);
#4996 = CARTESIAN_POINT('',(343.,-87.,1.15E+03));
#4997 = DIRECTION('',(0.,0.,1.));
#4998 = DIRECTION('',(1.,0.,-0.));
#4999 = DEFINITIONAL_REPRESENTATION('',(#5000),#5004);
#5000 = LINE('',#5001,#5002);
#5001 = CARTESIAN_POINT('',(0.,0.));
#5002 = VECTOR('',#5003,1.);
#5003 = DIRECTION('',(0.,1.));
#5004 = ( GEOMETRIC_REPRESENTATION_CONTEXT(2) 
PARAMETRIC_REPRESENTATION_CONTEXT() REPRESENTATION_CONTEXT('2D SPACE',''
  ) );
#5005 = ORIENTED_EDGE('',*,*,#5006,.T.);
#5006 = EDGE_CURVE('',#4979,#5007,#5009,.T.);
#5007 = VERTEX_POINT('',#5008);
#5008 = CARTESIAN_POINT('',(343.,60.,1.457E+03));
#5009 = SURFACE_CURVE('',#5010,(#5014,#5021),.PCURVE_S1.);
#5010 = LINE('',#5011,#5012);
#5011 = CARTESIAN_POINT('',(343.,60.,1.15E+03));
#5012 = VECTOR('',#5013,1.);
#5013 = DIRECTION('',(0.,0.,1.));
#5014 = PCURVE('',#4954,#5015);
#5015 = DEFINITIONAL_REPRESENTATION('',(#5016),#5020);
#5016 = LINE('',#5017,#5018);
#5017 = CARTESIAN_POINT('',(0.,-147.));
#5018 = VECTOR('',#5019,1.);
#5019 = DIRECTION('',(1.,0.));
#5020 = ( GEOMETRIC_REPRESENTATION_CONTEXT(2) 
PARAMETRIC_REPRESENTATION_CONTEXT() REPRESENTATION_CONTEXT('2D SPACE',''
  ) );
#5021 = PCURVE('',#5022,#5027);
#5022 = PLANE('',#5023);
#5023 = AXIS2_PLACEMENT_3D('',#5024,#5025,#5026);
#5024 = CARTESIAN_POINT('',(343.,60.,1.15E+03));
#5025 = DIRECTION('',(-0.,1.,0.));
#5026 = DIRECTION('',(0.,0.,1.));
#5027 = DEFINITIONAL_REPRESENTATION('',(#5028),#5032);
#5028 = LINE('',#5029,#5030);
#5029 = CARTESIAN_POINT('',(0.,0.));
#5030 = VECTOR('',#5031,1.);
#5031 = DIRECTION('',(1.,0.));
#5032 = ( GEOMETRIC_REPRESENTATION_CONTEXT(2) 
PARAMETRIC_REPRESENTATION_CONTEXT() REPRESENTATION_CONTEXT('2D SPACE',''
  ) );
#5033 = ORIENTED_EDGE('',*,*,#5034,.F.);
#5034 = EDGE_CURVE('',#4946,#5007,#5035,.T.);
#5035 = SURFACE_CURVE('',#5036,(#5040,#5047),.PCURVE_S1.);
#5036 = LINE('',#5037,#5038);
#5037 = CARTESIAN_POINT('',(343.,-87.,1.457E+03));
#5038 = VECTOR('',#5039,1.);
#5039 = DIRECTION('',(-0.,1.,0.));
#5040 = PCURVE('',#4954,#5041);
#5041 = DEFINITIONAL_REPRESENTATION('',(#5042),#5046);
#5042 = LINE('',#5043,#5044);
#5043 = CARTESIAN_POINT('',(307.,0.));
#5044 = VECTOR('',#5045,1.);
#5045 = DIRECTION('',(0.,-1.));
#5046 = ( GEOMETRIC_REPRESENTATION_CONTEXT(2) 
PARAMETRIC_REPRESENTATION_CONTEXT() REPRESENTATION_CONTEXT('2D SPACE',''
  ) );
#5047 = PCURVE('',#5048,#5053);
#5048 = PLANE('',#5049);
#5049 = AXIS2_PLACEMENT_3D('',#5050,#5051,#5052);
#5050 = CARTESIAN_POINT('',(343.,-87.,1.457E+03));
#5051 = DIRECTION('',(0.,0.,1.));
#5052 = DIRECTION('',(1.,0.,-0.));
#5053 = DEFINITIONAL_REPRESENTATION('',(#5054),#5058);
#5054 = LINE('',#5055,#5056);
#5055 = CARTESIAN_POINT('',(0.,0.));
#5056 = VECTOR('',#5057,1.);
#5057 = DIRECTION('',(0.,1.));
#5058 = ( GEOMETRIC_REPRESENTATION_CONTEXT(2) 
PARAMETRIC_REPRESENTATION_CONTEXT() REPRESENTATION_CONTEXT('2D SPACE',''
  ) );
#5059 = ADVANCED_FACE('',(#5060),#4994,.F.);
#5060 = FACE_BOUND('',#5061,.F.);
#5061 = EDGE_LOOP('',(#5062,#5063,#5086,#5114,#5137,#5165,#5193,#5220,
    #5247,#5274,#5302,#5330));
#5062 = ORIENTED_EDGE('',*,*,#4978,.F.);
#5063 = ORIENTED_EDGE('',*,*,#5064,.T.);
#5064 = EDGE_CURVE('',#4944,#5065,#5067,.T.);
#5065 = VERTEX_POINT('',#5066);
#5066 = CARTESIAN_POINT('',(597.,-87.,1.15E+03));
#5067 = SURFACE_CURVE('',#5068,(#5072,#5079),.PCURVE_S1.);
#5068 = LINE('',#5069,#5070);
#5069 = CARTESIAN_POINT('',(343.,-87.,1.15E+03));
#5070 = VECTOR('',#5071,1.);
#5071 = DIRECTION('',(1.,0.,-0.));
#5072 = PCURVE('',#4994,#5073);
#5073 = DEFINITIONAL_REPRESENTATION('',(#5074),#5078);
#5074 = LINE('',#5075,#5076);
#5075 = CARTESIAN_POINT('',(0.,0.));
#5076 = VECTOR('',#5077,1.);
#5077 = DIRECTION('',(1.,0.));
#5078 = ( GEOMETRIC_REPRESENTATION_CONTEXT(2) 
PARAMETRIC_REPRESENTATION_CONTEXT() REPRESENTATION_CONTEXT('2D SPACE',''
  ) );
#5079 = PCURVE('',#4966,#5080);
#5080 = DEFINITIONAL_REPRESENTATION('',(#5081),#5085);
#5081 = LINE('',#5082,#5083);
#5082 = CARTESIAN_POINT('',(0.,0.));
#5083 = VECTOR('',#5084,1.);
#5084 = DIRECTION('',(0.,1.));
#5085 = ( GEOMETRIC_REPRESENTATION_CONTEXT(2) 
PARAMETRIC_REPRESENTATION_CONTEXT() REPRESENTATION_CONTEXT('2D SPACE',''
  ) );
#5086 = ORIENTED_EDGE('',*,*,#5087,.T.);
#5087 = EDGE_CURVE('',#5065,#5088,#5090,.T.);
#5088 = VERTEX_POINT('',#5089);
#5089 = CARTESIAN_POINT('',(597.,60.,1.15E+03));
#5090 = SURFACE_CURVE('',#5091,(#5095,#5102),.PCURVE_S1.);
#5091 = LINE('',#5092,#5093);
#5092 = CARTESIAN_POINT('',(597.,-87.,1.15E+03));
#5093 = VECTOR('',#5094,1.);
#5094 = DIRECTION('',(-0.,1.,0.));
#5095 = PCURVE('',#4994,#5096);
#5096 = DEFINITIONAL_REPRESENTATION('',(#5097),#5101);
#5097 = LINE('',#5098,#5099);
#5098 = CARTESIAN_POINT('',(254.,0.));
#5099 = VECTOR('',#5100,1.);
#5100 = DIRECTION('',(0.,1.));
#5101 = ( GEOMETRIC_REPRESENTATION_CONTEXT(2) 
PARAMETRIC_REPRESENTATION_CONTEXT() REPRESENTATION_CONTEXT('2D SPACE',''
  ) );
#5102 = PCURVE('',#5103,#5108);
#5103 = PLANE('',#5104);
#5104 = AXIS2_PLACEMENT_3D('',#5105,#5106,#5107);
#5105 = CARTESIAN_POINT('',(597.,-87.,1.15E+03));
#5106 = DIRECTION('',(1.,0.,-0.));
#5107 = DIRECTION('',(0.,0.,1.));
#5108 = DEFINITIONAL_REPRESENTATION('',(#5109),#5113);
#5109 = LINE('',#5110,#5111);
#5110 = CARTESIAN_POINT('',(0.,0.));
#5111 = VECTOR('',#5112,1.);
#5112 = DIRECTION('',(0.,-1.));
#5113 = ( GEOMETRIC_REPRESENTATION_CONTEXT(2) 
PARAMETRIC_REPRESENTATION_CONTEXT() REPRESENTATION_CONTEXT('2D SPACE',''
  ) );
#5114 = ORIENTED_EDGE('',*,*,#5115,.T.);
#5115 = EDGE_CURVE('',#5088,#5116,#5118,.T.);
#5116 = VERTEX_POINT('',#5117);
#5117 = CARTESIAN_POINT('',(580.,60.,1.15E+03));
#5118 = SURFACE_CURVE('',#5119,(#5123,#5130),.PCURVE_S1.);
#5119 = LINE('',#5120,#5121);
#5120 = CARTESIAN_POINT('',(597.,60.,1.15E+03));
#5121 = VECTOR('',#5122,1.);
#5122 = DIRECTION('',(-1.,0.,0.));
#5123 = PCURVE('',#4994,#5124);
#5124 = DEFINITIONAL_REPRESENTATION('',(#5125),#5129);
#5125 = LINE('',#5126,#5127);
#5126 = CARTESIAN_POINT('',(254.,147.));
#5127 = VECTOR('',#5128,1.);
#5128 = DIRECTION('',(-1.,0.));
#5129 = ( GEOMETRIC_REPRESENTATION_CONTEXT(2) 
PARAMETRIC_REPRESENTATION_CONTEXT() REPRESENTATION_CONTEXT('2D SPACE',''
  ) );
#5130 = PCURVE('',#5022,#5131);
#5131 = DEFINITIONAL_REPRESENTATION('',(#5132),#5136);
#5132 = LINE('',#5133,#5134);
#5133 = CARTESIAN_POINT('',(0.,254.));
#5134 = VECTOR('',#5135,1.);
#5135 = DIRECTION('',(0.,-1.));
#5136 = ( GEOMETRIC_REPRESENTATION_CONTEXT(2) 
PARAMETRIC_REPRESENTATION_CONTEXT() REPRESENTATION_CONTEXT('2D SPACE',''
  ) );
#5137 = ORIENTED_EDGE('',*,*,#5138,.F.);
#5138 = EDGE_CURVE('',#5139,#5116,#5141,.T.);
#5139 = VERTEX_POINT('',#5140);
#5140 = CARTESIAN_POINT('',(580.,58.,1.15E+03));
#5141 = SURFACE_CURVE('',#5142,(#5146,#5153),.PCURVE_S1.);
#5142 = LINE('',#5143,#5144);
#5143 = CARTESIAN_POINT('',(580.,58.,1.15E+03));
#5144 = VECTOR('',#5145,1.);
#5145 = DIRECTION('',(-0.,1.,0.));
#5146 = PCURVE('',#4994,#5147);
#5147 = DEFINITIONAL_REPRESENTATION('',(#5148),#5152);
#5148 = LINE('',#5149,#5150);
#5149 = CARTESIAN_POINT('',(237.,145.));
#5150 = VECTOR('',#5151,1.);
#5151 = DIRECTION('',(0.,1.));
#5152 = ( GEOMETRIC_REPRESENTATION_CONTEXT(2) 
PARAMETRIC_REPRESENTATION_CONTEXT() REPRESENTATION_CONTEXT('2D SPACE',''
  ) );
#5153 = PCURVE('',#5154,#5159);
#5154 = PLANE('',#5155);
#5155 = AXIS2_PLACEMENT_3D('',#5156,#5157,#5158);
#5156 = CARTESIAN_POINT('',(580.,58.,1.15E+03));
#5157 = DIRECTION('',(1.,0.,-0.));
#5158 = DIRECTION('',(0.,0.,1.));
#5159 = DEFINITIONAL_REPRESENTATION('',(#5160),#5164);
#5160 = LINE('',#5161,#5162);
#5161 = CARTESIAN_POINT('',(0.,0.));
#5162 = VECTOR('',#5163,1.);
#5163 = DIRECTION('',(0.,-1.));
#5164 = ( GEOMETRIC_REPRESENTATION_CONTEXT(2) 
PARAMETRIC_REPRESENTATION_CONTEXT() REPRESENTATION_CONTEXT('2D SPACE',''
  ) );
#5165 = ORIENTED_EDGE('',*,*,#5166,.T.);
#5166 = EDGE_CURVE('',#5139,#5167,#5169,.T.);
#5167 = VERTEX_POINT('',#5168);
#5168 = CARTESIAN_POINT('',(595.,58.,1.15E+03));
#5169 = SURFACE_CURVE('',#5170,(#5174,#5181),.PCURVE_S1.);
#5170 = LINE('',#5171,#5172);
#5171 = CARTESIAN_POINT('',(580.,58.,1.15E+03));
#5172 = VECTOR('',#5173,1.);
#5173 = DIRECTION('',(1.,0.,-0.));
#5174 = PCURVE('',#4994,#5175);
#5175 = DEFINITIONAL_REPRESENTATION('',(#5176),#5180);
#5176 = LINE('',#5177,#5178);
#5177 = CARTESIAN_POINT('',(237.,145.));
#5178 = VECTOR('',#5179,1.);
#5179 = DIRECTION('',(1.,0.));
#5180 = ( GEOMETRIC_REPRESENTATION_CONTEXT(2) 
PARAMETRIC_REPRESENTATION_CONTEXT() REPRESENTATION_CONTEXT('2D SPACE',''
  ) );
#5181 = PCURVE('',#5182,#5187);
#5182 = PLANE('',#5183);
#5183 = AXIS2_PLACEMENT_3D('',#5184,#5185,#5186);
#5184 = CARTESIAN_POINT('',(580.,58.,1.15E+03));
#5185 = DIRECTION('',(-0.,1.,0.));
#5186 = DIRECTION('',(0.,0.,1.));
#5187 = DEFINITIONAL_REPRESENTATION('',(#5188),#5192);
#5188 = LINE('',#5189,#5190);
#5189 = CARTESIAN_POINT('',(0.,0.));
#5190 = VECTOR('',#5191,1.);
#5191 = DIRECTION('',(0.,1.));
#5192 = ( GEOMETRIC_REPRESENTATION_CONTEXT(2) 
PARAMETRIC_REPRESENTATION_CONTEXT() REPRESENTATION_CONTEXT('2D SPACE',''
  ) );
#5193 = ORIENTED_EDGE('',*,*,#5194,.F.);
#5194 = EDGE_CURVE('',#5195,#5167,#5197,.T.);
#5195 = VERTEX_POINT('',#5196);
#5196 = CARTESIAN_POINT('',(595.,-85.,1.15E+03));
#5197 = SURFACE_CURVE('',#5198,(#5202,#5209),.PCURVE_S1.);
#5198 = LINE('',#5199,#5200);
#5199 = CARTESIAN_POINT('',(595.,-86.,1.15E+03));
#5200 = VECTOR('',#5201,1.);
#5201 = DIRECTION('',(-0.,1.,0.));
#5202 = PCURVE('',#4994,#5203);
#5203 = DEFINITIONAL_REPRESENTATION('',(#5204),#5208);
#5204 = LINE('',#5205,#5206);
#5205 = CARTESIAN_POINT('',(252.,1.));
#5206 = VECTOR('',#5207,1.);
#5207 = DIRECTION('',(0.,1.));
#5208 = ( GEOMETRIC_REPRESENTATION_CONTEXT(2) 
PARAMETRIC_REPRESENTATION_CONTEXT() REPRESENTATION_CONTEXT('2D SPACE',''
  ) );
#5209 = PCURVE('',#5210,#5215);
#5210 = PLANE('',#5211);
#5211 = AXIS2_PLACEMENT_3D('',#5212,#5213,#5214);
#5212 = CARTESIAN_POINT('',(595.,-85.,1.149E+03));
#5213 = DIRECTION('',(1.,0.,-0.));
#5214 = DIRECTION('',(0.,0.,1.));
#5215 = DEFINITIONAL_REPRESENTATION('',(#5216),#5219);
#5216 = B_SPLINE_CURVE_WITH_KNOTS('',1,(#5217,#5218),.UNSPECIFIED.,.F.,
  .F.,(2,2),(1.,146.),.PIECEWISE_BEZIER_KNOTS.);
#5217 = CARTESIAN_POINT('',(1.,0.));
#5218 = CARTESIAN_POINT('',(1.,-145.));
#5219 = ( GEOMETRIC_REPRESENTATION_CONTEXT(2) 
PARAMETRIC_REPRESENTATION_CONTEXT() REPRESENTATION_CONTEXT('2D SPACE',''
  ) );
#5220 = ORIENTED_EDGE('',*,*,#5221,.T.);
#5221 = EDGE_CURVE('',#5195,#5222,#5224,.T.);
#5222 = VERTEX_POINT('',#5223);
#5223 = CARTESIAN_POINT('',(345.,-85.,1.15E+03));
#5224 = SURFACE_CURVE('',#5225,(#5229,#5236),.PCURVE_S1.);
#5225 = LINE('',#5226,#5227);
#5226 = CARTESIAN_POINT('',(344.,-85.,1.15E+03));
#5227 = VECTOR('',#5228,1.);
#5228 = DIRECTION('',(-1.,-0.,0.));
#5229 = PCURVE('',#4994,#5230);
#5230 = DEFINITIONAL_REPRESENTATION('',(#5231),#5235);
#5231 = LINE('',#5232,#5233);
#5232 = CARTESIAN_POINT('',(1.,2.));
#5233 = VECTOR('',#5234,1.);
#5234 = DIRECTION('',(-1.,0.));
#5235 = ( GEOMETRIC_REPRESENTATION_CONTEXT(2) 
PARAMETRIC_REPRESENTATION_CONTEXT() REPRESENTATION_CONTEXT('2D SPACE',''
  ) );
#5236 = PCURVE('',#5237,#5242);
#5237 = PLANE('',#5238);
#5238 = AXIS2_PLACEMENT_3D('',#5239,#5240,#5241);
#5239 = CARTESIAN_POINT('',(345.,-85.,1.149E+03));
#5240 = DIRECTION('',(-0.,1.,0.));
#5241 = DIRECTION('',(0.,0.,1.));
#5242 = DEFINITIONAL_REPRESENTATION('',(#5243),#5246);
#5243 = B_SPLINE_CURVE_WITH_KNOTS('',1,(#5244,#5245),.UNSPECIFIED.,.F.,
  .F.,(2,2),(-251.,-1.),.PIECEWISE_BEZIER_KNOTS.);
#5244 = CARTESIAN_POINT('',(1.,250.));
#5245 = CARTESIAN_POINT('',(1.,0.));
#5246 = ( GEOMETRIC_REPRESENTATION_CONTEXT(2) 
PARAMETRIC_REPRESENTATION_CONTEXT() REPRESENTATION_CONTEXT('2D SPACE',''
  ) );
#5247 = ORIENTED_EDGE('',*,*,#5248,.T.);
#5248 = EDGE_CURVE('',#5222,#5249,#5251,.T.);
#5249 = VERTEX_POINT('',#5250);
#5250 = CARTESIAN_POINT('',(345.,58.,1.15E+03));
#5251 = SURFACE_CURVE('',#5252,(#5256,#5263),.PCURVE_S1.);
#5252 = LINE('',#5253,#5254);
#5253 = CARTESIAN_POINT('',(345.,-86.,1.15E+03));
#5254 = VECTOR('',#5255,1.);
#5255 = DIRECTION('',(-0.,1.,0.));
#5256 = PCURVE('',#4994,#5257);
#5257 = DEFINITIONAL_REPRESENTATION('',(#5258),#5262);
#5258 = LINE('',#5259,#5260);
#5259 = CARTESIAN_POINT('',(2.,1.));
#5260 = VECTOR('',#5261,1.);
#5261 = DIRECTION('',(0.,1.));
#5262 = ( GEOMETRIC_REPRESENTATION_CONTEXT(2) 
PARAMETRIC_REPRESENTATION_CONTEXT() REPRESENTATION_CONTEXT('2D SPACE',''
  ) );
#5263 = PCURVE('',#5264,#5269);
#5264 = PLANE('',#5265);
#5265 = AXIS2_PLACEMENT_3D('',#5266,#5267,#5268);
#5266 = CARTESIAN_POINT('',(345.,-85.,1.149E+03));
#5267 = DIRECTION('',(1.,0.,-0.));
#5268 = DIRECTION('',(0.,0.,1.));
#5269 = DEFINITIONAL_REPRESENTATION('',(#5270),#5273);
#5270 = B_SPLINE_CURVE_WITH_KNOTS('',1,(#5271,#5272),.UNSPECIFIED.,.F.,
  .F.,(2,2),(1.,146.),.PIECEWISE_BEZIER_KNOTS.);
#5271 = CARTESIAN_POINT('',(1.,0.));
#5272 = CARTESIAN_POINT('',(1.,-145.));
#5273 = ( GEOMETRIC_REPRESENTATION_CONTEXT(2) 
PARAMETRIC_REPRESENTATION_CONTEXT() REPRESENTATION_CONTEXT('2D SPACE',''
  ) );
#5274 = ORIENTED_EDGE('',*,*,#5275,.T.);
#5275 = EDGE_CURVE('',#5249,#5276,#5278,.T.);
#5276 = VERTEX_POINT('',#5277);
#5277 = CARTESIAN_POINT('',(360.,58.,1.15E+03));
#5278 = SURFACE_CURVE('',#5279,(#5283,#5290),.PCURVE_S1.);
#5279 = LINE('',#5280,#5281);
#5280 = CARTESIAN_POINT('',(345.,58.,1.15E+03));
#5281 = VECTOR('',#5282,1.);
#5282 = DIRECTION('',(1.,0.,-0.));
#5283 = PCURVE('',#4994,#5284);
#5284 = DEFINITIONAL_REPRESENTATION('',(#5285),#5289);
#5285 = LINE('',#5286,#5287);
#5286 = CARTESIAN_POINT('',(2.,145.));
#5287 = VECTOR('',#5288,1.);
#5288 = DIRECTION('',(1.,0.));
#5289 = ( GEOMETRIC_REPRESENTATION_CONTEXT(2) 
PARAMETRIC_REPRESENTATION_CONTEXT() REPRESENTATION_CONTEXT('2D SPACE',''
  ) );
#5290 = PCURVE('',#5291,#5296);
#5291 = PLANE('',#5292);
#5292 = AXIS2_PLACEMENT_3D('',#5293,#5294,#5295);
#5293 = CARTESIAN_POINT('',(345.,58.,1.15E+03));
#5294 = DIRECTION('',(-0.,1.,0.));
#5295 = DIRECTION('',(0.,0.,1.));
#5296 = DEFINITIONAL_REPRESENTATION('',(#5297),#5301);
#5297 = LINE('',#5298,#5299);
#5298 = CARTESIAN_POINT('',(0.,0.));
#5299 = VECTOR('',#5300,1.);
#5300 = DIRECTION('',(0.,1.));
#5301 = ( GEOMETRIC_REPRESENTATION_CONTEXT(2) 
PARAMETRIC_REPRESENTATION_CONTEXT() REPRESENTATION_CONTEXT('2D SPACE',''
  ) );
#5302 = ORIENTED_EDGE('',*,*,#5303,.T.);
#5303 = EDGE_CURVE('',#5276,#5304,#5306,.T.);
#5304 = VERTEX_POINT('',#5305);
#5305 = CARTESIAN_POINT('',(360.,60.,1.15E+03));
#5306 = SURFACE_CURVE('',#5307,(#5311,#5318),.PCURVE_S1.);
#5307 = LINE('',#5308,#5309);
#5308 = CARTESIAN_POINT('',(360.,58.,1.15E+03));
#5309 = VECTOR('',#5310,1.);
#5310 = DIRECTION('',(-0.,1.,0.));
#5311 = PCURVE('',#4994,#5312);
#5312 = DEFINITIONAL_REPRESENTATION('',(#5313),#5317);
#5313 = LINE('',#5314,#5315);
#5314 = CARTESIAN_POINT('',(17.,145.));
#5315 = VECTOR('',#5316,1.);
#5316 = DIRECTION('',(0.,1.));
#5317 = ( GEOMETRIC_REPRESENTATION_CONTEXT(2) 
PARAMETRIC_REPRESENTATION_CONTEXT() REPRESENTATION_CONTEXT('2D SPACE',''
  ) );
#5318 = PCURVE('',#5319,#5324);
#5319 = PLANE('',#5320);
#5320 = AXIS2_PLACEMENT_3D('',#5321,#5322,#5323);
#5321 = CARTESIAN_POINT('',(360.,58.,1.15E+03));
#5322 = DIRECTION('',(1.,0.,-0.));
#5323 = DIRECTION('',(0.,0.,1.));
#5324 = DEFINITIONAL_REPRESENTATION('',(#5325),#5329);
#5325 = LINE('',#5326,#5327);
#5326 = CARTESIAN_POINT('',(0.,0.));
#5327 = VECTOR('',#5328,1.);
#5328 = DIRECTION('',(0.,-1.));
#5329 = ( GEOMETRIC_REPRESENTATION_CONTEXT(2) 
PARAMETRIC_REPRESENTATION_CONTEXT() REPRESENTATION_CONTEXT('2D SPACE',''
  ) );
#5330 = ORIENTED_EDGE('',*,*,#5331,.T.);
#5331 = EDGE_CURVE('',#5304,#4979,#5332,.T.);
#5332 = SURFACE_CURVE('',#5333,(#5337,#5344),.PCURVE_S1.);
#5333 = LINE('',#5334,#5335);
#5334 = CARTESIAN_POINT('',(360.,60.,1.15E+03));
#5335 = VECTOR('',#5336,1.);
#5336 = DIRECTION('',(-1.,0.,0.));
#5337 = PCURVE('',#4994,#5338);
#5338 = DEFINITIONAL_REPRESENTATION('',(#5339),#5343);
#5339 = LINE('',#5340,#5341);
#5340 = CARTESIAN_POINT('',(17.,147.));
#5341 = VECTOR('',#5342,1.);
#5342 = DIRECTION('',(-1.,0.));
#5343 = ( GEOMETRIC_REPRESENTATION_CONTEXT(2) 
PARAMETRIC_REPRESENTATION_CONTEXT() REPRESENTATION_CONTEXT('2D SPACE',''
  ) );
#5344 = PCURVE('',#5022,#5345);
#5345 = DEFINITIONAL_REPRESENTATION('',(#5346),#5350);
#5346 = LINE('',#5347,#5348);
#5347 = CARTESIAN_POINT('',(0.,17.));
#5348 = VECTOR('',#5349,1.);
#5349 = DIRECTION('',(0.,-1.));
#5350 = ( GEOMETRIC_REPRESENTATION_CONTEXT(2) 
PARAMETRIC_REPRESENTATION_CONTEXT() REPRESENTATION_CONTEXT('2D SPACE',''
  ) );
#5351 = ADVANCED_FACE('',(#5352),#5319,.T.);
#5352 = FACE_BOUND('',#5353,.T.);
#5353 = EDGE_LOOP('',(#5354,#5377,#5378,#5401));
#5354 = ORIENTED_EDGE('',*,*,#5355,.F.);
#5355 = EDGE_CURVE('',#5276,#5356,#5358,.T.);
#5356 = VERTEX_POINT('',#5357);
#5357 = CARTESIAN_POINT('',(360.,58.,1.455E+03));
#5358 = SURFACE_CURVE('',#5359,(#5363,#5370),.PCURVE_S1.);
#5359 = LINE('',#5360,#5361);
#5360 = CARTESIAN_POINT('',(360.,58.,1.15E+03));
#5361 = VECTOR('',#5362,1.);
#5362 = DIRECTION('',(0.,0.,1.));
#5363 = PCURVE('',#5319,#5364);
#5364 = DEFINITIONAL_REPRESENTATION('',(#5365),#5369);
#5365 = LINE('',#5366,#5367);
#5366 = CARTESIAN_POINT('',(0.,0.));
#5367 = VECTOR('',#5368,1.);
#5368 = DIRECTION('',(1.,0.));
#5369 = ( GEOMETRIC_REPRESENTATION_CONTEXT(2) 
PARAMETRIC_REPRESENTATION_CONTEXT() REPRESENTATION_CONTEXT('2D SPACE',''
  ) );
#5370 = PCURVE('',#5291,#5371);
#5371 = DEFINITIONAL_REPRESENTATION('',(#5372),#5376);
#5372 = LINE('',#5373,#5374);
#5373 = CARTESIAN_POINT('',(0.,15.));
#5374 = VECTOR('',#5375,1.);
#5375 = DIRECTION('',(1.,0.));
#5376 = ( GEOMETRIC_REPRESENTATION_CONTEXT(2) 
PARAMETRIC_REPRESENTATION_CONTEXT() REPRESENTATION_CONTEXT('2D SPACE',''
  ) );
#5377 = ORIENTED_EDGE('',*,*,#5303,.T.);
#5378 = ORIENTED_EDGE('',*,*,#5379,.T.);
#5379 = EDGE_CURVE('',#5304,#5380,#5382,.T.);
#5380 = VERTEX_POINT('',#5381);
#5381 = CARTESIAN_POINT('',(360.,60.,1.455E+03));
#5382 = SURFACE_CURVE('',#5383,(#5387,#5394),.PCURVE_S1.);
#5383 = LINE('',#5384,#5385);
#5384 = CARTESIAN_POINT('',(360.,60.,1.15E+03));
#5385 = VECTOR('',#5386,1.);
#5386 = DIRECTION('',(0.,0.,1.));
#5387 = PCURVE('',#5319,#5388);
#5388 = DEFINITIONAL_REPRESENTATION('',(#5389),#5393);
#5389 = LINE('',#5390,#5391);
#5390 = CARTESIAN_POINT('',(0.,-2.));
#5391 = VECTOR('',#5392,1.);
#5392 = DIRECTION('',(1.,0.));
#5393 = ( GEOMETRIC_REPRESENTATION_CONTEXT(2) 
PARAMETRIC_REPRESENTATION_CONTEXT() REPRESENTATION_CONTEXT('2D SPACE',''
  ) );
#5394 = PCURVE('',#5022,#5395);
#5395 = DEFINITIONAL_REPRESENTATION('',(#5396),#5400);
#5396 = LINE('',#5397,#5398);
#5397 = CARTESIAN_POINT('',(0.,17.));
#5398 = VECTOR('',#5399,1.);
#5399 = DIRECTION('',(1.,0.));
#5400 = ( GEOMETRIC_REPRESENTATION_CONTEXT(2) 
PARAMETRIC_REPRESENTATION_CONTEXT() REPRESENTATION_CONTEXT('2D SPACE',''
  ) );
#5401 = ORIENTED_EDGE('',*,*,#5402,.F.);
#5402 = EDGE_CURVE('',#5356,#5380,#5403,.T.);
#5403 = SURFACE_CURVE('',#5404,(#5408,#5415),.PCURVE_S1.);
#5404 = LINE('',#5405,#5406);
#5405 = CARTESIAN_POINT('',(360.,58.,1.455E+03));
#5406 = VECTOR('',#5407,1.);
#5407 = DIRECTION('',(-0.,1.,0.));
#5408 = PCURVE('',#5319,#5409);
#5409 = DEFINITIONAL_REPRESENTATION('',(#5410),#5414);
#5410 = LINE('',#5411,#5412);
#5411 = CARTESIAN_POINT('',(305.,0.));
#5412 = VECTOR('',#5413,1.);
#5413 = DIRECTION('',(0.,-1.));
#5414 = ( GEOMETRIC_REPRESENTATION_CONTEXT(2) 
PARAMETRIC_REPRESENTATION_CONTEXT() REPRESENTATION_CONTEXT('2D SPACE',''
  ) );
#5415 = PCURVE('',#5416,#5421);
#5416 = PLANE('',#5417);
#5417 = AXIS2_PLACEMENT_3D('',#5418,#5419,#5420);
#5418 = CARTESIAN_POINT('',(345.,-85.,1.455E+03));
#5419 = DIRECTION('',(0.,0.,1.));
#5420 = DIRECTION('',(1.,0.,-0.));
#5421 = DEFINITIONAL_REPRESENTATION('',(#5422),#5426);
#5422 = LINE('',#5423,#5424);
#5423 = CARTESIAN_POINT('',(15.,143.));
#5424 = VECTOR('',#5425,1.);
#5425 = DIRECTION('',(0.,1.));
#5426 = ( GEOMETRIC_REPRESENTATION_CONTEXT(2) 
PARAMETRIC_REPRESENTATION_CONTEXT() REPRESENTATION_CONTEXT('2D SPACE',''
  ) );
#5427 = ADVANCED_FACE('',(#5428),#5416,.F.);
#5428 = FACE_BOUND('',#5429,.F.);
#5429 = EDGE_LOOP('',(#5430,#5455,#5478,#5501,#5524,#5547,#5567,#5568));
#5430 = ORIENTED_EDGE('',*,*,#5431,.F.);
#5431 = EDGE_CURVE('',#5432,#5434,#5436,.T.);
#5432 = VERTEX_POINT('',#5433);
#5433 = CARTESIAN_POINT('',(345.,-85.,1.455E+03));
#5434 = VERTEX_POINT('',#5435);
#5435 = CARTESIAN_POINT('',(345.,58.,1.455E+03));
#5436 = SURFACE_CURVE('',#5437,(#5441,#5448),.PCURVE_S1.);
#5437 = LINE('',#5438,#5439);
#5438 = CARTESIAN_POINT('',(345.,-85.,1.455E+03));
#5439 = VECTOR('',#5440,1.);
#5440 = DIRECTION('',(-0.,1.,0.));
#5441 = PCURVE('',#5416,#5442);
#5442 = DEFINITIONAL_REPRESENTATION('',(#5443),#5447);
#5443 = LINE('',#5444,#5445);
#5444 = CARTESIAN_POINT('',(0.,0.));
#5445 = VECTOR('',#5446,1.);
#5446 = DIRECTION('',(0.,1.));
#5447 = ( GEOMETRIC_REPRESENTATION_CONTEXT(2) 
PARAMETRIC_REPRESENTATION_CONTEXT() REPRESENTATION_CONTEXT('2D SPACE',''
  ) );
#5448 = PCURVE('',#5264,#5449);
#5449 = DEFINITIONAL_REPRESENTATION('',(#5450),#5454);
#5450 = LINE('',#5451,#5452);
#5451 = CARTESIAN_POINT('',(306.,0.));
#5452 = VECTOR('',#5453,1.);
#5453 = DIRECTION('',(0.,-1.));
#5454 = ( GEOMETRIC_REPRESENTATION_CONTEXT(2) 
PARAMETRIC_REPRESENTATION_CONTEXT() REPRESENTATION_CONTEXT('2D SPACE',''
  ) );
#5455 = ORIENTED_EDGE('',*,*,#5456,.T.);
#5456 = EDGE_CURVE('',#5432,#5457,#5459,.T.);
#5457 = VERTEX_POINT('',#5458);
#5458 = CARTESIAN_POINT('',(595.,-85.,1.455E+03));
#5459 = SURFACE_CURVE('',#5460,(#5464,#5471),.PCURVE_S1.);
#5460 = LINE('',#5461,#5462);
#5461 = CARTESIAN_POINT('',(345.,-85.,1.455E+03));
#5462 = VECTOR('',#5463,1.);
#5463 = DIRECTION('',(1.,0.,-0.));
#5464 = PCURVE('',#5416,#5465);
#5465 = DEFINITIONAL_REPRESENTATION('',(#5466),#5470);
#5466 = LINE('',#5467,#5468);
#5467 = CARTESIAN_POINT('',(0.,0.));
#5468 = VECTOR('',#5469,1.);
#5469 = DIRECTION('',(1.,0.));
#5470 = ( GEOMETRIC_REPRESENTATION_CONTEXT(2) 
PARAMETRIC_REPRESENTATION_CONTEXT() REPRESENTATION_CONTEXT('2D SPACE',''
  ) );
#5471 = PCURVE('',#5237,#5472);
#5472 = DEFINITIONAL_REPRESENTATION('',(#5473),#5477);
#5473 = LINE('',#5474,#5475);
#5474 = CARTESIAN_POINT('',(306.,0.));
#5475 = VECTOR('',#5476,1.);
#5476 = DIRECTION('',(0.,1.));
#5477 = ( GEOMETRIC_REPRESENTATION_CONTEXT(2) 
PARAMETRIC_REPRESENTATION_CONTEXT() REPRESENTATION_CONTEXT('2D SPACE',''
  ) );
#5478 = ORIENTED_EDGE('',*,*,#5479,.T.);
#5479 = EDGE_CURVE('',#5457,#5480,#5482,.T.);
#5480 = VERTEX_POINT('',#5481);
#5481 = CARTESIAN_POINT('',(595.,58.,1.455E+03));
#5482 = SURFACE_CURVE('',#5483,(#5487,#5494),.PCURVE_S1.);
#5483 = LINE('',#5484,#5485);
#5484 = CARTESIAN_POINT('',(595.,-85.,1.455E+03));
#5485 = VECTOR('',#5486,1.);
#5486 = DIRECTION('',(-0.,1.,0.));
#5487 = PCURVE('',#5416,#5488);
#5488 = DEFINITIONAL_REPRESENTATION('',(#5489),#5493);
#5489 = LINE('',#5490,#5491);
#5490 = CARTESIAN_POINT('',(250.,0.));
#5491 = VECTOR('',#5492,1.);
#5492 = DIRECTION('',(0.,1.));
#5493 = ( GEOMETRIC_REPRESENTATION_CONTEXT(2) 
PARAMETRIC_REPRESENTATION_CONTEXT() REPRESENTATION_CONTEXT('2D SPACE',''
  ) );
#5494 = PCURVE('',#5210,#5495);
#5495 = DEFINITIONAL_REPRESENTATION('',(#5496),#5500);
#5496 = LINE('',#5497,#5498);
#5497 = CARTESIAN_POINT('',(306.,0.));
#5498 = VECTOR('',#5499,1.);
#5499 = DIRECTION('',(0.,-1.));
#5500 = ( GEOMETRIC_REPRESENTATION_CONTEXT(2) 
PARAMETRIC_REPRESENTATION_CONTEXT() REPRESENTATION_CONTEXT('2D SPACE',''
  ) );
#5501 = ORIENTED_EDGE('',*,*,#5502,.F.);
#5502 = EDGE_CURVE('',#5503,#5480,#5505,.T.);
#5503 = VERTEX_POINT('',#5504);
#5504 = CARTESIAN_POINT('',(580.,58.,1.455E+03));
#5505 = SURFACE_CURVE('',#5506,(#5510,#5517),.PCURVE_S1.);
#5506 = LINE('',#5507,#5508);
#5507 = CARTESIAN_POINT('',(580.,58.,1.455E+03));
#5508 = VECTOR('',#5509,1.);
#5509 = DIRECTION('',(1.,0.,-0.));
#5510 = PCURVE('',#5416,#5511);
#5511 = DEFINITIONAL_REPRESENTATION('',(#5512),#5516);
#5512 = LINE('',#5513,#5514);
#5513 = CARTESIAN_POINT('',(235.,143.));
#5514 = VECTOR('',#5515,1.);
#5515 = DIRECTION('',(1.,0.));
#5516 = ( GEOMETRIC_REPRESENTATION_CONTEXT(2) 
PARAMETRIC_REPRESENTATION_CONTEXT() REPRESENTATION_CONTEXT('2D SPACE',''
  ) );
#5517 = PCURVE('',#5182,#5518);
#5518 = DEFINITIONAL_REPRESENTATION('',(#5519),#5523);
#5519 = LINE('',#5520,#5521);
#5520 = CARTESIAN_POINT('',(305.,0.));
#5521 = VECTOR('',#5522,1.);
#5522 = DIRECTION('',(0.,1.));
#5523 = ( GEOMETRIC_REPRESENTATION_CONTEXT(2) 
PARAMETRIC_REPRESENTATION_CONTEXT() REPRESENTATION_CONTEXT('2D SPACE',''
  ) );
#5524 = ORIENTED_EDGE('',*,*,#5525,.T.);
#5525 = EDGE_CURVE('',#5503,#5526,#5528,.T.);
#5526 = VERTEX_POINT('',#5527);
#5527 = CARTESIAN_POINT('',(580.,60.,1.455E+03));
#5528 = SURFACE_CURVE('',#5529,(#5533,#5540),.PCURVE_S1.);
#5529 = LINE('',#5530,#5531);
#5530 = CARTESIAN_POINT('',(580.,58.,1.455E+03));
#5531 = VECTOR('',#5532,1.);
#5532 = DIRECTION('',(-0.,1.,0.));
#5533 = PCURVE('',#5416,#5534);
#5534 = DEFINITIONAL_REPRESENTATION('',(#5535),#5539);
#5535 = LINE('',#5536,#5537);
#5536 = CARTESIAN_POINT('',(235.,143.));
#5537 = VECTOR('',#5538,1.);
#5538 = DIRECTION('',(0.,1.));
#5539 = ( GEOMETRIC_REPRESENTATION_CONTEXT(2) 
PARAMETRIC_REPRESENTATION_CONTEXT() REPRESENTATION_CONTEXT('2D SPACE',''
  ) );
#5540 = PCURVE('',#5154,#5541);
#5541 = DEFINITIONAL_REPRESENTATION('',(#5542),#5546);
#5542 = LINE('',#5543,#5544);
#5543 = CARTESIAN_POINT('',(305.,0.));
#5544 = VECTOR('',#5545,1.);
#5545 = DIRECTION('',(0.,-1.));
#5546 = ( GEOMETRIC_REPRESENTATION_CONTEXT(2) 
PARAMETRIC_REPRESENTATION_CONTEXT() REPRESENTATION_CONTEXT('2D SPACE',''
  ) );
#5547 = ORIENTED_EDGE('',*,*,#5548,.F.);
#5548 = EDGE_CURVE('',#5380,#5526,#5549,.T.);
#5549 = SURFACE_CURVE('',#5550,(#5554,#5560),.PCURVE_S1.);
#5550 = LINE('',#5551,#5552);
#5551 = CARTESIAN_POINT('',(344.,60.,1.455E+03));
#5552 = VECTOR('',#5553,1.);
#5553 = DIRECTION('',(1.,0.,-0.));
#5554 = PCURVE('',#5416,#5555);
#5555 = DEFINITIONAL_REPRESENTATION('',(#5556),#5559);
#5556 = B_SPLINE_CURVE_WITH_KNOTS('',1,(#5557,#5558),.UNSPECIFIED.,.F.,
  .F.,(2,2),(1.,251.),.PIECEWISE_BEZIER_KNOTS.);
#5557 = CARTESIAN_POINT('',(0.,145.));
#5558 = CARTESIAN_POINT('',(250.,145.));
#5559 = ( GEOMETRIC_REPRESENTATION_CONTEXT(2) 
PARAMETRIC_REPRESENTATION_CONTEXT() REPRESENTATION_CONTEXT('2D SPACE',''
  ) );
#5560 = PCURVE('',#5022,#5561);
#5561 = DEFINITIONAL_REPRESENTATION('',(#5562),#5566);
#5562 = LINE('',#5563,#5564);
#5563 = CARTESIAN_POINT('',(305.,1.));
#5564 = VECTOR('',#5565,1.);
#5565 = DIRECTION('',(0.,1.));
#5566 = ( GEOMETRIC_REPRESENTATION_CONTEXT(2) 
PARAMETRIC_REPRESENTATION_CONTEXT() REPRESENTATION_CONTEXT('2D SPACE',''
  ) );
#5567 = ORIENTED_EDGE('',*,*,#5402,.F.);
#5568 = ORIENTED_EDGE('',*,*,#5569,.F.);
#5569 = EDGE_CURVE('',#5434,#5356,#5570,.T.);
#5570 = SURFACE_CURVE('',#5571,(#5575,#5582),.PCURVE_S1.);
#5571 = LINE('',#5572,#5573);
#5572 = CARTESIAN_POINT('',(345.,58.,1.455E+03));
#5573 = VECTOR('',#5574,1.);
#5574 = DIRECTION('',(1.,0.,-0.));
#5575 = PCURVE('',#5416,#5576);
#5576 = DEFINITIONAL_REPRESENTATION('',(#5577),#5581);
#5577 = LINE('',#5578,#5579);
#5578 = CARTESIAN_POINT('',(0.,143.));
#5579 = VECTOR('',#5580,1.);
#5580 = DIRECTION('',(1.,0.));
#5581 = ( GEOMETRIC_REPRESENTATION_CONTEXT(2) 
PARAMETRIC_REPRESENTATION_CONTEXT() REPRESENTATION_CONTEXT('2D SPACE',''
  ) );
#5582 = PCURVE('',#5291,#5583);
#5583 = DEFINITIONAL_REPRESENTATION('',(#5584),#5588);
#5584 = LINE('',#5585,#5586);
#5585 = CARTESIAN_POINT('',(305.,0.));
#5586 = VECTOR('',#5587,1.);
#5587 = DIRECTION('',(0.,1.));
#5588 = ( GEOMETRIC_REPRESENTATION_CONTEXT(2) 
PARAMETRIC_REPRESENTATION_CONTEXT() REPRESENTATION_CONTEXT('2D SPACE',''
  ) );
#5589 = ADVANCED_FACE('',(#5590,#5616,#5647),#5291,.F.);
#5590 = FACE_BOUND('',#5591,.F.);
#5591 = EDGE_LOOP('',(#5592,#5593,#5614,#5615));
#5592 = ORIENTED_EDGE('',*,*,#5275,.F.);
#5593 = ORIENTED_EDGE('',*,*,#5594,.T.);
#5594 = EDGE_CURVE('',#5249,#5434,#5595,.T.);
#5595 = SURFACE_CURVE('',#5596,(#5600,#5607),.PCURVE_S1.);
#5596 = LINE('',#5597,#5598);
#5597 = CARTESIAN_POINT('',(345.,58.,1.15E+03));
#5598 = VECTOR('',#5599,1.);
#5599 = DIRECTION('',(0.,0.,1.));
#5600 = PCURVE('',#5291,#5601);
#5601 = DEFINITIONAL_REPRESENTATION('',(#5602),#5606);
#5602 = LINE('',#5603,#5604);
#5603 = CARTESIAN_POINT('',(0.,0.));
#5604 = VECTOR('',#5605,1.);
#5605 = DIRECTION('',(1.,0.));
#5606 = ( GEOMETRIC_REPRESENTATION_CONTEXT(2) 
PARAMETRIC_REPRESENTATION_CONTEXT() REPRESENTATION_CONTEXT('2D SPACE',''
  ) );
#5607 = PCURVE('',#5264,#5608);
#5608 = DEFINITIONAL_REPRESENTATION('',(#5609),#5613);
#5609 = LINE('',#5610,#5611);
#5610 = CARTESIAN_POINT('',(1.,-143.));
#5611 = VECTOR('',#5612,1.);
#5612 = DIRECTION('',(1.,0.));
#5613 = ( GEOMETRIC_REPRESENTATION_CONTEXT(2) 
PARAMETRIC_REPRESENTATION_CONTEXT() REPRESENTATION_CONTEXT('2D SPACE',''
  ) );
#5614 = ORIENTED_EDGE('',*,*,#5569,.T.);
#5615 = ORIENTED_EDGE('',*,*,#5355,.F.);
#5616 = FACE_BOUND('',#5617,.F.);
#5617 = EDGE_LOOP('',(#5618));
#5618 = ORIENTED_EDGE('',*,*,#5619,.F.);
#5619 = EDGE_CURVE('',#5620,#5620,#5622,.T.);
#5620 = VERTEX_POINT('',#5621);
#5621 = CARTESIAN_POINT('',(352.5,58.,1.19275E+03));
#5622 = SURFACE_CURVE('',#5623,(#5628,#5635),.PCURVE_S1.);
#5623 = CIRCLE('',#5624,2.75);
#5624 = AXIS2_PLACEMENT_3D('',#5625,#5626,#5627);
#5625 = CARTESIAN_POINT('',(352.5,58.,1.19E+03));
#5626 = DIRECTION('',(0.,1.,0.));
#5627 = DIRECTION('',(0.,-0.,1.));
#5628 = PCURVE('',#5291,#5629);
#5629 = DEFINITIONAL_REPRESENTATION('',(#5630),#5634);
#5630 = CIRCLE('',#5631,2.75);
#5631 = AXIS2_PLACEMENT_2D('',#5632,#5633);
#5632 = CARTESIAN_POINT('',(40.,7.5));
#5633 = DIRECTION('',(1.,0.));
#5634 = ( GEOMETRIC_REPRESENTATION_CONTEXT(2) 
PARAMETRIC_REPRESENTATION_CONTEXT() REPRESENTATION_CONTEXT('2D SPACE',''
  ) );
#5635 = PCURVE('',#5636,#5641);
#5636 = CYLINDRICAL_SURFACE('',#5637,2.75);
#5637 = AXIS2_PLACEMENT_3D('',#5638,#5639,#5640);
#5638 = CARTESIAN_POINT('',(352.5,57.,1.19E+03));
#5639 = DIRECTION('',(0.,1.,0.));
#5640 = DIRECTION('',(0.,-0.,1.));
#5641 = DEFINITIONAL_REPRESENTATION('',(#5642),#5646);
#5642 = LINE('',#5643,#5644);
#5643 = CARTESIAN_POINT('',(0.,1.));
#5644 = VECTOR('',#5645,1.);
#5645 = DIRECTION('',(1.,0.));
#5646 = ( GEOMETRIC_REPRESENTATION_CONTEXT(2) 
PARAMETRIC_REPRESENTATION_CONTEXT() REPRESENTATION_CONTEXT('2D SPACE',''
  ) );
#5647 = FACE_BOUND('',#5648,.F.);
#5648 = EDGE_LOOP('',(#5649));
#5649 = ORIENTED_EDGE('',*,*,#5650,.F.);
#5650 = EDGE_CURVE('',#5651,#5651,#5653,.T.);
#5651 = VERTEX_POINT('',#5652);
#5652 = CARTESIAN_POINT('',(352.5,58.,1.41275E+03));
#5653 = SURFACE_CURVE('',#5654,(#5659,#5666),.PCURVE_S1.);
#5654 = CIRCLE('',#5655,2.75);
#5655 = AXIS2_PLACEMENT_3D('',#5656,#5657,#5658);
#5656 = CARTESIAN_POINT('',(352.5,58.,1.41E+03));
#5657 = DIRECTION('',(0.,1.,0.));
#5658 = DIRECTION('',(0.,-0.,1.));
#5659 = PCURVE('',#5291,#5660);
#5660 = DEFINITIONAL_REPRESENTATION('',(#5661),#5665);
#5661 = CIRCLE('',#5662,2.75);
#5662 = AXIS2_PLACEMENT_2D('',#5663,#5664);
#5663 = CARTESIAN_POINT('',(260.,7.5));
#5664 = DIRECTION('',(1.,0.));
#5665 = ( GEOMETRIC_REPRESENTATION_CONTEXT(2) 
PARAMETRIC_REPRESENTATION_CONTEXT() REPRESENTATION_CONTEXT('2D SPACE',''
  ) );
#5666 = PCURVE('',#5667,#5672);
#5667 = CYLINDRICAL_SURFACE('',#5668,2.75);
#5668 = AXIS2_PLACEMENT_3D('',#5669,#5670,#5671);
#5669 = CARTESIAN_POINT('',(352.5,57.,1.41E+03));
#5670 = DIRECTION('',(0.,1.,0.));
#5671 = DIRECTION('',(0.,-0.,1.));
#5672 = DEFINITIONAL_REPRESENTATION('',(#5673),#5677);
#5673 = LINE('',#5674,#5675);
#5674 = CARTESIAN_POINT('',(0.,1.));
#5675 = VECTOR('',#5676,1.);
#5676 = DIRECTION('',(1.,0.));
#5677 = ( GEOMETRIC_REPRESENTATION_CONTEXT(2) 
PARAMETRIC_REPRESENTATION_CONTEXT() REPRESENTATION_CONTEXT('2D SPACE',''
  ) );
#5678 = ADVANCED_FACE('',(#5679),#5667,.F.);
#5679 = FACE_BOUND('',#5680,.F.);
#5680 = EDGE_LOOP('',(#5681,#5705,#5726,#5727));
#5681 = ORIENTED_EDGE('',*,*,#5682,.F.);
#5682 = EDGE_CURVE('',#5683,#5683,#5685,.T.);
#5683 = VERTEX_POINT('',#5684);
#5684 = CARTESIAN_POINT('',(352.5,60.,1.41275E+03));
#5685 = SURFACE_CURVE('',#5686,(#5691,#5698),.PCURVE_S1.);
#5686 = CIRCLE('',#5687,2.75);
#5687 = AXIS2_PLACEMENT_3D('',#5688,#5689,#5690);
#5688 = CARTESIAN_POINT('',(352.5,60.,1.41E+03));
#5689 = DIRECTION('',(0.,1.,0.));
#5690 = DIRECTION('',(0.,-0.,1.));
#5691 = PCURVE('',#5667,#5692);
#5692 = DEFINITIONAL_REPRESENTATION('',(#5693),#5697);
#5693 = LINE('',#5694,#5695);
#5694 = CARTESIAN_POINT('',(0.,3.));
#5695 = VECTOR('',#5696,1.);
#5696 = DIRECTION('',(1.,0.));
#5697 = ( GEOMETRIC_REPRESENTATION_CONTEXT(2) 
PARAMETRIC_REPRESENTATION_CONTEXT() REPRESENTATION_CONTEXT('2D SPACE',''
  ) );
#5698 = PCURVE('',#5022,#5699);
#5699 = DEFINITIONAL_REPRESENTATION('',(#5700),#5704);
#5700 = CIRCLE('',#5701,2.75);
#5701 = AXIS2_PLACEMENT_2D('',#5702,#5703);
#5702 = CARTESIAN_POINT('',(260.,9.5));
#5703 = DIRECTION('',(1.,0.));
#5704 = ( GEOMETRIC_REPRESENTATION_CONTEXT(2) 
PARAMETRIC_REPRESENTATION_CONTEXT() REPRESENTATION_CONTEXT('2D SPACE',''
  ) );
#5705 = ORIENTED_EDGE('',*,*,#5706,.F.);
#5706 = EDGE_CURVE('',#5651,#5683,#5707,.T.);
#5707 = SEAM_CURVE('',#5708,(#5712,#5719),.PCURVE_S1.);
#5708 = LINE('',#5709,#5710);
#5709 = CARTESIAN_POINT('',(352.5,57.,1.41275E+03));
#5710 = VECTOR('',#5711,1.);
#5711 = DIRECTION('',(0.,1.,0.));
#5712 = PCURVE('',#5667,#5713);
#5713 = DEFINITIONAL_REPRESENTATION('',(#5714),#5718);
#5714 = LINE('',#5715,#5716);
#5715 = CARTESIAN_POINT('',(6.28318530718,-0.));
#5716 = VECTOR('',#5717,1.);
#5717 = DIRECTION('',(0.,1.));
#5718 = ( GEOMETRIC_REPRESENTATION_CONTEXT(2) 
PARAMETRIC_REPRESENTATION_CONTEXT() REPRESENTATION_CONTEXT('2D SPACE',''
  ) );
#5719 = PCURVE('',#5667,#5720);
#5720 = DEFINITIONAL_REPRESENTATION('',(#5721),#5725);
#5721 = LINE('',#5722,#5723);
#5722 = CARTESIAN_POINT('',(0.,-0.));
#5723 = VECTOR('',#5724,1.);
#5724 = DIRECTION('',(0.,1.));
#5725 = ( GEOMETRIC_REPRESENTATION_CONTEXT(2) 
PARAMETRIC_REPRESENTATION_CONTEXT() REPRESENTATION_CONTEXT('2D SPACE',''
  ) );
#5726 = ORIENTED_EDGE('',*,*,#5650,.T.);
#5727 = ORIENTED_EDGE('',*,*,#5706,.T.);
#5728 = ADVANCED_FACE('',(#5729),#5636,.F.);
#5729 = FACE_BOUND('',#5730,.F.);
#5730 = EDGE_LOOP('',(#5731,#5755,#5776,#5777));
#5731 = ORIENTED_EDGE('',*,*,#5732,.F.);
#5732 = EDGE_CURVE('',#5733,#5733,#5735,.T.);
#5733 = VERTEX_POINT('',#5734);
#5734 = CARTESIAN_POINT('',(352.5,60.,1.19275E+03));
#5735 = SURFACE_CURVE('',#5736,(#5741,#5748),.PCURVE_S1.);
#5736 = CIRCLE('',#5737,2.75);
#5737 = AXIS2_PLACEMENT_3D('',#5738,#5739,#5740);
#5738 = CARTESIAN_POINT('',(352.5,60.,1.19E+03));
#5739 = DIRECTION('',(0.,1.,0.));
#5740 = DIRECTION('',(0.,-0.,1.));
#5741 = PCURVE('',#5636,#5742);
#5742 = DEFINITIONAL_REPRESENTATION('',(#5743),#5747);
#5743 = LINE('',#5744,#5745);
#5744 = CARTESIAN_POINT('',(0.,3.));
#5745 = VECTOR('',#5746,1.);
#5746 = DIRECTION('',(1.,0.));
#5747 = ( GEOMETRIC_REPRESENTATION_CONTEXT(2) 
PARAMETRIC_REPRESENTATION_CONTEXT() REPRESENTATION_CONTEXT('2D SPACE',''
  ) );
#5748 = PCURVE('',#5022,#5749);
#5749 = DEFINITIONAL_REPRESENTATION('',(#5750),#5754);
#5750 = CIRCLE('',#5751,2.75);
#5751 = AXIS2_PLACEMENT_2D('',#5752,#5753);
#5752 = CARTESIAN_POINT('',(40.,9.5));
#5753 = DIRECTION('',(1.,0.));
#5754 = ( GEOMETRIC_REPRESENTATION_CONTEXT(2) 
PARAMETRIC_REPRESENTATION_CONTEXT() REPRESENTATION_CONTEXT('2D SPACE',''
  ) );
#5755 = ORIENTED_EDGE('',*,*,#5756,.F.);
#5756 = EDGE_CURVE('',#5620,#5733,#5757,.T.);
#5757 = SEAM_CURVE('',#5758,(#5762,#5769),.PCURVE_S1.);
#5758 = LINE('',#5759,#5760);
#5759 = CARTESIAN_POINT('',(352.5,57.,1.19275E+03));
#5760 = VECTOR('',#5761,1.);
#5761 = DIRECTION('',(0.,1.,0.));
#5762 = PCURVE('',#5636,#5763);
#5763 = DEFINITIONAL_REPRESENTATION('',(#5764),#5768);
#5764 = LINE('',#5765,#5766);
#5765 = CARTESIAN_POINT('',(6.28318530718,-0.));
#5766 = VECTOR('',#5767,1.);
#5767 = DIRECTION('',(0.,1.));
#5768 = ( GEOMETRIC_REPRESENTATION_CONTEXT(2) 
PARAMETRIC_REPRESENTATION_CONTEXT() REPRESENTATION_CONTEXT('2D SPACE',''
  ) );
#5769 = PCURVE('',#5636,#5770);
#5770 = DEFINITIONAL_REPRESENTATION('',(#5771),#5775);
#5771 = LINE('',#5772,#5773);
#5772 = CARTESIAN_POINT('',(0.,-0.));
#5773 = VECTOR('',#5774,1.);
#5774 = DIRECTION('',(0.,1.));
#5775 = ( GEOMETRIC_REPRESENTATION_CONTEXT(2) 
PARAMETRIC_REPRESENTATION_CONTEXT() REPRESENTATION_CONTEXT('2D SPACE',''
  ) );
#5776 = ORIENTED_EDGE('',*,*,#5619,.T.);
#5777 = ORIENTED_EDGE('',*,*,#5756,.T.);
#5778 = ADVANCED_FACE('',(#5779),#5264,.T.);
#5779 = FACE_BOUND('',#5780,.T.);
#5780 = EDGE_LOOP('',(#5781,#5802,#5803,#5804));
#5781 = ORIENTED_EDGE('',*,*,#5782,.F.);
#5782 = EDGE_CURVE('',#5222,#5432,#5783,.T.);
#5783 = SURFACE_CURVE('',#5784,(#5788,#5795),.PCURVE_S1.);
#5784 = LINE('',#5785,#5786);
#5785 = CARTESIAN_POINT('',(345.,-85.,1.149E+03));
#5786 = VECTOR('',#5787,1.);
#5787 = DIRECTION('',(0.,0.,1.));
#5788 = PCURVE('',#5264,#5789);
#5789 = DEFINITIONAL_REPRESENTATION('',(#5790),#5794);
#5790 = LINE('',#5791,#5792);
#5791 = CARTESIAN_POINT('',(0.,0.));
#5792 = VECTOR('',#5793,1.);
#5793 = DIRECTION('',(1.,0.));
#5794 = ( GEOMETRIC_REPRESENTATION_CONTEXT(2) 
PARAMETRIC_REPRESENTATION_CONTEXT() REPRESENTATION_CONTEXT('2D SPACE',''
  ) );
#5795 = PCURVE('',#5237,#5796);
#5796 = DEFINITIONAL_REPRESENTATION('',(#5797),#5801);
#5797 = LINE('',#5798,#5799);
#5798 = CARTESIAN_POINT('',(0.,0.));
#5799 = VECTOR('',#5800,1.);
#5800 = DIRECTION('',(1.,0.));
#5801 = ( GEOMETRIC_REPRESENTATION_CONTEXT(2) 
PARAMETRIC_REPRESENTATION_CONTEXT() REPRESENTATION_CONTEXT('2D SPACE',''
  ) );
#5802 = ORIENTED_EDGE('',*,*,#5248,.T.);
#5803 = ORIENTED_EDGE('',*,*,#5594,.T.);
#5804 = ORIENTED_EDGE('',*,*,#5431,.F.);
#5805 = ADVANCED_FACE('',(#5806),#5237,.T.);
#5806 = FACE_BOUND('',#5807,.T.);
#5807 = EDGE_LOOP('',(#5808,#5829,#5830,#5831));
#5808 = ORIENTED_EDGE('',*,*,#5809,.F.);
#5809 = EDGE_CURVE('',#5195,#5457,#5810,.T.);
#5810 = SURFACE_CURVE('',#5811,(#5815,#5822),.PCURVE_S1.);
#5811 = LINE('',#5812,#5813);
#5812 = CARTESIAN_POINT('',(595.,-85.,1.149E+03));
#5813 = VECTOR('',#5814,1.);
#5814 = DIRECTION('',(0.,0.,1.));
#5815 = PCURVE('',#5237,#5816);
#5816 = DEFINITIONAL_REPRESENTATION('',(#5817),#5821);
#5817 = LINE('',#5818,#5819);
#5818 = CARTESIAN_POINT('',(0.,250.));
#5819 = VECTOR('',#5820,1.);
#5820 = DIRECTION('',(1.,0.));
#5821 = ( GEOMETRIC_REPRESENTATION_CONTEXT(2) 
PARAMETRIC_REPRESENTATION_CONTEXT() REPRESENTATION_CONTEXT('2D SPACE',''
  ) );
#5822 = PCURVE('',#5210,#5823);
#5823 = DEFINITIONAL_REPRESENTATION('',(#5824),#5828);
#5824 = LINE('',#5825,#5826);
#5825 = CARTESIAN_POINT('',(0.,0.));
#5826 = VECTOR('',#5827,1.);
#5827 = DIRECTION('',(1.,0.));
#5828 = ( GEOMETRIC_REPRESENTATION_CONTEXT(2) 
PARAMETRIC_REPRESENTATION_CONTEXT() REPRESENTATION_CONTEXT('2D SPACE',''
  ) );
#5829 = ORIENTED_EDGE('',*,*,#5221,.T.);
#5830 = ORIENTED_EDGE('',*,*,#5782,.T.);
#5831 = ORIENTED_EDGE('',*,*,#5456,.T.);
#5832 = ADVANCED_FACE('',(#5833),#5210,.F.);
#5833 = FACE_BOUND('',#5834,.F.);
#5834 = EDGE_LOOP('',(#5835,#5836,#5837,#5858));
#5835 = ORIENTED_EDGE('',*,*,#5809,.F.);
#5836 = ORIENTED_EDGE('',*,*,#5194,.T.);
#5837 = ORIENTED_EDGE('',*,*,#5838,.T.);
#5838 = EDGE_CURVE('',#5167,#5480,#5839,.T.);
#5839 = SURFACE_CURVE('',#5840,(#5844,#5851),.PCURVE_S1.);
#5840 = LINE('',#5841,#5842);
#5841 = CARTESIAN_POINT('',(595.,58.,1.15E+03));
#5842 = VECTOR('',#5843,1.);
#5843 = DIRECTION('',(0.,0.,1.));
#5844 = PCURVE('',#5210,#5845);
#5845 = DEFINITIONAL_REPRESENTATION('',(#5846),#5850);
#5846 = LINE('',#5847,#5848);
#5847 = CARTESIAN_POINT('',(1.,-143.));
#5848 = VECTOR('',#5849,1.);
#5849 = DIRECTION('',(1.,0.));
#5850 = ( GEOMETRIC_REPRESENTATION_CONTEXT(2) 
PARAMETRIC_REPRESENTATION_CONTEXT() REPRESENTATION_CONTEXT('2D SPACE',''
  ) );
#5851 = PCURVE('',#5182,#5852);
#5852 = DEFINITIONAL_REPRESENTATION('',(#5853),#5857);
#5853 = LINE('',#5854,#5855);
#5854 = CARTESIAN_POINT('',(0.,15.));
#5855 = VECTOR('',#5856,1.);
#5856 = DIRECTION('',(1.,0.));
#5857 = ( GEOMETRIC_REPRESENTATION_CONTEXT(2) 
PARAMETRIC_REPRESENTATION_CONTEXT() REPRESENTATION_CONTEXT('2D SPACE',''
  ) );
#5858 = ORIENTED_EDGE('',*,*,#5479,.F.);
#5859 = ADVANCED_FACE('',(#5860,#5886,#5917),#5182,.F.);
#5860 = FACE_BOUND('',#5861,.F.);
#5861 = EDGE_LOOP('',(#5862,#5863,#5884,#5885));
#5862 = ORIENTED_EDGE('',*,*,#5166,.F.);
#5863 = ORIENTED_EDGE('',*,*,#5864,.T.);
#5864 = EDGE_CURVE('',#5139,#5503,#5865,.T.);
#5865 = SURFACE_CURVE('',#5866,(#5870,#5877),.PCURVE_S1.);
#5866 = LINE('',#5867,#5868);
#5867 = CARTESIAN_POINT('',(580.,58.,1.15E+03));
#5868 = VECTOR('',#5869,1.);
#5869 = DIRECTION('',(0.,0.,1.));
#5870 = PCURVE('',#5182,#5871);
#5871 = DEFINITIONAL_REPRESENTATION('',(#5872),#5876);
#5872 = LINE('',#5873,#5874);
#5873 = CARTESIAN_POINT('',(0.,0.));
#5874 = VECTOR('',#5875,1.);
#5875 = DIRECTION('',(1.,0.));
#5876 = ( GEOMETRIC_REPRESENTATION_CONTEXT(2) 
PARAMETRIC_REPRESENTATION_CONTEXT() REPRESENTATION_CONTEXT('2D SPACE',''
  ) );
#5877 = PCURVE('',#5154,#5878);
#5878 = DEFINITIONAL_REPRESENTATION('',(#5879),#5883);
#5879 = LINE('',#5880,#5881);
#5880 = CARTESIAN_POINT('',(0.,0.));
#5881 = VECTOR('',#5882,1.);
#5882 = DIRECTION('',(1.,0.));
#5883 = ( GEOMETRIC_REPRESENTATION_CONTEXT(2) 
PARAMETRIC_REPRESENTATION_CONTEXT() REPRESENTATION_CONTEXT('2D SPACE',''
  ) );
#5884 = ORIENTED_EDGE('',*,*,#5502,.T.);
#5885 = ORIENTED_EDGE('',*,*,#5838,.F.);
#5886 = FACE_BOUND('',#5887,.F.);
#5887 = EDGE_LOOP('',(#5888));
#5888 = ORIENTED_EDGE('',*,*,#5889,.F.);
#5889 = EDGE_CURVE('',#5890,#5890,#5892,.T.);
#5890 = VERTEX_POINT('',#5891);
#5891 = CARTESIAN_POINT('',(587.5,58.,1.19275E+03));
#5892 = SURFACE_CURVE('',#5893,(#5898,#5905),.PCURVE_S1.);
#5893 = CIRCLE('',#5894,2.75);
#5894 = AXIS2_PLACEMENT_3D('',#5895,#5896,#5897);
#5895 = CARTESIAN_POINT('',(587.5,58.,1.19E+03));
#5896 = DIRECTION('',(0.,1.,0.));
#5897 = DIRECTION('',(0.,-0.,1.));
#5898 = PCURVE('',#5182,#5899);
#5899 = DEFINITIONAL_REPRESENTATION('',(#5900),#5904);
#5900 = CIRCLE('',#5901,2.75);
#5901 = AXIS2_PLACEMENT_2D('',#5902,#5903);
#5902 = CARTESIAN_POINT('',(40.,7.5));
#5903 = DIRECTION('',(1.,0.));
#5904 = ( GEOMETRIC_REPRESENTATION_CONTEXT(2) 
PARAMETRIC_REPRESENTATION_CONTEXT() REPRESENTATION_CONTEXT('2D SPACE',''
  ) );
#5905 = PCURVE('',#5906,#5911);
#5906 = CYLINDRICAL_SURFACE('',#5907,2.75);
#5907 = AXIS2_PLACEMENT_3D('',#5908,#5909,#5910);
#5908 = CARTESIAN_POINT('',(587.5,57.,1.19E+03));
#5909 = DIRECTION('',(0.,1.,0.));
#5910 = DIRECTION('',(0.,-0.,1.));
#5911 = DEFINITIONAL_REPRESENTATION('',(#5912),#5916);
#5912 = LINE('',#5913,#5914);
#5913 = CARTESIAN_POINT('',(0.,1.));
#5914 = VECTOR('',#5915,1.);
#5915 = DIRECTION('',(1.,0.));
#5916 = ( GEOMETRIC_REPRESENTATION_CONTEXT(2) 
PARAMETRIC_REPRESENTATION_CONTEXT() REPRESENTATION_CONTEXT('2D SPACE',''
  ) );
#5917 = FACE_BOUND('',#5918,.F.);
#5918 = EDGE_LOOP('',(#5919));
#5919 = ORIENTED_EDGE('',*,*,#5920,.F.);
#5920 = EDGE_CURVE('',#5921,#5921,#5923,.T.);
#5921 = VERTEX_POINT('',#5922);
#5922 = CARTESIAN_POINT('',(587.5,58.,1.41275E+03));
#5923 = SURFACE_CURVE('',#5924,(#5929,#5936),.PCURVE_S1.);
#5924 = CIRCLE('',#5925,2.75);
#5925 = AXIS2_PLACEMENT_3D('',#5926,#5927,#5928);
#5926 = CARTESIAN_POINT('',(587.5,58.,1.41E+03));
#5927 = DIRECTION('',(0.,1.,0.));
#5928 = DIRECTION('',(0.,-0.,1.));
#5929 = PCURVE('',#5182,#5930);
#5930 = DEFINITIONAL_REPRESENTATION('',(#5931),#5935);
#5931 = CIRCLE('',#5932,2.75);
#5932 = AXIS2_PLACEMENT_2D('',#5933,#5934);
#5933 = CARTESIAN_POINT('',(260.,7.5));
#5934 = DIRECTION('',(1.,0.));
#5935 = ( GEOMETRIC_REPRESENTATION_CONTEXT(2) 
PARAMETRIC_REPRESENTATION_CONTEXT() REPRESENTATION_CONTEXT('2D SPACE',''
  ) );
#5936 = PCURVE('',#5937,#5942);
#5937 = CYLINDRICAL_SURFACE('',#5938,2.75);
#5938 = AXIS2_PLACEMENT_3D('',#5939,#5940,#5941);
#5939 = CARTESIAN_POINT('',(587.5,57.,1.41E+03));
#5940 = DIRECTION('',(0.,1.,0.));
#5941 = DIRECTION('',(0.,-0.,1.));
#5942 = DEFINITIONAL_REPRESENTATION('',(#5943),#5947);
#5943 = LINE('',#5944,#5945);
#5944 = CARTESIAN_POINT('',(0.,1.));
#5945 = VECTOR('',#5946,1.);
#5946 = DIRECTION('',(1.,0.));
#5947 = ( GEOMETRIC_REPRESENTATION_CONTEXT(2) 
PARAMETRIC_REPRESENTATION_CONTEXT() REPRESENTATION_CONTEXT('2D SPACE',''
  ) );
#5948 = ADVANCED_FACE('',(#5949),#5937,.F.);
#5949 = FACE_BOUND('',#5950,.F.);
#5950 = EDGE_LOOP('',(#5951,#5975,#5996,#5997));
#5951 = ORIENTED_EDGE('',*,*,#5952,.F.);
#5952 = EDGE_CURVE('',#5953,#5953,#5955,.T.);
#5953 = VERTEX_POINT('',#5954);
#5954 = CARTESIAN_POINT('',(587.5,60.,1.41275E+03));
#5955 = SURFACE_CURVE('',#5956,(#5961,#5968),.PCURVE_S1.);
#5956 = CIRCLE('',#5957,2.75);
#5957 = AXIS2_PLACEMENT_3D('',#5958,#5959,#5960);
#5958 = CARTESIAN_POINT('',(587.5,60.,1.41E+03));
#5959 = DIRECTION('',(0.,1.,0.));
#5960 = DIRECTION('',(0.,-0.,1.));
#5961 = PCURVE('',#5937,#5962);
#5962 = DEFINITIONAL_REPRESENTATION('',(#5963),#5967);
#5963 = LINE('',#5964,#5965);
#5964 = CARTESIAN_POINT('',(0.,3.));
#5965 = VECTOR('',#5966,1.);
#5966 = DIRECTION('',(1.,0.));
#5967 = ( GEOMETRIC_REPRESENTATION_CONTEXT(2) 
PARAMETRIC_REPRESENTATION_CONTEXT() REPRESENTATION_CONTEXT('2D SPACE',''
  ) );
#5968 = PCURVE('',#5022,#5969);
#5969 = DEFINITIONAL_REPRESENTATION('',(#5970),#5974);
#5970 = CIRCLE('',#5971,2.75);
#5971 = AXIS2_PLACEMENT_2D('',#5972,#5973);
#5972 = CARTESIAN_POINT('',(260.,244.5));
#5973 = DIRECTION('',(1.,0.));
#5974 = ( GEOMETRIC_REPRESENTATION_CONTEXT(2) 
PARAMETRIC_REPRESENTATION_CONTEXT() REPRESENTATION_CONTEXT('2D SPACE',''
  ) );
#5975 = ORIENTED_EDGE('',*,*,#5976,.F.);
#5976 = EDGE_CURVE('',#5921,#5953,#5977,.T.);
#5977 = SEAM_CURVE('',#5978,(#5982,#5989),.PCURVE_S1.);
#5978 = LINE('',#5979,#5980);
#5979 = CARTESIAN_POINT('',(587.5,57.,1.41275E+03));
#5980 = VECTOR('',#5981,1.);
#5981 = DIRECTION('',(0.,1.,0.));
#5982 = PCURVE('',#5937,#5983);
#5983 = DEFINITIONAL_REPRESENTATION('',(#5984),#5988);
#5984 = LINE('',#5985,#5986);
#5985 = CARTESIAN_POINT('',(6.28318530718,-0.));
#5986 = VECTOR('',#5987,1.);
#5987 = DIRECTION('',(0.,1.));
#5988 = ( GEOMETRIC_REPRESENTATION_CONTEXT(2) 
PARAMETRIC_REPRESENTATION_CONTEXT() REPRESENTATION_CONTEXT('2D SPACE',''
  ) );
#5989 = PCURVE('',#5937,#5990);
#5990 = DEFINITIONAL_REPRESENTATION('',(#5991),#5995);
#5991 = LINE('',#5992,#5993);
#5992 = CARTESIAN_POINT('',(0.,-0.));
#5993 = VECTOR('',#5994,1.);
#5994 = DIRECTION('',(0.,1.));
#5995 = ( GEOMETRIC_REPRESENTATION_CONTEXT(2) 
PARAMETRIC_REPRESENTATION_CONTEXT() REPRESENTATION_CONTEXT('2D SPACE',''
  ) );
#5996 = ORIENTED_EDGE('',*,*,#5920,.T.);
#5997 = ORIENTED_EDGE('',*,*,#5976,.T.);
#5998 = ADVANCED_FACE('',(#5999),#5906,.F.);
#5999 = FACE_BOUND('',#6000,.F.);
#6000 = EDGE_LOOP('',(#6001,#6025,#6046,#6047));
#6001 = ORIENTED_EDGE('',*,*,#6002,.F.);
#6002 = EDGE_CURVE('',#6003,#6003,#6005,.T.);
#6003 = VERTEX_POINT('',#6004);
#6004 = CARTESIAN_POINT('',(587.5,60.,1.19275E+03));
#6005 = SURFACE_CURVE('',#6006,(#6011,#6018),.PCURVE_S1.);
#6006 = CIRCLE('',#6007,2.75);
#6007 = AXIS2_PLACEMENT_3D('',#6008,#6009,#6010);
#6008 = CARTESIAN_POINT('',(587.5,60.,1.19E+03));
#6009 = DIRECTION('',(0.,1.,0.));
#6010 = DIRECTION('',(0.,-0.,1.));
#6011 = PCURVE('',#5906,#6012);
#6012 = DEFINITIONAL_REPRESENTATION('',(#6013),#6017);
#6013 = LINE('',#6014,#6015);
#6014 = CARTESIAN_POINT('',(0.,3.));
#6015 = VECTOR('',#6016,1.);
#6016 = DIRECTION('',(1.,0.));
#6017 = ( GEOMETRIC_REPRESENTATION_CONTEXT(2) 
PARAMETRIC_REPRESENTATION_CONTEXT() REPRESENTATION_CONTEXT('2D SPACE',''
  ) );
#6018 = PCURVE('',#5022,#6019);
#6019 = DEFINITIONAL_REPRESENTATION('',(#6020),#6024);
#6020 = CIRCLE('',#6021,2.75);
#6021 = AXIS2_PLACEMENT_2D('',#6022,#6023);
#6022 = CARTESIAN_POINT('',(40.,244.5));
#6023 = DIRECTION('',(1.,0.));
#6024 = ( GEOMETRIC_REPRESENTATION_CONTEXT(2) 
PARAMETRIC_REPRESENTATION_CONTEXT() REPRESENTATION_CONTEXT('2D SPACE',''
  ) );
#6025 = ORIENTED_EDGE('',*,*,#6026,.F.);
#6026 = EDGE_CURVE('',#5890,#6003,#6027,.T.);
#6027 = SEAM_CURVE('',#6028,(#6032,#6039),.PCURVE_S1.);
#6028 = LINE('',#6029,#6030);
#6029 = CARTESIAN_POINT('',(587.5,57.,1.19275E+03));
#6030 = VECTOR('',#6031,1.);
#6031 = DIRECTION('',(0.,1.,0.));
#6032 = PCURVE('',#5906,#6033);
#6033 = DEFINITIONAL_REPRESENTATION('',(#6034),#6038);
#6034 = LINE('',#6035,#6036);
#6035 = CARTESIAN_POINT('',(6.28318530718,-0.));
#6036 = VECTOR('',#6037,1.);
#6037 = DIRECTION('',(0.,1.));
#6038 = ( GEOMETRIC_REPRESENTATION_CONTEXT(2) 
PARAMETRIC_REPRESENTATION_CONTEXT() REPRESENTATION_CONTEXT('2D SPACE',''
  ) );
#6039 = PCURVE('',#5906,#6040);
#6040 = DEFINITIONAL_REPRESENTATION('',(#6041),#6045);
#6041 = LINE('',#6042,#6043);
#6042 = CARTESIAN_POINT('',(0.,-0.));
#6043 = VECTOR('',#6044,1.);
#6044 = DIRECTION('',(0.,1.));
#6045 = ( GEOMETRIC_REPRESENTATION_CONTEXT(2) 
PARAMETRIC_REPRESENTATION_CONTEXT() REPRESENTATION_CONTEXT('2D SPACE',''
  ) );
#6046 = ORIENTED_EDGE('',*,*,#5889,.T.);
#6047 = ORIENTED_EDGE('',*,*,#6026,.T.);
#6048 = ADVANCED_FACE('',(#6049),#5154,.F.);
#6049 = FACE_BOUND('',#6050,.F.);
#6050 = EDGE_LOOP('',(#6051,#6052,#6053,#6074));
#6051 = ORIENTED_EDGE('',*,*,#5864,.F.);
#6052 = ORIENTED_EDGE('',*,*,#5138,.T.);
#6053 = ORIENTED_EDGE('',*,*,#6054,.T.);
#6054 = EDGE_CURVE('',#5116,#5526,#6055,.T.);
#6055 = SURFACE_CURVE('',#6056,(#6060,#6067),.PCURVE_S1.);
#6056 = LINE('',#6057,#6058);
#6057 = CARTESIAN_POINT('',(580.,60.,1.15E+03));
#6058 = VECTOR('',#6059,1.);
#6059 = DIRECTION('',(0.,0.,1.));
#6060 = PCURVE('',#5154,#6061);
#6061 = DEFINITIONAL_REPRESENTATION('',(#6062),#6066);
#6062 = LINE('',#6063,#6064);
#6063 = CARTESIAN_POINT('',(0.,-2.));
#6064 = VECTOR('',#6065,1.);
#6065 = DIRECTION('',(1.,0.));
#6066 = ( GEOMETRIC_REPRESENTATION_CONTEXT(2) 
PARAMETRIC_REPRESENTATION_CONTEXT() REPRESENTATION_CONTEXT('2D SPACE',''
  ) );
#6067 = PCURVE('',#5022,#6068);
#6068 = DEFINITIONAL_REPRESENTATION('',(#6069),#6073);
#6069 = LINE('',#6070,#6071);
#6070 = CARTESIAN_POINT('',(0.,237.));
#6071 = VECTOR('',#6072,1.);
#6072 = DIRECTION('',(1.,0.));
#6073 = ( GEOMETRIC_REPRESENTATION_CONTEXT(2) 
PARAMETRIC_REPRESENTATION_CONTEXT() REPRESENTATION_CONTEXT('2D SPACE',''
  ) );
#6074 = ORIENTED_EDGE('',*,*,#5525,.F.);
#6075 = ADVANCED_FACE('',(#6076),#5103,.T.);
#6076 = FACE_BOUND('',#6077,.T.);
#6077 = EDGE_LOOP('',(#6078,#6101,#6102,#6125));
#6078 = ORIENTED_EDGE('',*,*,#6079,.F.);
#6079 = EDGE_CURVE('',#5065,#6080,#6082,.T.);
#6080 = VERTEX_POINT('',#6081);
#6081 = CARTESIAN_POINT('',(597.,-87.,1.457E+03));
#6082 = SURFACE_CURVE('',#6083,(#6087,#6094),.PCURVE_S1.);
#6083 = LINE('',#6084,#6085);
#6084 = CARTESIAN_POINT('',(597.,-87.,1.15E+03));
#6085 = VECTOR('',#6086,1.);
#6086 = DIRECTION('',(0.,0.,1.));
#6087 = PCURVE('',#5103,#6088);
#6088 = DEFINITIONAL_REPRESENTATION('',(#6089),#6093);
#6089 = LINE('',#6090,#6091);
#6090 = CARTESIAN_POINT('',(0.,0.));
#6091 = VECTOR('',#6092,1.);
#6092 = DIRECTION('',(1.,0.));
#6093 = ( GEOMETRIC_REPRESENTATION_CONTEXT(2) 
PARAMETRIC_REPRESENTATION_CONTEXT() REPRESENTATION_CONTEXT('2D SPACE',''
  ) );
#6094 = PCURVE('',#4966,#6095);
#6095 = DEFINITIONAL_REPRESENTATION('',(#6096),#6100);
#6096 = LINE('',#6097,#6098);
#6097 = CARTESIAN_POINT('',(0.,254.));
#6098 = VECTOR('',#6099,1.);
#6099 = DIRECTION('',(1.,0.));
#6100 = ( GEOMETRIC_REPRESENTATION_CONTEXT(2) 
PARAMETRIC_REPRESENTATION_CONTEXT() REPRESENTATION_CONTEXT('2D SPACE',''
  ) );
#6101 = ORIENTED_EDGE('',*,*,#5087,.T.);
#6102 = ORIENTED_EDGE('',*,*,#6103,.T.);
#6103 = EDGE_CURVE('',#5088,#6104,#6106,.T.);
#6104 = VERTEX_POINT('',#6105);
#6105 = CARTESIAN_POINT('',(597.,60.,1.457E+03));
#6106 = SURFACE_CURVE('',#6107,(#6111,#6118),.PCURVE_S1.);
#6107 = LINE('',#6108,#6109);
#6108 = CARTESIAN_POINT('',(597.,60.,1.15E+03));
#6109 = VECTOR('',#6110,1.);
#6110 = DIRECTION('',(0.,0.,1.));
#6111 = PCURVE('',#5103,#6112);
#6112 = DEFINITIONAL_REPRESENTATION('',(#6113),#6117);
#6113 = LINE('',#6114,#6115);
#6114 = CARTESIAN_POINT('',(0.,-147.));
#6115 = VECTOR('',#6116,1.);
#6116 = DIRECTION('',(1.,0.));
#6117 = ( GEOMETRIC_REPRESENTATION_CONTEXT(2) 
PARAMETRIC_REPRESENTATION_CONTEXT() REPRESENTATION_CONTEXT('2D SPACE',''
  ) );
#6118 = PCURVE('',#5022,#6119);
#6119 = DEFINITIONAL_REPRESENTATION('',(#6120),#6124);
#6120 = LINE('',#6121,#6122);
#6121 = CARTESIAN_POINT('',(0.,254.));
#6122 = VECTOR('',#6123,1.);
#6123 = DIRECTION('',(1.,0.));
#6124 = ( GEOMETRIC_REPRESENTATION_CONTEXT(2) 
PARAMETRIC_REPRESENTATION_CONTEXT() REPRESENTATION_CONTEXT('2D SPACE',''
  ) );
#6125 = ORIENTED_EDGE('',*,*,#6126,.F.);
#6126 = EDGE_CURVE('',#6080,#6104,#6127,.T.);
#6127 = SURFACE_CURVE('',#6128,(#6132,#6139),.PCURVE_S1.);
#6128 = LINE('',#6129,#6130);
#6129 = CARTESIAN_POINT('',(597.,-87.,1.457E+03));
#6130 = VECTOR('',#6131,1.);
#6131 = DIRECTION('',(-0.,1.,0.));
#6132 = PCURVE('',#5103,#6133);
#6133 = DEFINITIONAL_REPRESENTATION('',(#6134),#6138);
#6134 = LINE('',#6135,#6136);
#6135 = CARTESIAN_POINT('',(307.,0.));
#6136 = VECTOR('',#6137,1.);
#6137 = DIRECTION('',(0.,-1.));
#6138 = ( GEOMETRIC_REPRESENTATION_CONTEXT(2) 
PARAMETRIC_REPRESENTATION_CONTEXT() REPRESENTATION_CONTEXT('2D SPACE',''
  ) );
#6139 = PCURVE('',#5048,#6140);
#6140 = DEFINITIONAL_REPRESENTATION('',(#6141),#6145);
#6141 = LINE('',#6142,#6143);
#6142 = CARTESIAN_POINT('',(254.,0.));
#6143 = VECTOR('',#6144,1.);
#6144 = DIRECTION('',(0.,1.));
#6145 = ( GEOMETRIC_REPRESENTATION_CONTEXT(2) 
PARAMETRIC_REPRESENTATION_CONTEXT() REPRESENTATION_CONTEXT('2D SPACE',''
  ) );
#6146 = ADVANCED_FACE('',(#6147,#6177,#6180,#6183,#6186),#5022,.T.);
#6147 = FACE_BOUND('',#6148,.T.);
#6148 = EDGE_LOOP('',(#6149,#6150,#6171,#6172,#6173,#6174,#6175,#6176));
#6149 = ORIENTED_EDGE('',*,*,#5006,.T.);
#6150 = ORIENTED_EDGE('',*,*,#6151,.T.);
#6151 = EDGE_CURVE('',#5007,#6104,#6152,.T.);
#6152 = SURFACE_CURVE('',#6153,(#6157,#6164),.PCURVE_S1.);
#6153 = LINE('',#6154,#6155);
#6154 = CARTESIAN_POINT('',(343.,60.,1.457E+03));
#6155 = VECTOR('',#6156,1.);
#6156 = DIRECTION('',(1.,0.,-0.));
#6157 = PCURVE('',#5022,#6158);
#6158 = DEFINITIONAL_REPRESENTATION('',(#6159),#6163);
#6159 = LINE('',#6160,#6161);
#6160 = CARTESIAN_POINT('',(307.,0.));
#6161 = VECTOR('',#6162,1.);
#6162 = DIRECTION('',(0.,1.));
#6163 = ( GEOMETRIC_REPRESENTATION_CONTEXT(2) 
PARAMETRIC_REPRESENTATION_CONTEXT() REPRESENTATION_CONTEXT('2D SPACE',''
  ) );
#6164 = PCURVE('',#5048,#6165);
#6165 = DEFINITIONAL_REPRESENTATION('',(#6166),#6170);
#6166 = LINE('',#6167,#6168);
#6167 = CARTESIAN_POINT('',(0.,147.));
#6168 = VECTOR('',#6169,1.);
#6169 = DIRECTION('',(1.,0.));
#6170 = ( GEOMETRIC_REPRESENTATION_CONTEXT(2) 
PARAMETRIC_REPRESENTATION_CONTEXT() REPRESENTATION_CONTEXT('2D SPACE',''
  ) );
#6171 = ORIENTED_EDGE('',*,*,#6103,.F.);
#6172 = ORIENTED_EDGE('',*,*,#5115,.T.);
#6173 = ORIENTED_EDGE('',*,*,#6054,.T.);
#6174 = ORIENTED_EDGE('',*,*,#5548,.F.);
#6175 = ORIENTED_EDGE('',*,*,#5379,.F.);
#6176 = ORIENTED_EDGE('',*,*,#5331,.T.);
#6177 = FACE_BOUND('',#6178,.T.);
#6178 = EDGE_LOOP('',(#6179));
#6179 = ORIENTED_EDGE('',*,*,#5682,.F.);
#6180 = FACE_BOUND('',#6181,.T.);
#6181 = EDGE_LOOP('',(#6182));
#6182 = ORIENTED_EDGE('',*,*,#5732,.F.);
#6183 = FACE_BOUND('',#6184,.T.);
#6184 = EDGE_LOOP('',(#6185));
#6185 = ORIENTED_EDGE('',*,*,#5952,.F.);
#6186 = FACE_BOUND('',#6187,.T.);
#6187 = EDGE_LOOP('',(#6188));
#6188 = ORIENTED_EDGE('',*,*,#6002,.F.);
#6189 = ADVANCED_FACE('',(#6190),#5048,.T.);
#6190 = FACE_BOUND('',#6191,.T.);
#6191 = EDGE_LOOP('',(#6192,#6193,#6214,#6215));
#6192 = ORIENTED_EDGE('',*,*,#5034,.F.);
#6193 = ORIENTED_EDGE('',*,*,#6194,.T.);
#6194 = EDGE_CURVE('',#4946,#6080,#6195,.T.);
#6195 = SURFACE_CURVE('',#6196,(#6200,#6207),.PCURVE_S1.);
#6196 = LINE('',#6197,#6198);
#6197 = CARTESIAN_POINT('',(343.,-87.,1.457E+03));
#6198 = VECTOR('',#6199,1.);
#6199 = DIRECTION('',(1.,0.,-0.));
#6200 = PCURVE('',#5048,#6201);
#6201 = DEFINITIONAL_REPRESENTATION('',(#6202),#6206);
#6202 = LINE('',#6203,#6204);
#6203 = CARTESIAN_POINT('',(0.,0.));
#6204 = VECTOR('',#6205,1.);
#6205 = DIRECTION('',(1.,0.));
#6206 = ( GEOMETRIC_REPRESENTATION_CONTEXT(2) 
PARAMETRIC_REPRESENTATION_CONTEXT() REPRESENTATION_CONTEXT('2D SPACE',''
  ) );
#6207 = PCURVE('',#4966,#6208);
#6208 = DEFINITIONAL_REPRESENTATION('',(#6209),#6213);
#6209 = LINE('',#6210,#6211);
#6210 = CARTESIAN_POINT('',(307.,0.));
#6211 = VECTOR('',#6212,1.);
#6212 = DIRECTION('',(0.,1.));
#6213 = ( GEOMETRIC_REPRESENTATION_CONTEXT(2) 
PARAMETRIC_REPRESENTATION_CONTEXT() REPRESENTATION_CONTEXT('2D SPACE',''
  ) );
#6214 = ORIENTED_EDGE('',*,*,#6126,.T.);
#6215 = ORIENTED_EDGE('',*,*,#6151,.F.);
#6216 = ADVANCED_FACE('',(#6217),#4966,.F.);
#6217 = FACE_BOUND('',#6218,.F.);
#6218 = EDGE_LOOP('',(#6219,#6220,#6221,#6222));
#6219 = ORIENTED_EDGE('',*,*,#5064,.F.);
#6220 = ORIENTED_EDGE('',*,*,#4943,.T.);
#6221 = ORIENTED_EDGE('',*,*,#6194,.T.);
#6222 = ORIENTED_EDGE('',*,*,#6079,.F.);
#6223 = ( GEOMETRIC_REPRESENTATION_CONTEXT(3) 
GLOBAL_UNCERTAINTY_ASSIGNED_CONTEXT((#6227)) 
GLOBAL_UNIT_ASSIGNED_CONTEXT((#6224,#6225,#6226)) REPRESENTATION_CONTEXT
('Context #1','3D Context with UNIT and UNCERTAINTY') );
#6224 = ( LENGTH_UNIT() NAMED_UNIT(*) SI_UNIT(.MILLI.,.METRE.) );
#6225 = ( NAMED_UNIT(*) PLANE_ANGLE_UNIT() SI_UNIT($,.RADIAN.) );
#6226 = ( NAMED_UNIT(*) SI_UNIT($,.STERADIAN.) SOLID_ANGLE_UNIT() );
#6227 = UNCERTAINTY_MEASURE_WITH_UNIT(LENGTH_MEASURE(1.E-07),#6224,
  'distance_accuracy_value','confusion accuracy');
#6228 = CONTEXT_DEPENDENT_SHAPE_REPRESENTATION(#6229,#6231);
#6229 = ( REPRESENTATION_RELATIONSHIP('','',#4936,#10) 
REPRESENTATION_RELATIONSHIP_WITH_TRANSFORMATION(#6230) 
SHAPE_REPRESENTATION_RELATIONSHIP() );
#6230 = ITEM_DEFINED_TRANSFORMATION('','',#11,#39);
#6231 = PRODUCT_DEFINITION_SHAPE('Placement','Placement of an item',
  #6232);
#6232 = NEXT_ASSEMBLY_USAGE_OCCURRENCE('34','=>[0:1:1:8]','',#5,#4931,$
  );
#6233 = PRODUCT_RELATED_PRODUCT_CATEGORY('part',$,(#4933));
#6234 = SHAPE_DEFINITION_REPRESENTATION(#6235,#6241);
#6235 = PRODUCT_DEFINITION_SHAPE('','',#6236);
#6236 = PRODUCT_DEFINITION('design','',#6237,#6240);
#6237 = PRODUCT_DEFINITION_FORMATION('','',#6238);
#6238 = PRODUCT('COMPOUND','COMPOUND','',(#6239));
#6239 = PRODUCT_CONTEXT('',#2,'mechanical');
#6240 = PRODUCT_DEFINITION_CONTEXT('part definition',#2,'design');
#6241 = SHAPE_REPRESENTATION('',(#11,#6242,#6968,#7694,#8420,#9146),
  #9812);
#6242 = MANIFOLD_SOLID_BREP('',#6243);
#6243 = CLOSED_SHELL('',(#6244,#6476,#6552,#6601,#6681,#6730,#6805,#6854
    ,#6903,#6930,#6941));
#6244 = ADVANCED_FACE('',(#6245),#6259,.F.);
#6245 = FACE_BOUND('',#6246,.F.);
#6246 = EDGE_LOOP('',(#6247,#6282,#6310,#6338,#6366,#6394,#6422,#6450));
#6247 = ORIENTED_EDGE('',*,*,#6248,.F.);
#6248 = EDGE_CURVE('',#6249,#6251,#6253,.T.);
#6249 = VERTEX_POINT('',#6250);
#6250 = CARTESIAN_POINT('',(375.,40.,1.167E+03));
#6251 = VERTEX_POINT('',#6252);
#6252 = CARTESIAN_POINT('',(375.,40.,1.17E+03));
#6253 = SURFACE_CURVE('',#6254,(#6258,#6270),.PCURVE_S1.);
#6254 = LINE('',#6255,#6256);
#6255 = CARTESIAN_POINT('',(375.,40.,1.167E+03));
#6256 = VECTOR('',#6257,1.);
#6257 = DIRECTION('',(0.,0.,1.));
#6258 = PCURVE('',#6259,#6264);
#6259 = PLANE('',#6260);
#6260 = AXIS2_PLACEMENT_3D('',#6261,#6262,#6263);
#6261 = CARTESIAN_POINT('',(375.,40.,1.167E+03));
#6262 = DIRECTION('',(1.,0.,-0.));
#6263 = DIRECTION('',(0.,0.,1.));
#6264 = DEFINITIONAL_REPRESENTATION('',(#6265),#6269);
#6265 = LINE('',#6266,#6267);
#6266 = CARTESIAN_POINT('',(0.,0.));
#6267 = VECTOR('',#6268,1.);
#6268 = DIRECTION('',(1.,0.));
#6269 = ( GEOMETRIC_REPRESENTATION_CONTEXT(2) 
PARAMETRIC_REPRESENTATION_CONTEXT() REPRESENTATION_CONTEXT('2D SPACE',''
  ) );
#6270 = PCURVE('',#6271,#6276);
#6271 = PLANE('',#6272);
#6272 = AXIS2_PLACEMENT_3D('',#6273,#6274,#6275);
#6273 = CARTESIAN_POINT('',(375.,40.,1.167E+03));
#6274 = DIRECTION('',(-0.,1.,0.));
#6275 = DIRECTION('',(0.,0.,1.));
#6276 = DEFINITIONAL_REPRESENTATION('',(#6277),#6281);
#6277 = LINE('',#6278,#6279);
#6278 = CARTESIAN_POINT('',(0.,0.));
#6279 = VECTOR('',#6280,1.);
#6280 = DIRECTION('',(1.,0.));
#6281 = ( GEOMETRIC_REPRESENTATION_CONTEXT(2) 
PARAMETRIC_REPRESENTATION_CONTEXT() REPRESENTATION_CONTEXT('2D SPACE',''
  ) );
#6282 = ORIENTED_EDGE('',*,*,#6283,.T.);
#6283 = EDGE_CURVE('',#6249,#6284,#6286,.T.);
#6284 = VERTEX_POINT('',#6285);
#6285 = CARTESIAN_POINT('',(375.,57.,1.167E+03));
#6286 = SURFACE_CURVE('',#6287,(#6291,#6298),.PCURVE_S1.);
#6287 = LINE('',#6288,#6289);
#6288 = CARTESIAN_POINT('',(375.,40.,1.167E+03));
#6289 = VECTOR('',#6290,1.);
#6290 = DIRECTION('',(-0.,1.,0.));
#6291 = PCURVE('',#6259,#6292);
#6292 = DEFINITIONAL_REPRESENTATION('',(#6293),#6297);
#6293 = LINE('',#6294,#6295);
#6294 = CARTESIAN_POINT('',(0.,0.));
#6295 = VECTOR('',#6296,1.);
#6296 = DIRECTION('',(0.,-1.));
#6297 = ( GEOMETRIC_REPRESENTATION_CONTEXT(2) 
PARAMETRIC_REPRESENTATION_CONTEXT() REPRESENTATION_CONTEXT('2D SPACE',''
  ) );
#6298 = PCURVE('',#6299,#6304);
#6299 = PLANE('',#6300);
#6300 = AXIS2_PLACEMENT_3D('',#6301,#6302,#6303);
#6301 = CARTESIAN_POINT('',(375.,40.,1.167E+03));
#6302 = DIRECTION('',(0.,0.,1.));
#6303 = DIRECTION('',(1.,0.,-0.));
#6304 = DEFINITIONAL_REPRESENTATION('',(#6305),#6309);
#6305 = LINE('',#6306,#6307);
#6306 = CARTESIAN_POINT('',(0.,0.));
#6307 = VECTOR('',#6308,1.);
#6308 = DIRECTION('',(0.,1.));
#6309 = ( GEOMETRIC_REPRESENTATION_CONTEXT(2) 
PARAMETRIC_REPRESENTATION_CONTEXT() REPRESENTATION_CONTEXT('2D SPACE',''
  ) );
#6310 = ORIENTED_EDGE('',*,*,#6311,.F.);
#6311 = EDGE_CURVE('',#6312,#6284,#6314,.T.);
#6312 = VERTEX_POINT('',#6313);
#6313 = CARTESIAN_POINT('',(375.,57.,1.148E+03));
#6314 = SURFACE_CURVE('',#6315,(#6319,#6326),.PCURVE_S1.);
#6315 = LINE('',#6316,#6317);
#6316 = CARTESIAN_POINT('',(375.,57.,1.148E+03));
#6317 = VECTOR('',#6318,1.);
#6318 = DIRECTION('',(0.,0.,1.));
#6319 = PCURVE('',#6259,#6320);
#6320 = DEFINITIONAL_REPRESENTATION('',(#6321),#6325);
#6321 = LINE('',#6322,#6323);
#6322 = CARTESIAN_POINT('',(-19.,-17.));
#6323 = VECTOR('',#6324,1.);
#6324 = DIRECTION('',(1.,0.));
#6325 = ( GEOMETRIC_REPRESENTATION_CONTEXT(2) 
PARAMETRIC_REPRESENTATION_CONTEXT() REPRESENTATION_CONTEXT('2D SPACE',''
  ) );
#6326 = PCURVE('',#6327,#6332);
#6327 = PLANE('',#6328);
#6328 = AXIS2_PLACEMENT_3D('',#6329,#6330,#6331);
#6329 = CARTESIAN_POINT('',(375.,57.,1.148E+03));
#6330 = DIRECTION('',(-0.,1.,0.));
#6331 = DIRECTION('',(0.,0.,1.));
#6332 = DEFINITIONAL_REPRESENTATION('',(#6333),#6337);
#6333 = LINE('',#6334,#6335);
#6334 = CARTESIAN_POINT('',(0.,0.));
#6335 = VECTOR('',#6336,1.);
#6336 = DIRECTION('',(1.,0.));
#6337 = ( GEOMETRIC_REPRESENTATION_CONTEXT(2) 
PARAMETRIC_REPRESENTATION_CONTEXT() REPRESENTATION_CONTEXT('2D SPACE',''
  ) );
#6338 = ORIENTED_EDGE('',*,*,#6339,.T.);
#6339 = EDGE_CURVE('',#6312,#6340,#6342,.T.);
#6340 = VERTEX_POINT('',#6341);
#6341 = CARTESIAN_POINT('',(375.,60.,1.148E+03));
#6342 = SURFACE_CURVE('',#6343,(#6347,#6354),.PCURVE_S1.);
#6343 = LINE('',#6344,#6345);
#6344 = CARTESIAN_POINT('',(375.,57.,1.148E+03));
#6345 = VECTOR('',#6346,1.);
#6346 = DIRECTION('',(-0.,1.,0.));
#6347 = PCURVE('',#6259,#6348);
#6348 = DEFINITIONAL_REPRESENTATION('',(#6349),#6353);
#6349 = LINE('',#6350,#6351);
#6350 = CARTESIAN_POINT('',(-19.,-17.));
#6351 = VECTOR('',#6352,1.);
#6352 = DIRECTION('',(0.,-1.));
#6353 = ( GEOMETRIC_REPRESENTATION_CONTEXT(2) 
PARAMETRIC_REPRESENTATION_CONTEXT() REPRESENTATION_CONTEXT('2D SPACE',''
  ) );
#6354 = PCURVE('',#6355,#6360);
#6355 = PLANE('',#6356);
#6356 = AXIS2_PLACEMENT_3D('',#6357,#6358,#6359);
#6357 = CARTESIAN_POINT('',(375.,57.,1.148E+03));
#6358 = DIRECTION('',(0.,0.,1.));
#6359 = DIRECTION('',(1.,0.,-0.));
#6360 = DEFINITIONAL_REPRESENTATION('',(#6361),#6365);
#6361 = LINE('',#6362,#6363);
#6362 = CARTESIAN_POINT('',(0.,0.));
#6363 = VECTOR('',#6364,1.);
#6364 = DIRECTION('',(0.,1.));
#6365 = ( GEOMETRIC_REPRESENTATION_CONTEXT(2) 
PARAMETRIC_REPRESENTATION_CONTEXT() REPRESENTATION_CONTEXT('2D SPACE',''
  ) );
#6366 = ORIENTED_EDGE('',*,*,#6367,.T.);
#6367 = EDGE_CURVE('',#6340,#6368,#6370,.T.);
#6368 = VERTEX_POINT('',#6369);
#6369 = CARTESIAN_POINT('',(375.,60.,1.168E+03));
#6370 = SURFACE_CURVE('',#6371,(#6375,#6382),.PCURVE_S1.);
#6371 = LINE('',#6372,#6373);
#6372 = CARTESIAN_POINT('',(375.,60.,1.148E+03));
#6373 = VECTOR('',#6374,1.);
#6374 = DIRECTION('',(0.,0.,1.));
#6375 = PCURVE('',#6259,#6376);
#6376 = DEFINITIONAL_REPRESENTATION('',(#6377),#6381);
#6377 = LINE('',#6378,#6379);
#6378 = CARTESIAN_POINT('',(-19.,-20.));
#6379 = VECTOR('',#6380,1.);
#6380 = DIRECTION('',(1.,0.));
#6381 = ( GEOMETRIC_REPRESENTATION_CONTEXT(2) 
PARAMETRIC_REPRESENTATION_CONTEXT() REPRESENTATION_CONTEXT('2D SPACE',''
  ) );
#6382 = PCURVE('',#6383,#6388);
#6383 = PLANE('',#6384);
#6384 = AXIS2_PLACEMENT_3D('',#6385,#6386,#6387);
#6385 = CARTESIAN_POINT('',(375.,60.,1.148E+03));
#6386 = DIRECTION('',(-0.,1.,0.));
#6387 = DIRECTION('',(0.,0.,1.));
#6388 = DEFINITIONAL_REPRESENTATION('',(#6389),#6393);
#6389 = LINE('',#6390,#6391);
#6390 = CARTESIAN_POINT('',(0.,0.));
#6391 = VECTOR('',#6392,1.);
#6392 = DIRECTION('',(1.,0.));
#6393 = ( GEOMETRIC_REPRESENTATION_CONTEXT(2) 
PARAMETRIC_REPRESENTATION_CONTEXT() REPRESENTATION_CONTEXT('2D SPACE',''
  ) );
#6394 = ORIENTED_EDGE('',*,*,#6395,.F.);
#6395 = EDGE_CURVE('',#6396,#6368,#6398,.T.);
#6396 = VERTEX_POINT('',#6397);
#6397 = CARTESIAN_POINT('',(375.,57.,1.168E+03));
#6398 = SURFACE_CURVE('',#6399,(#6403,#6410),.PCURVE_S1.);
#6399 = LINE('',#6400,#6401);
#6400 = CARTESIAN_POINT('',(375.,57.,1.168E+03));
#6401 = VECTOR('',#6402,1.);
#6402 = DIRECTION('',(-0.,1.,0.));
#6403 = PCURVE('',#6259,#6404);
#6404 = DEFINITIONAL_REPRESENTATION('',(#6405),#6409);
#6405 = LINE('',#6406,#6407);
#6406 = CARTESIAN_POINT('',(1.,-17.));
#6407 = VECTOR('',#6408,1.);
#6408 = DIRECTION('',(0.,-1.));
#6409 = ( GEOMETRIC_REPRESENTATION_CONTEXT(2) 
PARAMETRIC_REPRESENTATION_CONTEXT() REPRESENTATION_CONTEXT('2D SPACE',''
  ) );
#6410 = PCURVE('',#6411,#6416);
#6411 = PLANE('',#6412);
#6412 = AXIS2_PLACEMENT_3D('',#6413,#6414,#6415);
#6413 = CARTESIAN_POINT('',(375.,57.,1.168E+03));
#6414 = DIRECTION('',(0.,0.,1.));
#6415 = DIRECTION('',(1.,0.,-0.));
#6416 = DEFINITIONAL_REPRESENTATION('',(#6417),#6421);
#6417 = LINE('',#6418,#6419);
#6418 = CARTESIAN_POINT('',(0.,0.));
#6419 = VECTOR('',#6420,1.);
#6420 = DIRECTION('',(0.,1.));
#6421 = ( GEOMETRIC_REPRESENTATION_CONTEXT(2) 
PARAMETRIC_REPRESENTATION_CONTEXT() REPRESENTATION_CONTEXT('2D SPACE',''
  ) );
#6422 = ORIENTED_EDGE('',*,*,#6423,.T.);
#6423 = EDGE_CURVE('',#6396,#6424,#6426,.T.);
#6424 = VERTEX_POINT('',#6425);
#6425 = CARTESIAN_POINT('',(375.,57.,1.17E+03));
#6426 = SURFACE_CURVE('',#6427,(#6431,#6438),.PCURVE_S1.);
#6427 = LINE('',#6428,#6429);
#6428 = CARTESIAN_POINT('',(375.,57.,1.167E+03));
#6429 = VECTOR('',#6430,1.);
#6430 = DIRECTION('',(0.,0.,1.));
#6431 = PCURVE('',#6259,#6432);
#6432 = DEFINITIONAL_REPRESENTATION('',(#6433),#6437);
#6433 = LINE('',#6434,#6435);
#6434 = CARTESIAN_POINT('',(0.,-17.));
#6435 = VECTOR('',#6436,1.);
#6436 = DIRECTION('',(1.,0.));
#6437 = ( GEOMETRIC_REPRESENTATION_CONTEXT(2) 
PARAMETRIC_REPRESENTATION_CONTEXT() REPRESENTATION_CONTEXT('2D SPACE',''
  ) );
#6438 = PCURVE('',#6439,#6444);
#6439 = PLANE('',#6440);
#6440 = AXIS2_PLACEMENT_3D('',#6441,#6442,#6443);
#6441 = CARTESIAN_POINT('',(375.,57.,1.167E+03));
#6442 = DIRECTION('',(-0.,1.,0.));
#6443 = DIRECTION('',(0.,0.,1.));
#6444 = DEFINITIONAL_REPRESENTATION('',(#6445),#6449);
#6445 = LINE('',#6446,#6447);
#6446 = CARTESIAN_POINT('',(0.,0.));
#6447 = VECTOR('',#6448,1.);
#6448 = DIRECTION('',(1.,0.));
#6449 = ( GEOMETRIC_REPRESENTATION_CONTEXT(2) 
PARAMETRIC_REPRESENTATION_CONTEXT() REPRESENTATION_CONTEXT('2D SPACE',''
  ) );
#6450 = ORIENTED_EDGE('',*,*,#6451,.F.);
#6451 = EDGE_CURVE('',#6251,#6424,#6452,.T.);
#6452 = SURFACE_CURVE('',#6453,(#6457,#6464),.PCURVE_S1.);
#6453 = LINE('',#6454,#6455);
#6454 = CARTESIAN_POINT('',(375.,40.,1.17E+03));
#6455 = VECTOR('',#6456,1.);
#6456 = DIRECTION('',(-0.,1.,0.));
#6457 = PCURVE('',#6259,#6458);
#6458 = DEFINITIONAL_REPRESENTATION('',(#6459),#6463);
#6459 = LINE('',#6460,#6461);
#6460 = CARTESIAN_POINT('',(3.,0.));
#6461 = VECTOR('',#6462,1.);
#6462 = DIRECTION('',(0.,-1.));
#6463 = ( GEOMETRIC_REPRESENTATION_CONTEXT(2) 
PARAMETRIC_REPRESENTATION_CONTEXT() REPRESENTATION_CONTEXT('2D SPACE',''
  ) );
#6464 = PCURVE('',#6465,#6470);
#6465 = PLANE('',#6466);
#6466 = AXIS2_PLACEMENT_3D('',#6467,#6468,#6469);
#6467 = CARTESIAN_POINT('',(375.,40.,1.17E+03));
#6468 = DIRECTION('',(0.,0.,1.));
#6469 = DIRECTION('',(1.,0.,-0.));
#6470 = DEFINITIONAL_REPRESENTATION('',(#6471),#6475);
#6471 = LINE('',#6472,#6473);
#6472 = CARTESIAN_POINT('',(0.,0.));
#6473 = VECTOR('',#6474,1.);
#6474 = DIRECTION('',(0.,1.));
#6475 = ( GEOMETRIC_REPRESENTATION_CONTEXT(2) 
PARAMETRIC_REPRESENTATION_CONTEXT() REPRESENTATION_CONTEXT('2D SPACE',''
  ) );
#6476 = ADVANCED_FACE('',(#6477),#6271,.F.);
#6477 = FACE_BOUND('',#6478,.F.);
#6478 = EDGE_LOOP('',(#6479,#6502,#6503,#6526));
#6479 = ORIENTED_EDGE('',*,*,#6480,.F.);
#6480 = EDGE_CURVE('',#6249,#6481,#6483,.T.);
#6481 = VERTEX_POINT('',#6482);
#6482 = CARTESIAN_POINT('',(395.,40.,1.167E+03));
#6483 = SURFACE_CURVE('',#6484,(#6488,#6495),.PCURVE_S1.);
#6484 = LINE('',#6485,#6486);
#6485 = CARTESIAN_POINT('',(375.,40.,1.167E+03));
#6486 = VECTOR('',#6487,1.);
#6487 = DIRECTION('',(1.,0.,-0.));
#6488 = PCURVE('',#6271,#6489);
#6489 = DEFINITIONAL_REPRESENTATION('',(#6490),#6494);
#6490 = LINE('',#6491,#6492);
#6491 = CARTESIAN_POINT('',(0.,0.));
#6492 = VECTOR('',#6493,1.);
#6493 = DIRECTION('',(0.,1.));
#6494 = ( GEOMETRIC_REPRESENTATION_CONTEXT(2) 
PARAMETRIC_REPRESENTATION_CONTEXT() REPRESENTATION_CONTEXT('2D SPACE',''
  ) );
#6495 = PCURVE('',#6299,#6496);
#6496 = DEFINITIONAL_REPRESENTATION('',(#6497),#6501);
#6497 = LINE('',#6498,#6499);
#6498 = CARTESIAN_POINT('',(0.,0.));
#6499 = VECTOR('',#6500,1.);
#6500 = DIRECTION('',(1.,0.));
#6501 = ( GEOMETRIC_REPRESENTATION_CONTEXT(2) 
PARAMETRIC_REPRESENTATION_CONTEXT() REPRESENTATION_CONTEXT('2D SPACE',''
  ) );
#6502 = ORIENTED_EDGE('',*,*,#6248,.T.);
#6503 = ORIENTED_EDGE('',*,*,#6504,.T.);
#6504 = EDGE_CURVE('',#6251,#6505,#6507,.T.);
#6505 = VERTEX_POINT('',#6506);
#6506 = CARTESIAN_POINT('',(395.,40.,1.17E+03));
#6507 = SURFACE_CURVE('',#6508,(#6512,#6519),.PCURVE_S1.);
#6508 = LINE('',#6509,#6510);
#6509 = CARTESIAN_POINT('',(375.,40.,1.17E+03));
#6510 = VECTOR('',#6511,1.);
#6511 = DIRECTION('',(1.,0.,-0.));
#6512 = PCURVE('',#6271,#6513);
#6513 = DEFINITIONAL_REPRESENTATION('',(#6514),#6518);
#6514 = LINE('',#6515,#6516);
#6515 = CARTESIAN_POINT('',(3.,0.));
#6516 = VECTOR('',#6517,1.);
#6517 = DIRECTION('',(0.,1.));
#6518 = ( GEOMETRIC_REPRESENTATION_CONTEXT(2) 
PARAMETRIC_REPRESENTATION_CONTEXT() REPRESENTATION_CONTEXT('2D SPACE',''
  ) );
#6519 = PCURVE('',#6465,#6520);
#6520 = DEFINITIONAL_REPRESENTATION('',(#6521),#6525);
#6521 = LINE('',#6522,#6523);
#6522 = CARTESIAN_POINT('',(0.,0.));
#6523 = VECTOR('',#6524,1.);
#6524 = DIRECTION('',(1.,0.));
#6525 = ( GEOMETRIC_REPRESENTATION_CONTEXT(2) 
PARAMETRIC_REPRESENTATION_CONTEXT() REPRESENTATION_CONTEXT('2D SPACE',''
  ) );
#6526 = ORIENTED_EDGE('',*,*,#6527,.F.);
#6527 = EDGE_CURVE('',#6481,#6505,#6528,.T.);
#6528 = SURFACE_CURVE('',#6529,(#6533,#6540),.PCURVE_S1.);
#6529 = LINE('',#6530,#6531);
#6530 = CARTESIAN_POINT('',(395.,40.,1.167E+03));
#6531 = VECTOR('',#6532,1.);
#6532 = DIRECTION('',(0.,0.,1.));
#6533 = PCURVE('',#6271,#6534);
#6534 = DEFINITIONAL_REPRESENTATION('',(#6535),#6539);
#6535 = LINE('',#6536,#6537);
#6536 = CARTESIAN_POINT('',(0.,20.));
#6537 = VECTOR('',#6538,1.);
#6538 = DIRECTION('',(1.,0.));
#6539 = ( GEOMETRIC_REPRESENTATION_CONTEXT(2) 
PARAMETRIC_REPRESENTATION_CONTEXT() REPRESENTATION_CONTEXT('2D SPACE',''
  ) );
#6540 = PCURVE('',#6541,#6546);
#6541 = PLANE('',#6542);
#6542 = AXIS2_PLACEMENT_3D('',#6543,#6544,#6545);
#6543 = CARTESIAN_POINT('',(395.,40.,1.167E+03));
#6544 = DIRECTION('',(1.,0.,-0.));
#6545 = DIRECTION('',(0.,0.,1.));
#6546 = DEFINITIONAL_REPRESENTATION('',(#6547),#6551);
#6547 = LINE('',#6548,#6549);
#6548 = CARTESIAN_POINT('',(0.,0.));
#6549 = VECTOR('',#6550,1.);
#6550 = DIRECTION('',(1.,0.));
#6551 = ( GEOMETRIC_REPRESENTATION_CONTEXT(2) 
PARAMETRIC_REPRESENTATION_CONTEXT() REPRESENTATION_CONTEXT('2D SPACE',''
  ) );
#6552 = ADVANCED_FACE('',(#6553),#6299,.F.);
#6553 = FACE_BOUND('',#6554,.F.);
#6554 = EDGE_LOOP('',(#6555,#6556,#6557,#6580));
#6555 = ORIENTED_EDGE('',*,*,#6283,.F.);
#6556 = ORIENTED_EDGE('',*,*,#6480,.T.);
#6557 = ORIENTED_EDGE('',*,*,#6558,.T.);
#6558 = EDGE_CURVE('',#6481,#6559,#6561,.T.);
#6559 = VERTEX_POINT('',#6560);
#6560 = CARTESIAN_POINT('',(395.,57.,1.167E+03));
#6561 = SURFACE_CURVE('',#6562,(#6566,#6573),.PCURVE_S1.);
#6562 = LINE('',#6563,#6564);
#6563 = CARTESIAN_POINT('',(395.,40.,1.167E+03));
#6564 = VECTOR('',#6565,1.);
#6565 = DIRECTION('',(-0.,1.,0.));
#6566 = PCURVE('',#6299,#6567);
#6567 = DEFINITIONAL_REPRESENTATION('',(#6568),#6572);
#6568 = LINE('',#6569,#6570);
#6569 = CARTESIAN_POINT('',(20.,0.));
#6570 = VECTOR('',#6571,1.);
#6571 = DIRECTION('',(0.,1.));
#6572 = ( GEOMETRIC_REPRESENTATION_CONTEXT(2) 
PARAMETRIC_REPRESENTATION_CONTEXT() REPRESENTATION_CONTEXT('2D SPACE',''
  ) );
#6573 = PCURVE('',#6541,#6574);
#6574 = DEFINITIONAL_REPRESENTATION('',(#6575),#6579);
#6575 = LINE('',#6576,#6577);
#6576 = CARTESIAN_POINT('',(0.,0.));
#6577 = VECTOR('',#6578,1.);
#6578 = DIRECTION('',(0.,-1.));
#6579 = ( GEOMETRIC_REPRESENTATION_CONTEXT(2) 
PARAMETRIC_REPRESENTATION_CONTEXT() REPRESENTATION_CONTEXT('2D SPACE',''
  ) );
#6580 = ORIENTED_EDGE('',*,*,#6581,.F.);
#6581 = EDGE_CURVE('',#6284,#6559,#6582,.T.);
#6582 = SURFACE_CURVE('',#6583,(#6587,#6594),.PCURVE_S1.);
#6583 = LINE('',#6584,#6585);
#6584 = CARTESIAN_POINT('',(375.,57.,1.167E+03));
#6585 = VECTOR('',#6586,1.);
#6586 = DIRECTION('',(1.,0.,-0.));
#6587 = PCURVE('',#6299,#6588);
#6588 = DEFINITIONAL_REPRESENTATION('',(#6589),#6593);
#6589 = LINE('',#6590,#6591);
#6590 = CARTESIAN_POINT('',(0.,17.));
#6591 = VECTOR('',#6592,1.);
#6592 = DIRECTION('',(1.,0.));
#6593 = ( GEOMETRIC_REPRESENTATION_CONTEXT(2) 
PARAMETRIC_REPRESENTATION_CONTEXT() REPRESENTATION_CONTEXT('2D SPACE',''
  ) );
#6594 = PCURVE('',#6327,#6595);
#6595 = DEFINITIONAL_REPRESENTATION('',(#6596),#6600);
#6596 = LINE('',#6597,#6598);
#6597 = CARTESIAN_POINT('',(19.,0.));
#6598 = VECTOR('',#6599,1.);
#6599 = DIRECTION('',(0.,1.));
#6600 = ( GEOMETRIC_REPRESENTATION_CONTEXT(2) 
PARAMETRIC_REPRESENTATION_CONTEXT() REPRESENTATION_CONTEXT('2D SPACE',''
  ) );
#6601 = ADVANCED_FACE('',(#6602,#6650),#6327,.F.);
#6602 = FACE_BOUND('',#6603,.F.);
#6603 = EDGE_LOOP('',(#6604,#6627,#6648,#6649));
#6604 = ORIENTED_EDGE('',*,*,#6605,.F.);
#6605 = EDGE_CURVE('',#6606,#6559,#6608,.T.);
#6606 = VERTEX_POINT('',#6607);
#6607 = CARTESIAN_POINT('',(395.,57.,1.148E+03));
#6608 = SURFACE_CURVE('',#6609,(#6613,#6620),.PCURVE_S1.);
#6609 = LINE('',#6610,#6611);
#6610 = CARTESIAN_POINT('',(395.,57.,1.148E+03));
#6611 = VECTOR('',#6612,1.);
#6612 = DIRECTION('',(0.,0.,1.));
#6613 = PCURVE('',#6327,#6614);
#6614 = DEFINITIONAL_REPRESENTATION('',(#6615),#6619);
#6615 = LINE('',#6616,#6617);
#6616 = CARTESIAN_POINT('',(0.,20.));
#6617 = VECTOR('',#6618,1.);
#6618 = DIRECTION('',(1.,0.));
#6619 = ( GEOMETRIC_REPRESENTATION_CONTEXT(2) 
PARAMETRIC_REPRESENTATION_CONTEXT() REPRESENTATION_CONTEXT('2D SPACE',''
  ) );
#6620 = PCURVE('',#6541,#6621);
#6621 = DEFINITIONAL_REPRESENTATION('',(#6622),#6626);
#6622 = LINE('',#6623,#6624);
#6623 = CARTESIAN_POINT('',(-19.,-17.));
#6624 = VECTOR('',#6625,1.);
#6625 = DIRECTION('',(1.,0.));
#6626 = ( GEOMETRIC_REPRESENTATION_CONTEXT(2) 
PARAMETRIC_REPRESENTATION_CONTEXT() REPRESENTATION_CONTEXT('2D SPACE',''
  ) );
#6627 = ORIENTED_EDGE('',*,*,#6628,.F.);
#6628 = EDGE_CURVE('',#6312,#6606,#6629,.T.);
#6629 = SURFACE_CURVE('',#6630,(#6634,#6641),.PCURVE_S1.);
#6630 = LINE('',#6631,#6632);
#6631 = CARTESIAN_POINT('',(375.,57.,1.148E+03));
#6632 = VECTOR('',#6633,1.);
#6633 = DIRECTION('',(1.,0.,-0.));
#6634 = PCURVE('',#6327,#6635);
#6635 = DEFINITIONAL_REPRESENTATION('',(#6636),#6640);
#6636 = LINE('',#6637,#6638);
#6637 = CARTESIAN_POINT('',(0.,0.));
#6638 = VECTOR('',#6639,1.);
#6639 = DIRECTION('',(0.,1.));
#6640 = ( GEOMETRIC_REPRESENTATION_CONTEXT(2) 
PARAMETRIC_REPRESENTATION_CONTEXT() REPRESENTATION_CONTEXT('2D SPACE',''
  ) );
#6641 = PCURVE('',#6355,#6642);
#6642 = DEFINITIONAL_REPRESENTATION('',(#6643),#6647);
#6643 = LINE('',#6644,#6645);
#6644 = CARTESIAN_POINT('',(0.,0.));
#6645 = VECTOR('',#6646,1.);
#6646 = DIRECTION('',(1.,0.));
#6647 = ( GEOMETRIC_REPRESENTATION_CONTEXT(2) 
PARAMETRIC_REPRESENTATION_CONTEXT() REPRESENTATION_CONTEXT('2D SPACE',''
  ) );
#6648 = ORIENTED_EDGE('',*,*,#6311,.T.);
#6649 = ORIENTED_EDGE('',*,*,#6581,.T.);
#6650 = FACE_BOUND('',#6651,.F.);
#6651 = EDGE_LOOP('',(#6652));
#6652 = ORIENTED_EDGE('',*,*,#6653,.F.);
#6653 = EDGE_CURVE('',#6654,#6654,#6656,.T.);
#6654 = VERTEX_POINT('',#6655);
#6655 = CARTESIAN_POINT('',(385.,57.,1.15975E+03));
#6656 = SURFACE_CURVE('',#6657,(#6662,#6669),.PCURVE_S1.);
#6657 = CIRCLE('',#6658,2.75);
#6658 = AXIS2_PLACEMENT_3D('',#6659,#6660,#6661);
#6659 = CARTESIAN_POINT('',(385.,57.,1.157E+03));
#6660 = DIRECTION('',(0.,1.,0.));
#6661 = DIRECTION('',(0.,-0.,1.));
#6662 = PCURVE('',#6327,#6663);
#6663 = DEFINITIONAL_REPRESENTATION('',(#6664),#6668);
#6664 = CIRCLE('',#6665,2.75);
#6665 = AXIS2_PLACEMENT_2D('',#6666,#6667);
#6666 = CARTESIAN_POINT('',(9.,10.));
#6667 = DIRECTION('',(1.,0.));
#6668 = ( GEOMETRIC_REPRESENTATION_CONTEXT(2) 
PARAMETRIC_REPRESENTATION_CONTEXT() REPRESENTATION_CONTEXT('2D SPACE',''
  ) );
#6669 = PCURVE('',#6670,#6675);
#6670 = CYLINDRICAL_SURFACE('',#6671,2.75);
#6671 = AXIS2_PLACEMENT_3D('',#6672,#6673,#6674);
#6672 = CARTESIAN_POINT('',(385.,56.,1.157E+03));
#6673 = DIRECTION('',(0.,1.,0.));
#6674 = DIRECTION('',(0.,-0.,1.));
#6675 = DEFINITIONAL_REPRESENTATION('',(#6676),#6680);
#6676 = LINE('',#6677,#6678);
#6677 = CARTESIAN_POINT('',(0.,1.));
#6678 = VECTOR('',#6679,1.);
#6679 = DIRECTION('',(1.,0.));
#6680 = ( GEOMETRIC_REPRESENTATION_CONTEXT(2) 
PARAMETRIC_REPRESENTATION_CONTEXT() REPRESENTATION_CONTEXT('2D SPACE',''
  ) );
#6681 = ADVANCED_FACE('',(#6682),#6355,.F.);
#6682 = FACE_BOUND('',#6683,.F.);
#6683 = EDGE_LOOP('',(#6684,#6685,#6686,#6709));
#6684 = ORIENTED_EDGE('',*,*,#6339,.F.);
#6685 = ORIENTED_EDGE('',*,*,#6628,.T.);
#6686 = ORIENTED_EDGE('',*,*,#6687,.T.);
#6687 = EDGE_CURVE('',#6606,#6688,#6690,.T.);
#6688 = VERTEX_POINT('',#6689);
#6689 = CARTESIAN_POINT('',(395.,60.,1.148E+03));
#6690 = SURFACE_CURVE('',#6691,(#6695,#6702),.PCURVE_S1.);
#6691 = LINE('',#6692,#6693);
#6692 = CARTESIAN_POINT('',(395.,57.,1.148E+03));
#6693 = VECTOR('',#6694,1.);
#6694 = DIRECTION('',(-0.,1.,0.));
#6695 = PCURVE('',#6355,#6696);
#6696 = DEFINITIONAL_REPRESENTATION('',(#6697),#6701);
#6697 = LINE('',#6698,#6699);
#6698 = CARTESIAN_POINT('',(20.,0.));
#6699 = VECTOR('',#6700,1.);
#6700 = DIRECTION('',(0.,1.));
#6701 = ( GEOMETRIC_REPRESENTATION_CONTEXT(2) 
PARAMETRIC_REPRESENTATION_CONTEXT() REPRESENTATION_CONTEXT('2D SPACE',''
  ) );
#6702 = PCURVE('',#6541,#6703);
#6703 = DEFINITIONAL_REPRESENTATION('',(#6704),#6708);
#6704 = LINE('',#6705,#6706);
#6705 = CARTESIAN_POINT('',(-19.,-17.));
#6706 = VECTOR('',#6707,1.);
#6707 = DIRECTION('',(0.,-1.));
#6708 = ( GEOMETRIC_REPRESENTATION_CONTEXT(2) 
PARAMETRIC_REPRESENTATION_CONTEXT() REPRESENTATION_CONTEXT('2D SPACE',''
  ) );
#6709 = ORIENTED_EDGE('',*,*,#6710,.F.);
#6710 = EDGE_CURVE('',#6340,#6688,#6711,.T.);
#6711 = SURFACE_CURVE('',#6712,(#6716,#6723),.PCURVE_S1.);
#6712 = LINE('',#6713,#6714);
#6713 = CARTESIAN_POINT('',(375.,60.,1.148E+03));
#6714 = VECTOR('',#6715,1.);
#6715 = DIRECTION('',(1.,0.,-0.));
#6716 = PCURVE('',#6355,#6717);
#6717 = DEFINITIONAL_REPRESENTATION('',(#6718),#6722);
#6718 = LINE('',#6719,#6720);
#6719 = CARTESIAN_POINT('',(0.,3.));
#6720 = VECTOR('',#6721,1.);
#6721 = DIRECTION('',(1.,0.));
#6722 = ( GEOMETRIC_REPRESENTATION_CONTEXT(2) 
PARAMETRIC_REPRESENTATION_CONTEXT() REPRESENTATION_CONTEXT('2D SPACE',''
  ) );
#6723 = PCURVE('',#6383,#6724);
#6724 = DEFINITIONAL_REPRESENTATION('',(#6725),#6729);
#6725 = LINE('',#6726,#6727);
#6726 = CARTESIAN_POINT('',(0.,0.));
#6727 = VECTOR('',#6728,1.);
#6728 = DIRECTION('',(0.,1.));
#6729 = ( GEOMETRIC_REPRESENTATION_CONTEXT(2) 
PARAMETRIC_REPRESENTATION_CONTEXT() REPRESENTATION_CONTEXT('2D SPACE',''
  ) );
#6730 = ADVANCED_FACE('',(#6731,#6779),#6383,.T.);
#6731 = FACE_BOUND('',#6732,.T.);
#6732 = EDGE_LOOP('',(#6733,#6734,#6735,#6758));
#6733 = ORIENTED_EDGE('',*,*,#6710,.F.);
#6734 = ORIENTED_EDGE('',*,*,#6367,.T.);
#6735 = ORIENTED_EDGE('',*,*,#6736,.T.);
#6736 = EDGE_CURVE('',#6368,#6737,#6739,.T.);
#6737 = VERTEX_POINT('',#6738);
#6738 = CARTESIAN_POINT('',(395.,60.,1.168E+03));
#6739 = SURFACE_CURVE('',#6740,(#6744,#6751),.PCURVE_S1.);
#6740 = LINE('',#6741,#6742);
#6741 = CARTESIAN_POINT('',(375.,60.,1.168E+03));
#6742 = VECTOR('',#6743,1.);
#6743 = DIRECTION('',(1.,0.,-0.));
#6744 = PCURVE('',#6383,#6745);
#6745 = DEFINITIONAL_REPRESENTATION('',(#6746),#6750);
#6746 = LINE('',#6747,#6748);
#6747 = CARTESIAN_POINT('',(20.,0.));
#6748 = VECTOR('',#6749,1.);
#6749 = DIRECTION('',(0.,1.));
#6750 = ( GEOMETRIC_REPRESENTATION_CONTEXT(2) 
PARAMETRIC_REPRESENTATION_CONTEXT() REPRESENTATION_CONTEXT('2D SPACE',''
  ) );
#6751 = PCURVE('',#6411,#6752);
#6752 = DEFINITIONAL_REPRESENTATION('',(#6753),#6757);
#6753 = LINE('',#6754,#6755);
#6754 = CARTESIAN_POINT('',(0.,3.));
#6755 = VECTOR('',#6756,1.);
#6756 = DIRECTION('',(1.,0.));
#6757 = ( GEOMETRIC_REPRESENTATION_CONTEXT(2) 
PARAMETRIC_REPRESENTATION_CONTEXT() REPRESENTATION_CONTEXT('2D SPACE',''
  ) );
#6758 = ORIENTED_EDGE('',*,*,#6759,.F.);
#6759 = EDGE_CURVE('',#6688,#6737,#6760,.T.);
#6760 = SURFACE_CURVE('',#6761,(#6765,#6772),.PCURVE_S1.);
#6761 = LINE('',#6762,#6763);
#6762 = CARTESIAN_POINT('',(395.,60.,1.148E+03));
#6763 = VECTOR('',#6764,1.);
#6764 = DIRECTION('',(0.,0.,1.));
#6765 = PCURVE('',#6383,#6766);
#6766 = DEFINITIONAL_REPRESENTATION('',(#6767),#6771);
#6767 = LINE('',#6768,#6769);
#6768 = CARTESIAN_POINT('',(0.,20.));
#6769 = VECTOR('',#6770,1.);
#6770 = DIRECTION('',(1.,0.));
#6771 = ( GEOMETRIC_REPRESENTATION_CONTEXT(2) 
PARAMETRIC_REPRESENTATION_CONTEXT() REPRESENTATION_CONTEXT('2D SPACE',''
  ) );
#6772 = PCURVE('',#6541,#6773);
#6773 = DEFINITIONAL_REPRESENTATION('',(#6774),#6778);
#6774 = LINE('',#6775,#6776);
#6775 = CARTESIAN_POINT('',(-19.,-20.));
#6776 = VECTOR('',#6777,1.);
#6777 = DIRECTION('',(1.,0.));
#6778 = ( GEOMETRIC_REPRESENTATION_CONTEXT(2) 
PARAMETRIC_REPRESENTATION_CONTEXT() REPRESENTATION_CONTEXT('2D SPACE',''
  ) );
#6779 = FACE_BOUND('',#6780,.T.);
#6780 = EDGE_LOOP('',(#6781));
#6781 = ORIENTED_EDGE('',*,*,#6782,.F.);
#6782 = EDGE_CURVE('',#6783,#6783,#6785,.T.);
#6783 = VERTEX_POINT('',#6784);
#6784 = CARTESIAN_POINT('',(385.,60.,1.15975E+03));
#6785 = SURFACE_CURVE('',#6786,(#6791,#6798),.PCURVE_S1.);
#6786 = CIRCLE('',#6787,2.75);
#6787 = AXIS2_PLACEMENT_3D('',#6788,#6789,#6790);
#6788 = CARTESIAN_POINT('',(385.,60.,1.157E+03));
#6789 = DIRECTION('',(0.,1.,0.));
#6790 = DIRECTION('',(0.,-0.,1.));
#6791 = PCURVE('',#6383,#6792);
#6792 = DEFINITIONAL_REPRESENTATION('',(#6793),#6797);
#6793 = CIRCLE('',#6794,2.75);
#6794 = AXIS2_PLACEMENT_2D('',#6795,#6796);
#6795 = CARTESIAN_POINT('',(9.,10.));
#6796 = DIRECTION('',(1.,0.));
#6797 = ( GEOMETRIC_REPRESENTATION_CONTEXT(2) 
PARAMETRIC_REPRESENTATION_CONTEXT() REPRESENTATION_CONTEXT('2D SPACE',''
  ) );
#6798 = PCURVE('',#6670,#6799);
#6799 = DEFINITIONAL_REPRESENTATION('',(#6800),#6804);
#6800 = LINE('',#6801,#6802);
#6801 = CARTESIAN_POINT('',(0.,4.));
#6802 = VECTOR('',#6803,1.);
#6803 = DIRECTION('',(1.,0.));
#6804 = ( GEOMETRIC_REPRESENTATION_CONTEXT(2) 
PARAMETRIC_REPRESENTATION_CONTEXT() REPRESENTATION_CONTEXT('2D SPACE',''
  ) );
#6805 = ADVANCED_FACE('',(#6806),#6411,.T.);
#6806 = FACE_BOUND('',#6807,.T.);
#6807 = EDGE_LOOP('',(#6808,#6809,#6832,#6853));
#6808 = ORIENTED_EDGE('',*,*,#6395,.F.);
#6809 = ORIENTED_EDGE('',*,*,#6810,.T.);
#6810 = EDGE_CURVE('',#6396,#6811,#6813,.T.);
#6811 = VERTEX_POINT('',#6812);
#6812 = CARTESIAN_POINT('',(395.,57.,1.168E+03));
#6813 = SURFACE_CURVE('',#6814,(#6818,#6825),.PCURVE_S1.);
#6814 = LINE('',#6815,#6816);
#6815 = CARTESIAN_POINT('',(375.,57.,1.168E+03));
#6816 = VECTOR('',#6817,1.);
#6817 = DIRECTION('',(1.,0.,-0.));
#6818 = PCURVE('',#6411,#6819);
#6819 = DEFINITIONAL_REPRESENTATION('',(#6820),#6824);
#6820 = LINE('',#6821,#6822);
#6821 = CARTESIAN_POINT('',(0.,0.));
#6822 = VECTOR('',#6823,1.);
#6823 = DIRECTION('',(1.,0.));
#6824 = ( GEOMETRIC_REPRESENTATION_CONTEXT(2) 
PARAMETRIC_REPRESENTATION_CONTEXT() REPRESENTATION_CONTEXT('2D SPACE',''
  ) );
#6825 = PCURVE('',#6439,#6826);
#6826 = DEFINITIONAL_REPRESENTATION('',(#6827),#6831);
#6827 = LINE('',#6828,#6829);
#6828 = CARTESIAN_POINT('',(1.,0.));
#6829 = VECTOR('',#6830,1.);
#6830 = DIRECTION('',(0.,1.));
#6831 = ( GEOMETRIC_REPRESENTATION_CONTEXT(2) 
PARAMETRIC_REPRESENTATION_CONTEXT() REPRESENTATION_CONTEXT('2D SPACE',''
  ) );
#6832 = ORIENTED_EDGE('',*,*,#6833,.T.);
#6833 = EDGE_CURVE('',#6811,#6737,#6834,.T.);
#6834 = SURFACE_CURVE('',#6835,(#6839,#6846),.PCURVE_S1.);
#6835 = LINE('',#6836,#6837);
#6836 = CARTESIAN_POINT('',(395.,57.,1.168E+03));
#6837 = VECTOR('',#6838,1.);
#6838 = DIRECTION('',(-0.,1.,0.));
#6839 = PCURVE('',#6411,#6840);
#6840 = DEFINITIONAL_REPRESENTATION('',(#6841),#6845);
#6841 = LINE('',#6842,#6843);
#6842 = CARTESIAN_POINT('',(20.,0.));
#6843 = VECTOR('',#6844,1.);
#6844 = DIRECTION('',(0.,1.));
#6845 = ( GEOMETRIC_REPRESENTATION_CONTEXT(2) 
PARAMETRIC_REPRESENTATION_CONTEXT() REPRESENTATION_CONTEXT('2D SPACE',''
  ) );
#6846 = PCURVE('',#6541,#6847);
#6847 = DEFINITIONAL_REPRESENTATION('',(#6848),#6852);
#6848 = LINE('',#6849,#6850);
#6849 = CARTESIAN_POINT('',(1.,-17.));
#6850 = VECTOR('',#6851,1.);
#6851 = DIRECTION('',(0.,-1.));
#6852 = ( GEOMETRIC_REPRESENTATION_CONTEXT(2) 
PARAMETRIC_REPRESENTATION_CONTEXT() REPRESENTATION_CONTEXT('2D SPACE',''
  ) );
#6853 = ORIENTED_EDGE('',*,*,#6736,.F.);
#6854 = ADVANCED_FACE('',(#6855),#6439,.T.);
#6855 = FACE_BOUND('',#6856,.T.);
#6856 = EDGE_LOOP('',(#6857,#6880,#6881,#6882));
#6857 = ORIENTED_EDGE('',*,*,#6858,.F.);
#6858 = EDGE_CURVE('',#6811,#6859,#6861,.T.);
#6859 = VERTEX_POINT('',#6860);
#6860 = CARTESIAN_POINT('',(395.,57.,1.17E+03));
#6861 = SURFACE_CURVE('',#6862,(#6866,#6873),.PCURVE_S1.);
#6862 = LINE('',#6863,#6864);
#6863 = CARTESIAN_POINT('',(395.,57.,1.167E+03));
#6864 = VECTOR('',#6865,1.);
#6865 = DIRECTION('',(0.,0.,1.));
#6866 = PCURVE('',#6439,#6867);
#6867 = DEFINITIONAL_REPRESENTATION('',(#6868),#6872);
#6868 = LINE('',#6869,#6870);
#6869 = CARTESIAN_POINT('',(0.,20.));
#6870 = VECTOR('',#6871,1.);
#6871 = DIRECTION('',(1.,0.));
#6872 = ( GEOMETRIC_REPRESENTATION_CONTEXT(2) 
PARAMETRIC_REPRESENTATION_CONTEXT() REPRESENTATION_CONTEXT('2D SPACE',''
  ) );
#6873 = PCURVE('',#6541,#6874);
#6874 = DEFINITIONAL_REPRESENTATION('',(#6875),#6879);
#6875 = LINE('',#6876,#6877);
#6876 = CARTESIAN_POINT('',(0.,-17.));
#6877 = VECTOR('',#6878,1.);
#6878 = DIRECTION('',(1.,0.));
#6879 = ( GEOMETRIC_REPRESENTATION_CONTEXT(2) 
PARAMETRIC_REPRESENTATION_CONTEXT() REPRESENTATION_CONTEXT('2D SPACE',''
  ) );
#6880 = ORIENTED_EDGE('',*,*,#6810,.F.);
#6881 = ORIENTED_EDGE('',*,*,#6423,.T.);
#6882 = ORIENTED_EDGE('',*,*,#6883,.T.);
#6883 = EDGE_CURVE('',#6424,#6859,#6884,.T.);
#6884 = SURFACE_CURVE('',#6885,(#6889,#6896),.PCURVE_S1.);
#6885 = LINE('',#6886,#6887);
#6886 = CARTESIAN_POINT('',(375.,57.,1.17E+03));
#6887 = VECTOR('',#6888,1.);
#6888 = DIRECTION('',(1.,0.,-0.));
#6889 = PCURVE('',#6439,#6890);
#6890 = DEFINITIONAL_REPRESENTATION('',(#6891),#6895);
#6891 = LINE('',#6892,#6893);
#6892 = CARTESIAN_POINT('',(3.,0.));
#6893 = VECTOR('',#6894,1.);
#6894 = DIRECTION('',(0.,1.));
#6895 = ( GEOMETRIC_REPRESENTATION_CONTEXT(2) 
PARAMETRIC_REPRESENTATION_CONTEXT() REPRESENTATION_CONTEXT('2D SPACE',''
  ) );
#6896 = PCURVE('',#6465,#6897);
#6897 = DEFINITIONAL_REPRESENTATION('',(#6898),#6902);
#6898 = LINE('',#6899,#6900);
#6899 = CARTESIAN_POINT('',(0.,17.));
#6900 = VECTOR('',#6901,1.);
#6901 = DIRECTION('',(1.,0.));
#6902 = ( GEOMETRIC_REPRESENTATION_CONTEXT(2) 
PARAMETRIC_REPRESENTATION_CONTEXT() REPRESENTATION_CONTEXT('2D SPACE',''
  ) );
#6903 = ADVANCED_FACE('',(#6904),#6465,.T.);
#6904 = FACE_BOUND('',#6905,.T.);
#6905 = EDGE_LOOP('',(#6906,#6907,#6908,#6929));
#6906 = ORIENTED_EDGE('',*,*,#6451,.F.);
#6907 = ORIENTED_EDGE('',*,*,#6504,.T.);
#6908 = ORIENTED_EDGE('',*,*,#6909,.T.);
#6909 = EDGE_CURVE('',#6505,#6859,#6910,.T.);
#6910 = SURFACE_CURVE('',#6911,(#6915,#6922),.PCURVE_S1.);
#6911 = LINE('',#6912,#6913);
#6912 = CARTESIAN_POINT('',(395.,40.,1.17E+03));
#6913 = VECTOR('',#6914,1.);
#6914 = DIRECTION('',(-0.,1.,0.));
#6915 = PCURVE('',#6465,#6916);
#6916 = DEFINITIONAL_REPRESENTATION('',(#6917),#6921);
#6917 = LINE('',#6918,#6919);
#6918 = CARTESIAN_POINT('',(20.,0.));
#6919 = VECTOR('',#6920,1.);
#6920 = DIRECTION('',(0.,1.));
#6921 = ( GEOMETRIC_REPRESENTATION_CONTEXT(2) 
PARAMETRIC_REPRESENTATION_CONTEXT() REPRESENTATION_CONTEXT('2D SPACE',''
  ) );
#6922 = PCURVE('',#6541,#6923);
#6923 = DEFINITIONAL_REPRESENTATION('',(#6924),#6928);
#6924 = LINE('',#6925,#6926);
#6925 = CARTESIAN_POINT('',(3.,0.));
#6926 = VECTOR('',#6927,1.);
#6927 = DIRECTION('',(0.,-1.));
#6928 = ( GEOMETRIC_REPRESENTATION_CONTEXT(2) 
PARAMETRIC_REPRESENTATION_CONTEXT() REPRESENTATION_CONTEXT('2D SPACE',''
  ) );
#6929 = ORIENTED_EDGE('',*,*,#6883,.F.);
#6930 = ADVANCED_FACE('',(#6931),#6541,.T.);
#6931 = FACE_BOUND('',#6932,.T.);
#6932 = EDGE_LOOP('',(#6933,#6934,#6935,#6936,#6937,#6938,#6939,#6940));
#6933 = ORIENTED_EDGE('',*,*,#6527,.F.);
#6934 = ORIENTED_EDGE('',*,*,#6558,.T.);
#6935 = ORIENTED_EDGE('',*,*,#6605,.F.);
#6936 = ORIENTED_EDGE('',*,*,#6687,.T.);
#6937 = ORIENTED_EDGE('',*,*,#6759,.T.);
#6938 = ORIENTED_EDGE('',*,*,#6833,.F.);
#6939 = ORIENTED_EDGE('',*,*,#6858,.T.);
#6940 = ORIENTED_EDGE('',*,*,#6909,.F.);
#6941 = ADVANCED_FACE('',(#6942),#6670,.F.);
#6942 = FACE_BOUND('',#6943,.F.);
#6943 = EDGE_LOOP('',(#6944,#6945,#6966,#6967));
#6944 = ORIENTED_EDGE('',*,*,#6782,.F.);
#6945 = ORIENTED_EDGE('',*,*,#6946,.F.);
#6946 = EDGE_CURVE('',#6654,#6783,#6947,.T.);
#6947 = SEAM_CURVE('',#6948,(#6952,#6959),.PCURVE_S1.);
#6948 = LINE('',#6949,#6950);
#6949 = CARTESIAN_POINT('',(385.,56.,1.15975E+03));
#6950 = VECTOR('',#6951,1.);
#6951 = DIRECTION('',(0.,1.,0.));
#6952 = PCURVE('',#6670,#6953);
#6953 = DEFINITIONAL_REPRESENTATION('',(#6954),#6958);
#6954 = LINE('',#6955,#6956);
#6955 = CARTESIAN_POINT('',(6.28318530718,-0.));
#6956 = VECTOR('',#6957,1.);
#6957 = DIRECTION('',(0.,1.));
#6958 = ( GEOMETRIC_REPRESENTATION_CONTEXT(2) 
PARAMETRIC_REPRESENTATION_CONTEXT() REPRESENTATION_CONTEXT('2D SPACE',''
  ) );
#6959 = PCURVE('',#6670,#6960);
#6960 = DEFINITIONAL_REPRESENTATION('',(#6961),#6965);
#6961 = LINE('',#6962,#6963);
#6962 = CARTESIAN_POINT('',(0.,-0.));
#6963 = VECTOR('',#6964,1.);
#6964 = DIRECTION('',(0.,1.));
#6965 = ( GEOMETRIC_REPRESENTATION_CONTEXT(2) 
PARAMETRIC_REPRESENTATION_CONTEXT() REPRESENTATION_CONTEXT('2D SPACE',''
  ) );
#6966 = ORIENTED_EDGE('',*,*,#6653,.T.);
#6967 = ORIENTED_EDGE('',*,*,#6946,.T.);
#6968 = MANIFOLD_SOLID_BREP('',#6969);
#6969 = CLOSED_SHELL('',(#6970,#7202,#7278,#7327,#7376,#7425,#7505,#7554
    ,#7629,#7656,#7667));
#6970 = ADVANCED_FACE('',(#6971),#6985,.F.);
#6971 = FACE_BOUND('',#6972,.F.);
#6972 = EDGE_LOOP('',(#6973,#7008,#7036,#7064,#7092,#7120,#7148,#7176));
#6973 = ORIENTED_EDGE('',*,*,#6974,.F.);
#6974 = EDGE_CURVE('',#6975,#6977,#6979,.T.);
#6975 = VERTEX_POINT('',#6976);
#6976 = CARTESIAN_POINT('',(375.,40.,1.43E+03));
#6977 = VERTEX_POINT('',#6978);
#6978 = CARTESIAN_POINT('',(375.,40.,1.433E+03));
#6979 = SURFACE_CURVE('',#6980,(#6984,#6996),.PCURVE_S1.);
#6980 = LINE('',#6981,#6982);
#6981 = CARTESIAN_POINT('',(375.,40.,1.43E+03));
#6982 = VECTOR('',#6983,1.);
#6983 = DIRECTION('',(0.,0.,1.));
#6984 = PCURVE('',#6985,#6990);
#6985 = PLANE('',#6986);
#6986 = AXIS2_PLACEMENT_3D('',#6987,#6988,#6989);
#6987 = CARTESIAN_POINT('',(375.,40.,1.43E+03));
#6988 = DIRECTION('',(1.,0.,-0.));
#6989 = DIRECTION('',(0.,0.,1.));
#6990 = DEFINITIONAL_REPRESENTATION('',(#6991),#6995);
#6991 = LINE('',#6992,#6993);
#6992 = CARTESIAN_POINT('',(0.,0.));
#6993 = VECTOR('',#6994,1.);
#6994 = DIRECTION('',(1.,0.));
#6995 = ( GEOMETRIC_REPRESENTATION_CONTEXT(2) 
PARAMETRIC_REPRESENTATION_CONTEXT() REPRESENTATION_CONTEXT('2D SPACE',''
  ) );
#6996 = PCURVE('',#6997,#7002);
#6997 = PLANE('',#6998);
#6998 = AXIS2_PLACEMENT_3D('',#6999,#7000,#7001);
#6999 = CARTESIAN_POINT('',(375.,40.,1.43E+03));
#7000 = DIRECTION('',(-0.,1.,0.));
#7001 = DIRECTION('',(0.,0.,1.));
#7002 = DEFINITIONAL_REPRESENTATION('',(#7003),#7007);
#7003 = LINE('',#7004,#7005);
#7004 = CARTESIAN_POINT('',(0.,0.));
#7005 = VECTOR('',#7006,1.);
#7006 = DIRECTION('',(1.,0.));
#7007 = ( GEOMETRIC_REPRESENTATION_CONTEXT(2) 
PARAMETRIC_REPRESENTATION_CONTEXT() REPRESENTATION_CONTEXT('2D SPACE',''
  ) );
#7008 = ORIENTED_EDGE('',*,*,#7009,.T.);
#7009 = EDGE_CURVE('',#6975,#7010,#7012,.T.);
#7010 = VERTEX_POINT('',#7011);
#7011 = CARTESIAN_POINT('',(375.,57.,1.43E+03));
#7012 = SURFACE_CURVE('',#7013,(#7017,#7024),.PCURVE_S1.);
#7013 = LINE('',#7014,#7015);
#7014 = CARTESIAN_POINT('',(375.,40.,1.43E+03));
#7015 = VECTOR('',#7016,1.);
#7016 = DIRECTION('',(-0.,1.,0.));
#7017 = PCURVE('',#6985,#7018);
#7018 = DEFINITIONAL_REPRESENTATION('',(#7019),#7023);
#7019 = LINE('',#7020,#7021);
#7020 = CARTESIAN_POINT('',(0.,0.));
#7021 = VECTOR('',#7022,1.);
#7022 = DIRECTION('',(0.,-1.));
#7023 = ( GEOMETRIC_REPRESENTATION_CONTEXT(2) 
PARAMETRIC_REPRESENTATION_CONTEXT() REPRESENTATION_CONTEXT('2D SPACE',''
  ) );
#7024 = PCURVE('',#7025,#7030);
#7025 = PLANE('',#7026);
#7026 = AXIS2_PLACEMENT_3D('',#7027,#7028,#7029);
#7027 = CARTESIAN_POINT('',(375.,40.,1.43E+03));
#7028 = DIRECTION('',(0.,0.,1.));
#7029 = DIRECTION('',(1.,0.,-0.));
#7030 = DEFINITIONAL_REPRESENTATION('',(#7031),#7035);
#7031 = LINE('',#7032,#7033);
#7032 = CARTESIAN_POINT('',(0.,0.));
#7033 = VECTOR('',#7034,1.);
#7034 = DIRECTION('',(0.,1.));
#7035 = ( GEOMETRIC_REPRESENTATION_CONTEXT(2) 
PARAMETRIC_REPRESENTATION_CONTEXT() REPRESENTATION_CONTEXT('2D SPACE',''
  ) );
#7036 = ORIENTED_EDGE('',*,*,#7037,.T.);
#7037 = EDGE_CURVE('',#7010,#7038,#7040,.T.);
#7038 = VERTEX_POINT('',#7039);
#7039 = CARTESIAN_POINT('',(375.,57.,1.432E+03));
#7040 = SURFACE_CURVE('',#7041,(#7045,#7052),.PCURVE_S1.);
#7041 = LINE('',#7042,#7043);
#7042 = CARTESIAN_POINT('',(375.,57.,1.43E+03));
#7043 = VECTOR('',#7044,1.);
#7044 = DIRECTION('',(0.,0.,1.));
#7045 = PCURVE('',#6985,#7046);
#7046 = DEFINITIONAL_REPRESENTATION('',(#7047),#7051);
#7047 = LINE('',#7048,#7049);
#7048 = CARTESIAN_POINT('',(0.,-17.));
#7049 = VECTOR('',#7050,1.);
#7050 = DIRECTION('',(1.,0.));
#7051 = ( GEOMETRIC_REPRESENTATION_CONTEXT(2) 
PARAMETRIC_REPRESENTATION_CONTEXT() REPRESENTATION_CONTEXT('2D SPACE',''
  ) );
#7052 = PCURVE('',#7053,#7058);
#7053 = PLANE('',#7054);
#7054 = AXIS2_PLACEMENT_3D('',#7055,#7056,#7057);
#7055 = CARTESIAN_POINT('',(375.,57.,1.43E+03));
#7056 = DIRECTION('',(-0.,1.,0.));
#7057 = DIRECTION('',(0.,0.,1.));
#7058 = DEFINITIONAL_REPRESENTATION('',(#7059),#7063);
#7059 = LINE('',#7060,#7061);
#7060 = CARTESIAN_POINT('',(0.,0.));
#7061 = VECTOR('',#7062,1.);
#7062 = DIRECTION('',(1.,0.));
#7063 = ( GEOMETRIC_REPRESENTATION_CONTEXT(2) 
PARAMETRIC_REPRESENTATION_CONTEXT() REPRESENTATION_CONTEXT('2D SPACE',''
  ) );
#7064 = ORIENTED_EDGE('',*,*,#7065,.T.);
#7065 = EDGE_CURVE('',#7038,#7066,#7068,.T.);
#7066 = VERTEX_POINT('',#7067);
#7067 = CARTESIAN_POINT('',(375.,60.,1.432E+03));
#7068 = SURFACE_CURVE('',#7069,(#7073,#7080),.PCURVE_S1.);
#7069 = LINE('',#7070,#7071);
#7070 = CARTESIAN_POINT('',(375.,57.,1.432E+03));
#7071 = VECTOR('',#7072,1.);
#7072 = DIRECTION('',(-0.,1.,0.));
#7073 = PCURVE('',#6985,#7074);
#7074 = DEFINITIONAL_REPRESENTATION('',(#7075),#7079);
#7075 = LINE('',#7076,#7077);
#7076 = CARTESIAN_POINT('',(2.,-17.));
#7077 = VECTOR('',#7078,1.);
#7078 = DIRECTION('',(0.,-1.));
#7079 = ( GEOMETRIC_REPRESENTATION_CONTEXT(2) 
PARAMETRIC_REPRESENTATION_CONTEXT() REPRESENTATION_CONTEXT('2D SPACE',''
  ) );
#7080 = PCURVE('',#7081,#7086);
#7081 = PLANE('',#7082);
#7082 = AXIS2_PLACEMENT_3D('',#7083,#7084,#7085);
#7083 = CARTESIAN_POINT('',(375.,57.,1.432E+03));
#7084 = DIRECTION('',(0.,0.,1.));
#7085 = DIRECTION('',(1.,0.,-0.));
#7086 = DEFINITIONAL_REPRESENTATION('',(#7087),#7091);
#7087 = LINE('',#7088,#7089);
#7088 = CARTESIAN_POINT('',(0.,0.));
#7089 = VECTOR('',#7090,1.);
#7090 = DIRECTION('',(0.,1.));
#7091 = ( GEOMETRIC_REPRESENTATION_CONTEXT(2) 
PARAMETRIC_REPRESENTATION_CONTEXT() REPRESENTATION_CONTEXT('2D SPACE',''
  ) );
#7092 = ORIENTED_EDGE('',*,*,#7093,.T.);
#7093 = EDGE_CURVE('',#7066,#7094,#7096,.T.);
#7094 = VERTEX_POINT('',#7095);
#7095 = CARTESIAN_POINT('',(375.,60.,1.452E+03));
#7096 = SURFACE_CURVE('',#7097,(#7101,#7108),.PCURVE_S1.);
#7097 = LINE('',#7098,#7099);
#7098 = CARTESIAN_POINT('',(375.,60.,1.432E+03));
#7099 = VECTOR('',#7100,1.);
#7100 = DIRECTION('',(0.,0.,1.));
#7101 = PCURVE('',#6985,#7102);
#7102 = DEFINITIONAL_REPRESENTATION('',(#7103),#7107);
#7103 = LINE('',#7104,#7105);
#7104 = CARTESIAN_POINT('',(2.,-20.));
#7105 = VECTOR('',#7106,1.);
#7106 = DIRECTION('',(1.,0.));
#7107 = ( GEOMETRIC_REPRESENTATION_CONTEXT(2) 
PARAMETRIC_REPRESENTATION_CONTEXT() REPRESENTATION_CONTEXT('2D SPACE',''
  ) );
#7108 = PCURVE('',#7109,#7114);
#7109 = PLANE('',#7110);
#7110 = AXIS2_PLACEMENT_3D('',#7111,#7112,#7113);
#7111 = CARTESIAN_POINT('',(375.,60.,1.432E+03));
#7112 = DIRECTION('',(-0.,1.,0.));
#7113 = DIRECTION('',(0.,0.,1.));
#7114 = DEFINITIONAL_REPRESENTATION('',(#7115),#7119);
#7115 = LINE('',#7116,#7117);
#7116 = CARTESIAN_POINT('',(0.,0.));
#7117 = VECTOR('',#7118,1.);
#7118 = DIRECTION('',(1.,0.));
#7119 = ( GEOMETRIC_REPRESENTATION_CONTEXT(2) 
PARAMETRIC_REPRESENTATION_CONTEXT() REPRESENTATION_CONTEXT('2D SPACE',''
  ) );
#7120 = ORIENTED_EDGE('',*,*,#7121,.F.);
#7121 = EDGE_CURVE('',#7122,#7094,#7124,.T.);
#7122 = VERTEX_POINT('',#7123);
#7123 = CARTESIAN_POINT('',(375.,57.,1.452E+03));
#7124 = SURFACE_CURVE('',#7125,(#7129,#7136),.PCURVE_S1.);
#7125 = LINE('',#7126,#7127);
#7126 = CARTESIAN_POINT('',(375.,57.,1.452E+03));
#7127 = VECTOR('',#7128,1.);
#7128 = DIRECTION('',(-0.,1.,0.));
#7129 = PCURVE('',#6985,#7130);
#7130 = DEFINITIONAL_REPRESENTATION('',(#7131),#7135);
#7131 = LINE('',#7132,#7133);
#7132 = CARTESIAN_POINT('',(22.,-17.));
#7133 = VECTOR('',#7134,1.);
#7134 = DIRECTION('',(0.,-1.));
#7135 = ( GEOMETRIC_REPRESENTATION_CONTEXT(2) 
PARAMETRIC_REPRESENTATION_CONTEXT() REPRESENTATION_CONTEXT('2D SPACE',''
  ) );
#7136 = PCURVE('',#7137,#7142);
#7137 = PLANE('',#7138);
#7138 = AXIS2_PLACEMENT_3D('',#7139,#7140,#7141);
#7139 = CARTESIAN_POINT('',(375.,57.,1.452E+03));
#7140 = DIRECTION('',(0.,0.,1.));
#7141 = DIRECTION('',(1.,0.,-0.));
#7142 = DEFINITIONAL_REPRESENTATION('',(#7143),#7147);
#7143 = LINE('',#7144,#7145);
#7144 = CARTESIAN_POINT('',(0.,0.));
#7145 = VECTOR('',#7146,1.);
#7146 = DIRECTION('',(0.,1.));
#7147 = ( GEOMETRIC_REPRESENTATION_CONTEXT(2) 
PARAMETRIC_REPRESENTATION_CONTEXT() REPRESENTATION_CONTEXT('2D SPACE',''
  ) );
#7148 = ORIENTED_EDGE('',*,*,#7149,.F.);
#7149 = EDGE_CURVE('',#7150,#7122,#7152,.T.);
#7150 = VERTEX_POINT('',#7151);
#7151 = CARTESIAN_POINT('',(375.,57.,1.433E+03));
#7152 = SURFACE_CURVE('',#7153,(#7157,#7164),.PCURVE_S1.);
#7153 = LINE('',#7154,#7155);
#7154 = CARTESIAN_POINT('',(375.,57.,1.432E+03));
#7155 = VECTOR('',#7156,1.);
#7156 = DIRECTION('',(0.,0.,1.));
#7157 = PCURVE('',#6985,#7158);
#7158 = DEFINITIONAL_REPRESENTATION('',(#7159),#7163);
#7159 = LINE('',#7160,#7161);
#7160 = CARTESIAN_POINT('',(2.,-17.));
#7161 = VECTOR('',#7162,1.);
#7162 = DIRECTION('',(1.,0.));
#7163 = ( GEOMETRIC_REPRESENTATION_CONTEXT(2) 
PARAMETRIC_REPRESENTATION_CONTEXT() REPRESENTATION_CONTEXT('2D SPACE',''
  ) );
#7164 = PCURVE('',#7165,#7170);
#7165 = PLANE('',#7166);
#7166 = AXIS2_PLACEMENT_3D('',#7167,#7168,#7169);
#7167 = CARTESIAN_POINT('',(375.,57.,1.432E+03));
#7168 = DIRECTION('',(-0.,1.,0.));
#7169 = DIRECTION('',(0.,0.,1.));
#7170 = DEFINITIONAL_REPRESENTATION('',(#7171),#7175);
#7171 = LINE('',#7172,#7173);
#7172 = CARTESIAN_POINT('',(0.,0.));
#7173 = VECTOR('',#7174,1.);
#7174 = DIRECTION('',(1.,0.));
#7175 = ( GEOMETRIC_REPRESENTATION_CONTEXT(2) 
PARAMETRIC_REPRESENTATION_CONTEXT() REPRESENTATION_CONTEXT('2D SPACE',''
  ) );
#7176 = ORIENTED_EDGE('',*,*,#7177,.F.);
#7177 = EDGE_CURVE('',#6977,#7150,#7178,.T.);
#7178 = SURFACE_CURVE('',#7179,(#7183,#7190),.PCURVE_S1.);
#7179 = LINE('',#7180,#7181);
#7180 = CARTESIAN_POINT('',(375.,40.,1.433E+03));
#7181 = VECTOR('',#7182,1.);
#7182 = DIRECTION('',(-0.,1.,0.));
#7183 = PCURVE('',#6985,#7184);
#7184 = DEFINITIONAL_REPRESENTATION('',(#7185),#7189);
#7185 = LINE('',#7186,#7187);
#7186 = CARTESIAN_POINT('',(3.,0.));
#7187 = VECTOR('',#7188,1.);
#7188 = DIRECTION('',(0.,-1.));
#7189 = ( GEOMETRIC_REPRESENTATION_CONTEXT(2) 
PARAMETRIC_REPRESENTATION_CONTEXT() REPRESENTATION_CONTEXT('2D SPACE',''
  ) );
#7190 = PCURVE('',#7191,#7196);
#7191 = PLANE('',#7192);
#7192 = AXIS2_PLACEMENT_3D('',#7193,#7194,#7195);
#7193 = CARTESIAN_POINT('',(375.,40.,1.433E+03));
#7194 = DIRECTION('',(0.,0.,1.));
#7195 = DIRECTION('',(1.,0.,-0.));
#7196 = DEFINITIONAL_REPRESENTATION('',(#7197),#7201);
#7197 = LINE('',#7198,#7199);
#7198 = CARTESIAN_POINT('',(0.,0.));
#7199 = VECTOR('',#7200,1.);
#7200 = DIRECTION('',(0.,1.));
#7201 = ( GEOMETRIC_REPRESENTATION_CONTEXT(2) 
PARAMETRIC_REPRESENTATION_CONTEXT() REPRESENTATION_CONTEXT('2D SPACE',''
  ) );
#7202 = ADVANCED_FACE('',(#7203),#6997,.F.);
#7203 = FACE_BOUND('',#7204,.F.);
#7204 = EDGE_LOOP('',(#7205,#7228,#7229,#7252));
#7205 = ORIENTED_EDGE('',*,*,#7206,.F.);
#7206 = EDGE_CURVE('',#6975,#7207,#7209,.T.);
#7207 = VERTEX_POINT('',#7208);
#7208 = CARTESIAN_POINT('',(395.,40.,1.43E+03));
#7209 = SURFACE_CURVE('',#7210,(#7214,#7221),.PCURVE_S1.);
#7210 = LINE('',#7211,#7212);
#7211 = CARTESIAN_POINT('',(375.,40.,1.43E+03));
#7212 = VECTOR('',#7213,1.);
#7213 = DIRECTION('',(1.,0.,-0.));
#7214 = PCURVE('',#6997,#7215);
#7215 = DEFINITIONAL_REPRESENTATION('',(#7216),#7220);
#7216 = LINE('',#7217,#7218);
#7217 = CARTESIAN_POINT('',(0.,0.));
#7218 = VECTOR('',#7219,1.);
#7219 = DIRECTION('',(0.,1.));
#7220 = ( GEOMETRIC_REPRESENTATION_CONTEXT(2) 
PARAMETRIC_REPRESENTATION_CONTEXT() REPRESENTATION_CONTEXT('2D SPACE',''
  ) );
#7221 = PCURVE('',#7025,#7222);
#7222 = DEFINITIONAL_REPRESENTATION('',(#7223),#7227);
#7223 = LINE('',#7224,#7225);
#7224 = CARTESIAN_POINT('',(0.,0.));
#7225 = VECTOR('',#7226,1.);
#7226 = DIRECTION('',(1.,0.));
#7227 = ( GEOMETRIC_REPRESENTATION_CONTEXT(2) 
PARAMETRIC_REPRESENTATION_CONTEXT() REPRESENTATION_CONTEXT('2D SPACE',''
  ) );
#7228 = ORIENTED_EDGE('',*,*,#6974,.T.);
#7229 = ORIENTED_EDGE('',*,*,#7230,.T.);
#7230 = EDGE_CURVE('',#6977,#7231,#7233,.T.);
#7231 = VERTEX_POINT('',#7232);
#7232 = CARTESIAN_POINT('',(395.,40.,1.433E+03));
#7233 = SURFACE_CURVE('',#7234,(#7238,#7245),.PCURVE_S1.);
#7234 = LINE('',#7235,#7236);
#7235 = CARTESIAN_POINT('',(375.,40.,1.433E+03));
#7236 = VECTOR('',#7237,1.);
#7237 = DIRECTION('',(1.,0.,-0.));
#7238 = PCURVE('',#6997,#7239);
#7239 = DEFINITIONAL_REPRESENTATION('',(#7240),#7244);
#7240 = LINE('',#7241,#7242);
#7241 = CARTESIAN_POINT('',(3.,0.));
#7242 = VECTOR('',#7243,1.);
#7243 = DIRECTION('',(0.,1.));
#7244 = ( GEOMETRIC_REPRESENTATION_CONTEXT(2) 
PARAMETRIC_REPRESENTATION_CONTEXT() REPRESENTATION_CONTEXT('2D SPACE',''
  ) );
#7245 = PCURVE('',#7191,#7246);
#7246 = DEFINITIONAL_REPRESENTATION('',(#7247),#7251);
#7247 = LINE('',#7248,#7249);
#7248 = CARTESIAN_POINT('',(0.,0.));
#7249 = VECTOR('',#7250,1.);
#7250 = DIRECTION('',(1.,0.));
#7251 = ( GEOMETRIC_REPRESENTATION_CONTEXT(2) 
PARAMETRIC_REPRESENTATION_CONTEXT() REPRESENTATION_CONTEXT('2D SPACE',''
  ) );
#7252 = ORIENTED_EDGE('',*,*,#7253,.F.);
#7253 = EDGE_CURVE('',#7207,#7231,#7254,.T.);
#7254 = SURFACE_CURVE('',#7255,(#7259,#7266),.PCURVE_S1.);
#7255 = LINE('',#7256,#7257);
#7256 = CARTESIAN_POINT('',(395.,40.,1.43E+03));
#7257 = VECTOR('',#7258,1.);
#7258 = DIRECTION('',(0.,0.,1.));
#7259 = PCURVE('',#6997,#7260);
#7260 = DEFINITIONAL_REPRESENTATION('',(#7261),#7265);
#7261 = LINE('',#7262,#7263);
#7262 = CARTESIAN_POINT('',(0.,20.));
#7263 = VECTOR('',#7264,1.);
#7264 = DIRECTION('',(1.,0.));
#7265 = ( GEOMETRIC_REPRESENTATION_CONTEXT(2) 
PARAMETRIC_REPRESENTATION_CONTEXT() REPRESENTATION_CONTEXT('2D SPACE',''
  ) );
#7266 = PCURVE('',#7267,#7272);
#7267 = PLANE('',#7268);
#7268 = AXIS2_PLACEMENT_3D('',#7269,#7270,#7271);
#7269 = CARTESIAN_POINT('',(395.,40.,1.43E+03));
#7270 = DIRECTION('',(1.,0.,-0.));
#7271 = DIRECTION('',(0.,0.,1.));
#7272 = DEFINITIONAL_REPRESENTATION('',(#7273),#7277);
#7273 = LINE('',#7274,#7275);
#7274 = CARTESIAN_POINT('',(0.,0.));
#7275 = VECTOR('',#7276,1.);
#7276 = DIRECTION('',(1.,0.));
#7277 = ( GEOMETRIC_REPRESENTATION_CONTEXT(2) 
PARAMETRIC_REPRESENTATION_CONTEXT() REPRESENTATION_CONTEXT('2D SPACE',''
  ) );
#7278 = ADVANCED_FACE('',(#7279),#7025,.F.);
#7279 = FACE_BOUND('',#7280,.F.);
#7280 = EDGE_LOOP('',(#7281,#7282,#7283,#7306));
#7281 = ORIENTED_EDGE('',*,*,#7009,.F.);
#7282 = ORIENTED_EDGE('',*,*,#7206,.T.);
#7283 = ORIENTED_EDGE('',*,*,#7284,.T.);
#7284 = EDGE_CURVE('',#7207,#7285,#7287,.T.);
#7285 = VERTEX_POINT('',#7286);
#7286 = CARTESIAN_POINT('',(395.,57.,1.43E+03));
#7287 = SURFACE_CURVE('',#7288,(#7292,#7299),.PCURVE_S1.);
#7288 = LINE('',#7289,#7290);
#7289 = CARTESIAN_POINT('',(395.,40.,1.43E+03));
#7290 = VECTOR('',#7291,1.);
#7291 = DIRECTION('',(-0.,1.,0.));
#7292 = PCURVE('',#7025,#7293);
#7293 = DEFINITIONAL_REPRESENTATION('',(#7294),#7298);
#7294 = LINE('',#7295,#7296);
#7295 = CARTESIAN_POINT('',(20.,0.));
#7296 = VECTOR('',#7297,1.);
#7297 = DIRECTION('',(0.,1.));
#7298 = ( GEOMETRIC_REPRESENTATION_CONTEXT(2) 
PARAMETRIC_REPRESENTATION_CONTEXT() REPRESENTATION_CONTEXT('2D SPACE',''
  ) );
#7299 = PCURVE('',#7267,#7300);
#7300 = DEFINITIONAL_REPRESENTATION('',(#7301),#7305);
#7301 = LINE('',#7302,#7303);
#7302 = CARTESIAN_POINT('',(0.,0.));
#7303 = VECTOR('',#7304,1.);
#7304 = DIRECTION('',(0.,-1.));
#7305 = ( GEOMETRIC_REPRESENTATION_CONTEXT(2) 
PARAMETRIC_REPRESENTATION_CONTEXT() REPRESENTATION_CONTEXT('2D SPACE',''
  ) );
#7306 = ORIENTED_EDGE('',*,*,#7307,.F.);
#7307 = EDGE_CURVE('',#7010,#7285,#7308,.T.);
#7308 = SURFACE_CURVE('',#7309,(#7313,#7320),.PCURVE_S1.);
#7309 = LINE('',#7310,#7311);
#7310 = CARTESIAN_POINT('',(375.,57.,1.43E+03));
#7311 = VECTOR('',#7312,1.);
#7312 = DIRECTION('',(1.,0.,-0.));
#7313 = PCURVE('',#7025,#7314);
#7314 = DEFINITIONAL_REPRESENTATION('',(#7315),#7319);
#7315 = LINE('',#7316,#7317);
#7316 = CARTESIAN_POINT('',(0.,17.));
#7317 = VECTOR('',#7318,1.);
#7318 = DIRECTION('',(1.,0.));
#7319 = ( GEOMETRIC_REPRESENTATION_CONTEXT(2) 
PARAMETRIC_REPRESENTATION_CONTEXT() REPRESENTATION_CONTEXT('2D SPACE',''
  ) );
#7320 = PCURVE('',#7053,#7321);
#7321 = DEFINITIONAL_REPRESENTATION('',(#7322),#7326);
#7322 = LINE('',#7323,#7324);
#7323 = CARTESIAN_POINT('',(0.,0.));
#7324 = VECTOR('',#7325,1.);
#7325 = DIRECTION('',(0.,1.));
#7326 = ( GEOMETRIC_REPRESENTATION_CONTEXT(2) 
PARAMETRIC_REPRESENTATION_CONTEXT() REPRESENTATION_CONTEXT('2D SPACE',''
  ) );
#7327 = ADVANCED_FACE('',(#7328),#7053,.T.);
#7328 = FACE_BOUND('',#7329,.T.);
#7329 = EDGE_LOOP('',(#7330,#7353,#7354,#7355));
#7330 = ORIENTED_EDGE('',*,*,#7331,.F.);
#7331 = EDGE_CURVE('',#7285,#7332,#7334,.T.);
#7332 = VERTEX_POINT('',#7333);
#7333 = CARTESIAN_POINT('',(395.,57.,1.432E+03));
#7334 = SURFACE_CURVE('',#7335,(#7339,#7346),.PCURVE_S1.);
#7335 = LINE('',#7336,#7337);
#7336 = CARTESIAN_POINT('',(395.,57.,1.43E+03));
#7337 = VECTOR('',#7338,1.);
#7338 = DIRECTION('',(0.,0.,1.));
#7339 = PCURVE('',#7053,#7340);
#7340 = DEFINITIONAL_REPRESENTATION('',(#7341),#7345);
#7341 = LINE('',#7342,#7343);
#7342 = CARTESIAN_POINT('',(0.,20.));
#7343 = VECTOR('',#7344,1.);
#7344 = DIRECTION('',(1.,0.));
#7345 = ( GEOMETRIC_REPRESENTATION_CONTEXT(2) 
PARAMETRIC_REPRESENTATION_CONTEXT() REPRESENTATION_CONTEXT('2D SPACE',''
  ) );
#7346 = PCURVE('',#7267,#7347);
#7347 = DEFINITIONAL_REPRESENTATION('',(#7348),#7352);
#7348 = LINE('',#7349,#7350);
#7349 = CARTESIAN_POINT('',(0.,-17.));
#7350 = VECTOR('',#7351,1.);
#7351 = DIRECTION('',(1.,0.));
#7352 = ( GEOMETRIC_REPRESENTATION_CONTEXT(2) 
PARAMETRIC_REPRESENTATION_CONTEXT() REPRESENTATION_CONTEXT('2D SPACE',''
  ) );
#7353 = ORIENTED_EDGE('',*,*,#7307,.F.);
#7354 = ORIENTED_EDGE('',*,*,#7037,.T.);
#7355 = ORIENTED_EDGE('',*,*,#7356,.T.);
#7356 = EDGE_CURVE('',#7038,#7332,#7357,.T.);
#7357 = SURFACE_CURVE('',#7358,(#7362,#7369),.PCURVE_S1.);
#7358 = LINE('',#7359,#7360);
#7359 = CARTESIAN_POINT('',(375.,57.,1.432E+03));
#7360 = VECTOR('',#7361,1.);
#7361 = DIRECTION('',(1.,0.,-0.));
#7362 = PCURVE('',#7053,#7363);
#7363 = DEFINITIONAL_REPRESENTATION('',(#7364),#7368);
#7364 = LINE('',#7365,#7366);
#7365 = CARTESIAN_POINT('',(2.,0.));
#7366 = VECTOR('',#7367,1.);
#7367 = DIRECTION('',(0.,1.));
#7368 = ( GEOMETRIC_REPRESENTATION_CONTEXT(2) 
PARAMETRIC_REPRESENTATION_CONTEXT() REPRESENTATION_CONTEXT('2D SPACE',''
  ) );
#7369 = PCURVE('',#7081,#7370);
#7370 = DEFINITIONAL_REPRESENTATION('',(#7371),#7375);
#7371 = LINE('',#7372,#7373);
#7372 = CARTESIAN_POINT('',(0.,0.));
#7373 = VECTOR('',#7374,1.);
#7374 = DIRECTION('',(1.,0.));
#7375 = ( GEOMETRIC_REPRESENTATION_CONTEXT(2) 
PARAMETRIC_REPRESENTATION_CONTEXT() REPRESENTATION_CONTEXT('2D SPACE',''
  ) );
#7376 = ADVANCED_FACE('',(#7377),#7081,.F.);
#7377 = FACE_BOUND('',#7378,.F.);
#7378 = EDGE_LOOP('',(#7379,#7380,#7381,#7404));
#7379 = ORIENTED_EDGE('',*,*,#7065,.F.);
#7380 = ORIENTED_EDGE('',*,*,#7356,.T.);
#7381 = ORIENTED_EDGE('',*,*,#7382,.T.);
#7382 = EDGE_CURVE('',#7332,#7383,#7385,.T.);
#7383 = VERTEX_POINT('',#7384);
#7384 = CARTESIAN_POINT('',(395.,60.,1.432E+03));
#7385 = SURFACE_CURVE('',#7386,(#7390,#7397),.PCURVE_S1.);
#7386 = LINE('',#7387,#7388);
#7387 = CARTESIAN_POINT('',(395.,57.,1.432E+03));
#7388 = VECTOR('',#7389,1.);
#7389 = DIRECTION('',(-0.,1.,0.));
#7390 = PCURVE('',#7081,#7391);
#7391 = DEFINITIONAL_REPRESENTATION('',(#7392),#7396);
#7392 = LINE('',#7393,#7394);
#7393 = CARTESIAN_POINT('',(20.,0.));
#7394 = VECTOR('',#7395,1.);
#7395 = DIRECTION('',(0.,1.));
#7396 = ( GEOMETRIC_REPRESENTATION_CONTEXT(2) 
PARAMETRIC_REPRESENTATION_CONTEXT() REPRESENTATION_CONTEXT('2D SPACE',''
  ) );
#7397 = PCURVE('',#7267,#7398);
#7398 = DEFINITIONAL_REPRESENTATION('',(#7399),#7403);
#7399 = LINE('',#7400,#7401);
#7400 = CARTESIAN_POINT('',(2.,-17.));
#7401 = VECTOR('',#7402,1.);
#7402 = DIRECTION('',(0.,-1.));
#7403 = ( GEOMETRIC_REPRESENTATION_CONTEXT(2) 
PARAMETRIC_REPRESENTATION_CONTEXT() REPRESENTATION_CONTEXT('2D SPACE',''
  ) );
#7404 = ORIENTED_EDGE('',*,*,#7405,.F.);
#7405 = EDGE_CURVE('',#7066,#7383,#7406,.T.);
#7406 = SURFACE_CURVE('',#7407,(#7411,#7418),.PCURVE_S1.);
#7407 = LINE('',#7408,#7409);
#7408 = CARTESIAN_POINT('',(375.,60.,1.432E+03));
#7409 = VECTOR('',#7410,1.);
#7410 = DIRECTION('',(1.,0.,-0.));
#7411 = PCURVE('',#7081,#7412);
#7412 = DEFINITIONAL_REPRESENTATION('',(#7413),#7417);
#7413 = LINE('',#7414,#7415);
#7414 = CARTESIAN_POINT('',(0.,3.));
#7415 = VECTOR('',#7416,1.);
#7416 = DIRECTION('',(1.,0.));
#7417 = ( GEOMETRIC_REPRESENTATION_CONTEXT(2) 
PARAMETRIC_REPRESENTATION_CONTEXT() REPRESENTATION_CONTEXT('2D SPACE',''
  ) );
#7418 = PCURVE('',#7109,#7419);
#7419 = DEFINITIONAL_REPRESENTATION('',(#7420),#7424);
#7420 = LINE('',#7421,#7422);
#7421 = CARTESIAN_POINT('',(0.,0.));
#7422 = VECTOR('',#7423,1.);
#7423 = DIRECTION('',(0.,1.));
#7424 = ( GEOMETRIC_REPRESENTATION_CONTEXT(2) 
PARAMETRIC_REPRESENTATION_CONTEXT() REPRESENTATION_CONTEXT('2D SPACE',''
  ) );
#7425 = ADVANCED_FACE('',(#7426,#7474),#7109,.T.);
#7426 = FACE_BOUND('',#7427,.T.);
#7427 = EDGE_LOOP('',(#7428,#7429,#7430,#7453));
#7428 = ORIENTED_EDGE('',*,*,#7405,.F.);
#7429 = ORIENTED_EDGE('',*,*,#7093,.T.);
#7430 = ORIENTED_EDGE('',*,*,#7431,.T.);
#7431 = EDGE_CURVE('',#7094,#7432,#7434,.T.);
#7432 = VERTEX_POINT('',#7433);
#7433 = CARTESIAN_POINT('',(395.,60.,1.452E+03));
#7434 = SURFACE_CURVE('',#7435,(#7439,#7446),.PCURVE_S1.);
#7435 = LINE('',#7436,#7437);
#7436 = CARTESIAN_POINT('',(375.,60.,1.452E+03));
#7437 = VECTOR('',#7438,1.);
#7438 = DIRECTION('',(1.,0.,-0.));
#7439 = PCURVE('',#7109,#7440);
#7440 = DEFINITIONAL_REPRESENTATION('',(#7441),#7445);
#7441 = LINE('',#7442,#7443);
#7442 = CARTESIAN_POINT('',(20.,0.));
#7443 = VECTOR('',#7444,1.);
#7444 = DIRECTION('',(0.,1.));
#7445 = ( GEOMETRIC_REPRESENTATION_CONTEXT(2) 
PARAMETRIC_REPRESENTATION_CONTEXT() REPRESENTATION_CONTEXT('2D SPACE',''
  ) );
#7446 = PCURVE('',#7137,#7447);
#7447 = DEFINITIONAL_REPRESENTATION('',(#7448),#7452);
#7448 = LINE('',#7449,#7450);
#7449 = CARTESIAN_POINT('',(0.,3.));
#7450 = VECTOR('',#7451,1.);
#7451 = DIRECTION('',(1.,0.));
#7452 = ( GEOMETRIC_REPRESENTATION_CONTEXT(2) 
PARAMETRIC_REPRESENTATION_CONTEXT() REPRESENTATION_CONTEXT('2D SPACE',''
  ) );
#7453 = ORIENTED_EDGE('',*,*,#7454,.F.);
#7454 = EDGE_CURVE('',#7383,#7432,#7455,.T.);
#7455 = SURFACE_CURVE('',#7456,(#7460,#7467),.PCURVE_S1.);
#7456 = LINE('',#7457,#7458);
#7457 = CARTESIAN_POINT('',(395.,60.,1.432E+03));
#7458 = VECTOR('',#7459,1.);
#7459 = DIRECTION('',(0.,0.,1.));
#7460 = PCURVE('',#7109,#7461);
#7461 = DEFINITIONAL_REPRESENTATION('',(#7462),#7466);
#7462 = LINE('',#7463,#7464);
#7463 = CARTESIAN_POINT('',(0.,20.));
#7464 = VECTOR('',#7465,1.);
#7465 = DIRECTION('',(1.,0.));
#7466 = ( GEOMETRIC_REPRESENTATION_CONTEXT(2) 
PARAMETRIC_REPRESENTATION_CONTEXT() REPRESENTATION_CONTEXT('2D SPACE',''
  ) );
#7467 = PCURVE('',#7267,#7468);
#7468 = DEFINITIONAL_REPRESENTATION('',(#7469),#7473);
#7469 = LINE('',#7470,#7471);
#7470 = CARTESIAN_POINT('',(2.,-20.));
#7471 = VECTOR('',#7472,1.);
#7472 = DIRECTION('',(1.,0.));
#7473 = ( GEOMETRIC_REPRESENTATION_CONTEXT(2) 
PARAMETRIC_REPRESENTATION_CONTEXT() REPRESENTATION_CONTEXT('2D SPACE',''
  ) );
#7474 = FACE_BOUND('',#7475,.T.);
#7475 = EDGE_LOOP('',(#7476));
#7476 = ORIENTED_EDGE('',*,*,#7477,.F.);
#7477 = EDGE_CURVE('',#7478,#7478,#7480,.T.);
#7478 = VERTEX_POINT('',#7479);
#7479 = CARTESIAN_POINT('',(385.,60.,1.44575E+03));
#7480 = SURFACE_CURVE('',#7481,(#7486,#7493),.PCURVE_S1.);
#7481 = CIRCLE('',#7482,2.75);
#7482 = AXIS2_PLACEMENT_3D('',#7483,#7484,#7485);
#7483 = CARTESIAN_POINT('',(385.,60.,1.443E+03));
#7484 = DIRECTION('',(0.,1.,0.));
#7485 = DIRECTION('',(0.,-0.,1.));
#7486 = PCURVE('',#7109,#7487);
#7487 = DEFINITIONAL_REPRESENTATION('',(#7488),#7492);
#7488 = CIRCLE('',#7489,2.75);
#7489 = AXIS2_PLACEMENT_2D('',#7490,#7491);
#7490 = CARTESIAN_POINT('',(11.,10.));
#7491 = DIRECTION('',(1.,0.));
#7492 = ( GEOMETRIC_REPRESENTATION_CONTEXT(2) 
PARAMETRIC_REPRESENTATION_CONTEXT() REPRESENTATION_CONTEXT('2D SPACE',''
  ) );
#7493 = PCURVE('',#7494,#7499);
#7494 = CYLINDRICAL_SURFACE('',#7495,2.75);
#7495 = AXIS2_PLACEMENT_3D('',#7496,#7497,#7498);
#7496 = CARTESIAN_POINT('',(385.,56.,1.443E+03));
#7497 = DIRECTION('',(0.,1.,0.));
#7498 = DIRECTION('',(0.,-0.,1.));
#7499 = DEFINITIONAL_REPRESENTATION('',(#7500),#7504);
#7500 = LINE('',#7501,#7502);
#7501 = CARTESIAN_POINT('',(0.,4.));
#7502 = VECTOR('',#7503,1.);
#7503 = DIRECTION('',(1.,0.));
#7504 = ( GEOMETRIC_REPRESENTATION_CONTEXT(2) 
PARAMETRIC_REPRESENTATION_CONTEXT() REPRESENTATION_CONTEXT('2D SPACE',''
  ) );
#7505 = ADVANCED_FACE('',(#7506),#7137,.T.);
#7506 = FACE_BOUND('',#7507,.T.);
#7507 = EDGE_LOOP('',(#7508,#7509,#7532,#7553));
#7508 = ORIENTED_EDGE('',*,*,#7121,.F.);
#7509 = ORIENTED_EDGE('',*,*,#7510,.T.);
#7510 = EDGE_CURVE('',#7122,#7511,#7513,.T.);
#7511 = VERTEX_POINT('',#7512);
#7512 = CARTESIAN_POINT('',(395.,57.,1.452E+03));
#7513 = SURFACE_CURVE('',#7514,(#7518,#7525),.PCURVE_S1.);
#7514 = LINE('',#7515,#7516);
#7515 = CARTESIAN_POINT('',(375.,57.,1.452E+03));
#7516 = VECTOR('',#7517,1.);
#7517 = DIRECTION('',(1.,0.,-0.));
#7518 = PCURVE('',#7137,#7519);
#7519 = DEFINITIONAL_REPRESENTATION('',(#7520),#7524);
#7520 = LINE('',#7521,#7522);
#7521 = CARTESIAN_POINT('',(0.,0.));
#7522 = VECTOR('',#7523,1.);
#7523 = DIRECTION('',(1.,0.));
#7524 = ( GEOMETRIC_REPRESENTATION_CONTEXT(2) 
PARAMETRIC_REPRESENTATION_CONTEXT() REPRESENTATION_CONTEXT('2D SPACE',''
  ) );
#7525 = PCURVE('',#7165,#7526);
#7526 = DEFINITIONAL_REPRESENTATION('',(#7527),#7531);
#7527 = LINE('',#7528,#7529);
#7528 = CARTESIAN_POINT('',(20.,0.));
#7529 = VECTOR('',#7530,1.);
#7530 = DIRECTION('',(0.,1.));
#7531 = ( GEOMETRIC_REPRESENTATION_CONTEXT(2) 
PARAMETRIC_REPRESENTATION_CONTEXT() REPRESENTATION_CONTEXT('2D SPACE',''
  ) );
#7532 = ORIENTED_EDGE('',*,*,#7533,.T.);
#7533 = EDGE_CURVE('',#7511,#7432,#7534,.T.);
#7534 = SURFACE_CURVE('',#7535,(#7539,#7546),.PCURVE_S1.);
#7535 = LINE('',#7536,#7537);
#7536 = CARTESIAN_POINT('',(395.,57.,1.452E+03));
#7537 = VECTOR('',#7538,1.);
#7538 = DIRECTION('',(-0.,1.,0.));
#7539 = PCURVE('',#7137,#7540);
#7540 = DEFINITIONAL_REPRESENTATION('',(#7541),#7545);
#7541 = LINE('',#7542,#7543);
#7542 = CARTESIAN_POINT('',(20.,0.));
#7543 = VECTOR('',#7544,1.);
#7544 = DIRECTION('',(0.,1.));
#7545 = ( GEOMETRIC_REPRESENTATION_CONTEXT(2) 
PARAMETRIC_REPRESENTATION_CONTEXT() REPRESENTATION_CONTEXT('2D SPACE',''
  ) );
#7546 = PCURVE('',#7267,#7547);
#7547 = DEFINITIONAL_REPRESENTATION('',(#7548),#7552);
#7548 = LINE('',#7549,#7550);
#7549 = CARTESIAN_POINT('',(22.,-17.));
#7550 = VECTOR('',#7551,1.);
#7551 = DIRECTION('',(0.,-1.));
#7552 = ( GEOMETRIC_REPRESENTATION_CONTEXT(2) 
PARAMETRIC_REPRESENTATION_CONTEXT() REPRESENTATION_CONTEXT('2D SPACE',''
  ) );
#7553 = ORIENTED_EDGE('',*,*,#7431,.F.);
#7554 = ADVANCED_FACE('',(#7555,#7603),#7165,.F.);
#7555 = FACE_BOUND('',#7556,.F.);
#7556 = EDGE_LOOP('',(#7557,#7580,#7601,#7602));
#7557 = ORIENTED_EDGE('',*,*,#7558,.F.);
#7558 = EDGE_CURVE('',#7559,#7511,#7561,.T.);
#7559 = VERTEX_POINT('',#7560);
#7560 = CARTESIAN_POINT('',(395.,57.,1.433E+03));
#7561 = SURFACE_CURVE('',#7562,(#7566,#7573),.PCURVE_S1.);
#7562 = LINE('',#7563,#7564);
#7563 = CARTESIAN_POINT('',(395.,57.,1.432E+03));
#7564 = VECTOR('',#7565,1.);
#7565 = DIRECTION('',(0.,0.,1.));
#7566 = PCURVE('',#7165,#7567);
#7567 = DEFINITIONAL_REPRESENTATION('',(#7568),#7572);
#7568 = LINE('',#7569,#7570);
#7569 = CARTESIAN_POINT('',(0.,20.));
#7570 = VECTOR('',#7571,1.);
#7571 = DIRECTION('',(1.,0.));
#7572 = ( GEOMETRIC_REPRESENTATION_CONTEXT(2) 
PARAMETRIC_REPRESENTATION_CONTEXT() REPRESENTATION_CONTEXT('2D SPACE',''
  ) );
#7573 = PCURVE('',#7267,#7574);
#7574 = DEFINITIONAL_REPRESENTATION('',(#7575),#7579);
#7575 = LINE('',#7576,#7577);
#7576 = CARTESIAN_POINT('',(2.,-17.));
#7577 = VECTOR('',#7578,1.);
#7578 = DIRECTION('',(1.,0.));
#7579 = ( GEOMETRIC_REPRESENTATION_CONTEXT(2) 
PARAMETRIC_REPRESENTATION_CONTEXT() REPRESENTATION_CONTEXT('2D SPACE',''
  ) );
#7580 = ORIENTED_EDGE('',*,*,#7581,.F.);
#7581 = EDGE_CURVE('',#7150,#7559,#7582,.T.);
#7582 = SURFACE_CURVE('',#7583,(#7587,#7594),.PCURVE_S1.);
#7583 = LINE('',#7584,#7585);
#7584 = CARTESIAN_POINT('',(375.,57.,1.433E+03));
#7585 = VECTOR('',#7586,1.);
#7586 = DIRECTION('',(1.,0.,-0.));
#7587 = PCURVE('',#7165,#7588);
#7588 = DEFINITIONAL_REPRESENTATION('',(#7589),#7593);
#7589 = LINE('',#7590,#7591);
#7590 = CARTESIAN_POINT('',(1.,0.));
#7591 = VECTOR('',#7592,1.);
#7592 = DIRECTION('',(0.,1.));
#7593 = ( GEOMETRIC_REPRESENTATION_CONTEXT(2) 
PARAMETRIC_REPRESENTATION_CONTEXT() REPRESENTATION_CONTEXT('2D SPACE',''
  ) );
#7594 = PCURVE('',#7191,#7595);
#7595 = DEFINITIONAL_REPRESENTATION('',(#7596),#7600);
#7596 = LINE('',#7597,#7598);
#7597 = CARTESIAN_POINT('',(0.,17.));
#7598 = VECTOR('',#7599,1.);
#7599 = DIRECTION('',(1.,0.));
#7600 = ( GEOMETRIC_REPRESENTATION_CONTEXT(2) 
PARAMETRIC_REPRESENTATION_CONTEXT() REPRESENTATION_CONTEXT('2D SPACE',''
  ) );
#7601 = ORIENTED_EDGE('',*,*,#7149,.T.);
#7602 = ORIENTED_EDGE('',*,*,#7510,.T.);
#7603 = FACE_BOUND('',#7604,.F.);
#7604 = EDGE_LOOP('',(#7605));
#7605 = ORIENTED_EDGE('',*,*,#7606,.F.);
#7606 = EDGE_CURVE('',#7607,#7607,#7609,.T.);
#7607 = VERTEX_POINT('',#7608);
#7608 = CARTESIAN_POINT('',(385.,57.,1.44575E+03));
#7609 = SURFACE_CURVE('',#7610,(#7615,#7622),.PCURVE_S1.);
#7610 = CIRCLE('',#7611,2.75);
#7611 = AXIS2_PLACEMENT_3D('',#7612,#7613,#7614);
#7612 = CARTESIAN_POINT('',(385.,57.,1.443E+03));
#7613 = DIRECTION('',(0.,1.,0.));
#7614 = DIRECTION('',(0.,-0.,1.));
#7615 = PCURVE('',#7165,#7616);
#7616 = DEFINITIONAL_REPRESENTATION('',(#7617),#7621);
#7617 = CIRCLE('',#7618,2.75);
#7618 = AXIS2_PLACEMENT_2D('',#7619,#7620);
#7619 = CARTESIAN_POINT('',(11.,10.));
#7620 = DIRECTION('',(1.,0.));
#7621 = ( GEOMETRIC_REPRESENTATION_CONTEXT(2) 
PARAMETRIC_REPRESENTATION_CONTEXT() REPRESENTATION_CONTEXT('2D SPACE',''
  ) );
#7622 = PCURVE('',#7494,#7623);
#7623 = DEFINITIONAL_REPRESENTATION('',(#7624),#7628);
#7624 = LINE('',#7625,#7626);
#7625 = CARTESIAN_POINT('',(0.,1.));
#7626 = VECTOR('',#7627,1.);
#7627 = DIRECTION('',(1.,0.));
#7628 = ( GEOMETRIC_REPRESENTATION_CONTEXT(2) 
PARAMETRIC_REPRESENTATION_CONTEXT() REPRESENTATION_CONTEXT('2D SPACE',''
  ) );
#7629 = ADVANCED_FACE('',(#7630),#7191,.T.);
#7630 = FACE_BOUND('',#7631,.T.);
#7631 = EDGE_LOOP('',(#7632,#7633,#7634,#7655));
#7632 = ORIENTED_EDGE('',*,*,#7177,.F.);
#7633 = ORIENTED_EDGE('',*,*,#7230,.T.);
#7634 = ORIENTED_EDGE('',*,*,#7635,.T.);
#7635 = EDGE_CURVE('',#7231,#7559,#7636,.T.);
#7636 = SURFACE_CURVE('',#7637,(#7641,#7648),.PCURVE_S1.);
#7637 = LINE('',#7638,#7639);
#7638 = CARTESIAN_POINT('',(395.,40.,1.433E+03));
#7639 = VECTOR('',#7640,1.);
#7640 = DIRECTION('',(-0.,1.,0.));
#7641 = PCURVE('',#7191,#7642);
#7642 = DEFINITIONAL_REPRESENTATION('',(#7643),#7647);
#7643 = LINE('',#7644,#7645);
#7644 = CARTESIAN_POINT('',(20.,0.));
#7645 = VECTOR('',#7646,1.);
#7646 = DIRECTION('',(0.,1.));
#7647 = ( GEOMETRIC_REPRESENTATION_CONTEXT(2) 
PARAMETRIC_REPRESENTATION_CONTEXT() REPRESENTATION_CONTEXT('2D SPACE',''
  ) );
#7648 = PCURVE('',#7267,#7649);
#7649 = DEFINITIONAL_REPRESENTATION('',(#7650),#7654);
#7650 = LINE('',#7651,#7652);
#7651 = CARTESIAN_POINT('',(3.,0.));
#7652 = VECTOR('',#7653,1.);
#7653 = DIRECTION('',(0.,-1.));
#7654 = ( GEOMETRIC_REPRESENTATION_CONTEXT(2) 
PARAMETRIC_REPRESENTATION_CONTEXT() REPRESENTATION_CONTEXT('2D SPACE',''
  ) );
#7655 = ORIENTED_EDGE('',*,*,#7581,.F.);
#7656 = ADVANCED_FACE('',(#7657),#7267,.T.);
#7657 = FACE_BOUND('',#7658,.T.);
#7658 = EDGE_LOOP('',(#7659,#7660,#7661,#7662,#7663,#7664,#7665,#7666));
#7659 = ORIENTED_EDGE('',*,*,#7253,.F.);
#7660 = ORIENTED_EDGE('',*,*,#7284,.T.);
#7661 = ORIENTED_EDGE('',*,*,#7331,.T.);
#7662 = ORIENTED_EDGE('',*,*,#7382,.T.);
#7663 = ORIENTED_EDGE('',*,*,#7454,.T.);
#7664 = ORIENTED_EDGE('',*,*,#7533,.F.);
#7665 = ORIENTED_EDGE('',*,*,#7558,.F.);
#7666 = ORIENTED_EDGE('',*,*,#7635,.F.);
#7667 = ADVANCED_FACE('',(#7668),#7494,.F.);
#7668 = FACE_BOUND('',#7669,.F.);
#7669 = EDGE_LOOP('',(#7670,#7671,#7692,#7693));
#7670 = ORIENTED_EDGE('',*,*,#7477,.F.);
#7671 = ORIENTED_EDGE('',*,*,#7672,.F.);
#7672 = EDGE_CURVE('',#7607,#7478,#7673,.T.);
#7673 = SEAM_CURVE('',#7674,(#7678,#7685),.PCURVE_S1.);
#7674 = LINE('',#7675,#7676);
#7675 = CARTESIAN_POINT('',(385.,56.,1.44575E+03));
#7676 = VECTOR('',#7677,1.);
#7677 = DIRECTION('',(0.,1.,0.));
#7678 = PCURVE('',#7494,#7679);
#7679 = DEFINITIONAL_REPRESENTATION('',(#7680),#7684);
#7680 = LINE('',#7681,#7682);
#7681 = CARTESIAN_POINT('',(6.28318530718,-0.));
#7682 = VECTOR('',#7683,1.);
#7683 = DIRECTION('',(0.,1.));
#7684 = ( GEOMETRIC_REPRESENTATION_CONTEXT(2) 
PARAMETRIC_REPRESENTATION_CONTEXT() REPRESENTATION_CONTEXT('2D SPACE',''
  ) );
#7685 = PCURVE('',#7494,#7686);
#7686 = DEFINITIONAL_REPRESENTATION('',(#7687),#7691);
#7687 = LINE('',#7688,#7689);
#7688 = CARTESIAN_POINT('',(0.,-0.));
#7689 = VECTOR('',#7690,1.);
#7690 = DIRECTION('',(0.,1.));
#7691 = ( GEOMETRIC_REPRESENTATION_CONTEXT(2) 
PARAMETRIC_REPRESENTATION_CONTEXT() REPRESENTATION_CONTEXT('2D SPACE',''
  ) );
#7692 = ORIENTED_EDGE('',*,*,#7606,.T.);
#7693 = ORIENTED_EDGE('',*,*,#7672,.T.);
#7694 = MANIFOLD_SOLID_BREP('',#7695);
#7695 = CLOSED_SHELL('',(#7696,#7928,#8004,#8053,#8133,#8182,#8257,#8306
    ,#8355,#8382,#8393));
#7696 = ADVANCED_FACE('',(#7697),#7711,.F.);
#7697 = FACE_BOUND('',#7698,.F.);
#7698 = EDGE_LOOP('',(#7699,#7734,#7762,#7790,#7818,#7846,#7874,#7902));
#7699 = ORIENTED_EDGE('',*,*,#7700,.F.);
#7700 = EDGE_CURVE('',#7701,#7703,#7705,.T.);
#7701 = VERTEX_POINT('',#7702);
#7702 = CARTESIAN_POINT('',(545.,40.,1.167E+03));
#7703 = VERTEX_POINT('',#7704);
#7704 = CARTESIAN_POINT('',(545.,40.,1.17E+03));
#7705 = SURFACE_CURVE('',#7706,(#7710,#7722),.PCURVE_S1.);
#7706 = LINE('',#7707,#7708);
#7707 = CARTESIAN_POINT('',(545.,40.,1.167E+03));
#7708 = VECTOR('',#7709,1.);
#7709 = DIRECTION('',(0.,0.,1.));
#7710 = PCURVE('',#7711,#7716);
#7711 = PLANE('',#7712);
#7712 = AXIS2_PLACEMENT_3D('',#7713,#7714,#7715);
#7713 = CARTESIAN_POINT('',(545.,40.,1.167E+03));
#7714 = DIRECTION('',(1.,0.,-0.));
#7715 = DIRECTION('',(0.,0.,1.));
#7716 = DEFINITIONAL_REPRESENTATION('',(#7717),#7721);
#7717 = LINE('',#7718,#7719);
#7718 = CARTESIAN_POINT('',(0.,0.));
#7719 = VECTOR('',#7720,1.);
#7720 = DIRECTION('',(1.,0.));
#7721 = ( GEOMETRIC_REPRESENTATION_CONTEXT(2) 
PARAMETRIC_REPRESENTATION_CONTEXT() REPRESENTATION_CONTEXT('2D SPACE',''
  ) );
#7722 = PCURVE('',#7723,#7728);
#7723 = PLANE('',#7724);
#7724 = AXIS2_PLACEMENT_3D('',#7725,#7726,#7727);
#7725 = CARTESIAN_POINT('',(545.,40.,1.167E+03));
#7726 = DIRECTION('',(-0.,1.,0.));
#7727 = DIRECTION('',(0.,0.,1.));
#7728 = DEFINITIONAL_REPRESENTATION('',(#7729),#7733);
#7729 = LINE('',#7730,#7731);
#7730 = CARTESIAN_POINT('',(0.,0.));
#7731 = VECTOR('',#7732,1.);
#7732 = DIRECTION('',(1.,0.));
#7733 = ( GEOMETRIC_REPRESENTATION_CONTEXT(2) 
PARAMETRIC_REPRESENTATION_CONTEXT() REPRESENTATION_CONTEXT('2D SPACE',''
  ) );
#7734 = ORIENTED_EDGE('',*,*,#7735,.T.);
#7735 = EDGE_CURVE('',#7701,#7736,#7738,.T.);
#7736 = VERTEX_POINT('',#7737);
#7737 = CARTESIAN_POINT('',(545.,57.,1.167E+03));
#7738 = SURFACE_CURVE('',#7739,(#7743,#7750),.PCURVE_S1.);
#7739 = LINE('',#7740,#7741);
#7740 = CARTESIAN_POINT('',(545.,40.,1.167E+03));
#7741 = VECTOR('',#7742,1.);
#7742 = DIRECTION('',(-0.,1.,0.));
#7743 = PCURVE('',#7711,#7744);
#7744 = DEFINITIONAL_REPRESENTATION('',(#7745),#7749);
#7745 = LINE('',#7746,#7747);
#7746 = CARTESIAN_POINT('',(0.,0.));
#7747 = VECTOR('',#7748,1.);
#7748 = DIRECTION('',(0.,-1.));
#7749 = ( GEOMETRIC_REPRESENTATION_CONTEXT(2) 
PARAMETRIC_REPRESENTATION_CONTEXT() REPRESENTATION_CONTEXT('2D SPACE',''
  ) );
#7750 = PCURVE('',#7751,#7756);
#7751 = PLANE('',#7752);
#7752 = AXIS2_PLACEMENT_3D('',#7753,#7754,#7755);
#7753 = CARTESIAN_POINT('',(545.,40.,1.167E+03));
#7754 = DIRECTION('',(0.,0.,1.));
#7755 = DIRECTION('',(1.,0.,-0.));
#7756 = DEFINITIONAL_REPRESENTATION('',(#7757),#7761);
#7757 = LINE('',#7758,#7759);
#7758 = CARTESIAN_POINT('',(0.,0.));
#7759 = VECTOR('',#7760,1.);
#7760 = DIRECTION('',(0.,1.));
#7761 = ( GEOMETRIC_REPRESENTATION_CONTEXT(2) 
PARAMETRIC_REPRESENTATION_CONTEXT() REPRESENTATION_CONTEXT('2D SPACE',''
  ) );
#7762 = ORIENTED_EDGE('',*,*,#7763,.F.);
#7763 = EDGE_CURVE('',#7764,#7736,#7766,.T.);
#7764 = VERTEX_POINT('',#7765);
#7765 = CARTESIAN_POINT('',(545.,57.,1.148E+03));
#7766 = SURFACE_CURVE('',#7767,(#7771,#7778),.PCURVE_S1.);
#7767 = LINE('',#7768,#7769);
#7768 = CARTESIAN_POINT('',(545.,57.,1.148E+03));
#7769 = VECTOR('',#7770,1.);
#7770 = DIRECTION('',(0.,0.,1.));
#7771 = PCURVE('',#7711,#7772);
#7772 = DEFINITIONAL_REPRESENTATION('',(#7773),#7777);
#7773 = LINE('',#7774,#7775);
#7774 = CARTESIAN_POINT('',(-19.,-17.));
#7775 = VECTOR('',#7776,1.);
#7776 = DIRECTION('',(1.,0.));
#7777 = ( GEOMETRIC_REPRESENTATION_CONTEXT(2) 
PARAMETRIC_REPRESENTATION_CONTEXT() REPRESENTATION_CONTEXT('2D SPACE',''
  ) );
#7778 = PCURVE('',#7779,#7784);
#7779 = PLANE('',#7780);
#7780 = AXIS2_PLACEMENT_3D('',#7781,#7782,#7783);
#7781 = CARTESIAN_POINT('',(545.,57.,1.148E+03));
#7782 = DIRECTION('',(-0.,1.,0.));
#7783 = DIRECTION('',(0.,0.,1.));
#7784 = DEFINITIONAL_REPRESENTATION('',(#7785),#7789);
#7785 = LINE('',#7786,#7787);
#7786 = CARTESIAN_POINT('',(0.,0.));
#7787 = VECTOR('',#7788,1.);
#7788 = DIRECTION('',(1.,0.));
#7789 = ( GEOMETRIC_REPRESENTATION_CONTEXT(2) 
PARAMETRIC_REPRESENTATION_CONTEXT() REPRESENTATION_CONTEXT('2D SPACE',''
  ) );
#7790 = ORIENTED_EDGE('',*,*,#7791,.T.);
#7791 = EDGE_CURVE('',#7764,#7792,#7794,.T.);
#7792 = VERTEX_POINT('',#7793);
#7793 = CARTESIAN_POINT('',(545.,60.,1.148E+03));
#7794 = SURFACE_CURVE('',#7795,(#7799,#7806),.PCURVE_S1.);
#7795 = LINE('',#7796,#7797);
#7796 = CARTESIAN_POINT('',(545.,57.,1.148E+03));
#7797 = VECTOR('',#7798,1.);
#7798 = DIRECTION('',(-0.,1.,0.));
#7799 = PCURVE('',#7711,#7800);
#7800 = DEFINITIONAL_REPRESENTATION('',(#7801),#7805);
#7801 = LINE('',#7802,#7803);
#7802 = CARTESIAN_POINT('',(-19.,-17.));
#7803 = VECTOR('',#7804,1.);
#7804 = DIRECTION('',(0.,-1.));
#7805 = ( GEOMETRIC_REPRESENTATION_CONTEXT(2) 
PARAMETRIC_REPRESENTATION_CONTEXT() REPRESENTATION_CONTEXT('2D SPACE',''
  ) );
#7806 = PCURVE('',#7807,#7812);
#7807 = PLANE('',#7808);
#7808 = AXIS2_PLACEMENT_3D('',#7809,#7810,#7811);
#7809 = CARTESIAN_POINT('',(545.,57.,1.148E+03));
#7810 = DIRECTION('',(0.,0.,1.));
#7811 = DIRECTION('',(1.,0.,-0.));
#7812 = DEFINITIONAL_REPRESENTATION('',(#7813),#7817);
#7813 = LINE('',#7814,#7815);
#7814 = CARTESIAN_POINT('',(0.,0.));
#7815 = VECTOR('',#7816,1.);
#7816 = DIRECTION('',(0.,1.));
#7817 = ( GEOMETRIC_REPRESENTATION_CONTEXT(2) 
PARAMETRIC_REPRESENTATION_CONTEXT() REPRESENTATION_CONTEXT('2D SPACE',''
  ) );
#7818 = ORIENTED_EDGE('',*,*,#7819,.T.);
#7819 = EDGE_CURVE('',#7792,#7820,#7822,.T.);
#7820 = VERTEX_POINT('',#7821);
#7821 = CARTESIAN_POINT('',(545.,60.,1.168E+03));
#7822 = SURFACE_CURVE('',#7823,(#7827,#7834),.PCURVE_S1.);
#7823 = LINE('',#7824,#7825);
#7824 = CARTESIAN_POINT('',(545.,60.,1.148E+03));
#7825 = VECTOR('',#7826,1.);
#7826 = DIRECTION('',(0.,0.,1.));
#7827 = PCURVE('',#7711,#7828);
#7828 = DEFINITIONAL_REPRESENTATION('',(#7829),#7833);
#7829 = LINE('',#7830,#7831);
#7830 = CARTESIAN_POINT('',(-19.,-20.));
#7831 = VECTOR('',#7832,1.);
#7832 = DIRECTION('',(1.,0.));
#7833 = ( GEOMETRIC_REPRESENTATION_CONTEXT(2) 
PARAMETRIC_REPRESENTATION_CONTEXT() REPRESENTATION_CONTEXT('2D SPACE',''
  ) );
#7834 = PCURVE('',#7835,#7840);
#7835 = PLANE('',#7836);
#7836 = AXIS2_PLACEMENT_3D('',#7837,#7838,#7839);
#7837 = CARTESIAN_POINT('',(545.,60.,1.148E+03));
#7838 = DIRECTION('',(-0.,1.,0.));
#7839 = DIRECTION('',(0.,0.,1.));
#7840 = DEFINITIONAL_REPRESENTATION('',(#7841),#7845);
#7841 = LINE('',#7842,#7843);
#7842 = CARTESIAN_POINT('',(0.,0.));
#7843 = VECTOR('',#7844,1.);
#7844 = DIRECTION('',(1.,0.));
#7845 = ( GEOMETRIC_REPRESENTATION_CONTEXT(2) 
PARAMETRIC_REPRESENTATION_CONTEXT() REPRESENTATION_CONTEXT('2D SPACE',''
  ) );
#7846 = ORIENTED_EDGE('',*,*,#7847,.F.);
#7847 = EDGE_CURVE('',#7848,#7820,#7850,.T.);
#7848 = VERTEX_POINT('',#7849);
#7849 = CARTESIAN_POINT('',(545.,57.,1.168E+03));
#7850 = SURFACE_CURVE('',#7851,(#7855,#7862),.PCURVE_S1.);
#7851 = LINE('',#7852,#7853);
#7852 = CARTESIAN_POINT('',(545.,57.,1.168E+03));
#7853 = VECTOR('',#7854,1.);
#7854 = DIRECTION('',(-0.,1.,0.));
#7855 = PCURVE('',#7711,#7856);
#7856 = DEFINITIONAL_REPRESENTATION('',(#7857),#7861);
#7857 = LINE('',#7858,#7859);
#7858 = CARTESIAN_POINT('',(1.,-17.));
#7859 = VECTOR('',#7860,1.);
#7860 = DIRECTION('',(0.,-1.));
#7861 = ( GEOMETRIC_REPRESENTATION_CONTEXT(2) 
PARAMETRIC_REPRESENTATION_CONTEXT() REPRESENTATION_CONTEXT('2D SPACE',''
  ) );
#7862 = PCURVE('',#7863,#7868);
#7863 = PLANE('',#7864);
#7864 = AXIS2_PLACEMENT_3D('',#7865,#7866,#7867);
#7865 = CARTESIAN_POINT('',(545.,57.,1.168E+03));
#7866 = DIRECTION('',(0.,0.,1.));
#7867 = DIRECTION('',(1.,0.,-0.));
#7868 = DEFINITIONAL_REPRESENTATION('',(#7869),#7873);
#7869 = LINE('',#7870,#7871);
#7870 = CARTESIAN_POINT('',(0.,0.));
#7871 = VECTOR('',#7872,1.);
#7872 = DIRECTION('',(0.,1.));
#7873 = ( GEOMETRIC_REPRESENTATION_CONTEXT(2) 
PARAMETRIC_REPRESENTATION_CONTEXT() REPRESENTATION_CONTEXT('2D SPACE',''
  ) );
#7874 = ORIENTED_EDGE('',*,*,#7875,.T.);
#7875 = EDGE_CURVE('',#7848,#7876,#7878,.T.);
#7876 = VERTEX_POINT('',#7877);
#7877 = CARTESIAN_POINT('',(545.,57.,1.17E+03));
#7878 = SURFACE_CURVE('',#7879,(#7883,#7890),.PCURVE_S1.);
#7879 = LINE('',#7880,#7881);
#7880 = CARTESIAN_POINT('',(545.,57.,1.167E+03));
#7881 = VECTOR('',#7882,1.);
#7882 = DIRECTION('',(0.,0.,1.));
#7883 = PCURVE('',#7711,#7884);
#7884 = DEFINITIONAL_REPRESENTATION('',(#7885),#7889);
#7885 = LINE('',#7886,#7887);
#7886 = CARTESIAN_POINT('',(0.,-17.));
#7887 = VECTOR('',#7888,1.);
#7888 = DIRECTION('',(1.,0.));
#7889 = ( GEOMETRIC_REPRESENTATION_CONTEXT(2) 
PARAMETRIC_REPRESENTATION_CONTEXT() REPRESENTATION_CONTEXT('2D SPACE',''
  ) );
#7890 = PCURVE('',#7891,#7896);
#7891 = PLANE('',#7892);
#7892 = AXIS2_PLACEMENT_3D('',#7893,#7894,#7895);
#7893 = CARTESIAN_POINT('',(545.,57.,1.167E+03));
#7894 = DIRECTION('',(-0.,1.,0.));
#7895 = DIRECTION('',(0.,0.,1.));
#7896 = DEFINITIONAL_REPRESENTATION('',(#7897),#7901);
#7897 = LINE('',#7898,#7899);
#7898 = CARTESIAN_POINT('',(0.,0.));
#7899 = VECTOR('',#7900,1.);
#7900 = DIRECTION('',(1.,0.));
#7901 = ( GEOMETRIC_REPRESENTATION_CONTEXT(2) 
PARAMETRIC_REPRESENTATION_CONTEXT() REPRESENTATION_CONTEXT('2D SPACE',''
  ) );
#7902 = ORIENTED_EDGE('',*,*,#7903,.F.);
#7903 = EDGE_CURVE('',#7703,#7876,#7904,.T.);
#7904 = SURFACE_CURVE('',#7905,(#7909,#7916),.PCURVE_S1.);
#7905 = LINE('',#7906,#7907);
#7906 = CARTESIAN_POINT('',(545.,40.,1.17E+03));
#7907 = VECTOR('',#7908,1.);
#7908 = DIRECTION('',(-0.,1.,0.));
#7909 = PCURVE('',#7711,#7910);
#7910 = DEFINITIONAL_REPRESENTATION('',(#7911),#7915);
#7911 = LINE('',#7912,#7913);
#7912 = CARTESIAN_POINT('',(3.,0.));
#7913 = VECTOR('',#7914,1.);
#7914 = DIRECTION('',(0.,-1.));
#7915 = ( GEOMETRIC_REPRESENTATION_CONTEXT(2) 
PARAMETRIC_REPRESENTATION_CONTEXT() REPRESENTATION_CONTEXT('2D SPACE',''
  ) );
#7916 = PCURVE('',#7917,#7922);
#7917 = PLANE('',#7918);
#7918 = AXIS2_PLACEMENT_3D('',#7919,#7920,#7921);
#7919 = CARTESIAN_POINT('',(545.,40.,1.17E+03));
#7920 = DIRECTION('',(0.,0.,1.));
#7921 = DIRECTION('',(1.,0.,-0.));
#7922 = DEFINITIONAL_REPRESENTATION('',(#7923),#7927);
#7923 = LINE('',#7924,#7925);
#7924 = CARTESIAN_POINT('',(0.,0.));
#7925 = VECTOR('',#7926,1.);
#7926 = DIRECTION('',(0.,1.));
#7927 = ( GEOMETRIC_REPRESENTATION_CONTEXT(2) 
PARAMETRIC_REPRESENTATION_CONTEXT() REPRESENTATION_CONTEXT('2D SPACE',''
  ) );
#7928 = ADVANCED_FACE('',(#7929),#7723,.F.);
#7929 = FACE_BOUND('',#7930,.F.);
#7930 = EDGE_LOOP('',(#7931,#7954,#7955,#7978));
#7931 = ORIENTED_EDGE('',*,*,#7932,.F.);
#7932 = EDGE_CURVE('',#7701,#7933,#7935,.T.);
#7933 = VERTEX_POINT('',#7934);
#7934 = CARTESIAN_POINT('',(565.,40.,1.167E+03));
#7935 = SURFACE_CURVE('',#7936,(#7940,#7947),.PCURVE_S1.);
#7936 = LINE('',#7937,#7938);
#7937 = CARTESIAN_POINT('',(545.,40.,1.167E+03));
#7938 = VECTOR('',#7939,1.);
#7939 = DIRECTION('',(1.,0.,-0.));
#7940 = PCURVE('',#7723,#7941);
#7941 = DEFINITIONAL_REPRESENTATION('',(#7942),#7946);
#7942 = LINE('',#7943,#7944);
#7943 = CARTESIAN_POINT('',(0.,0.));
#7944 = VECTOR('',#7945,1.);
#7945 = DIRECTION('',(0.,1.));
#7946 = ( GEOMETRIC_REPRESENTATION_CONTEXT(2) 
PARAMETRIC_REPRESENTATION_CONTEXT() REPRESENTATION_CONTEXT('2D SPACE',''
  ) );
#7947 = PCURVE('',#7751,#7948);
#7948 = DEFINITIONAL_REPRESENTATION('',(#7949),#7953);
#7949 = LINE('',#7950,#7951);
#7950 = CARTESIAN_POINT('',(0.,0.));
#7951 = VECTOR('',#7952,1.);
#7952 = DIRECTION('',(1.,0.));
#7953 = ( GEOMETRIC_REPRESENTATION_CONTEXT(2) 
PARAMETRIC_REPRESENTATION_CONTEXT() REPRESENTATION_CONTEXT('2D SPACE',''
  ) );
#7954 = ORIENTED_EDGE('',*,*,#7700,.T.);
#7955 = ORIENTED_EDGE('',*,*,#7956,.T.);
#7956 = EDGE_CURVE('',#7703,#7957,#7959,.T.);
#7957 = VERTEX_POINT('',#7958);
#7958 = CARTESIAN_POINT('',(565.,40.,1.17E+03));
#7959 = SURFACE_CURVE('',#7960,(#7964,#7971),.PCURVE_S1.);
#7960 = LINE('',#7961,#7962);
#7961 = CARTESIAN_POINT('',(545.,40.,1.17E+03));
#7962 = VECTOR('',#7963,1.);
#7963 = DIRECTION('',(1.,0.,-0.));
#7964 = PCURVE('',#7723,#7965);
#7965 = DEFINITIONAL_REPRESENTATION('',(#7966),#7970);
#7966 = LINE('',#7967,#7968);
#7967 = CARTESIAN_POINT('',(3.,0.));
#7968 = VECTOR('',#7969,1.);
#7969 = DIRECTION('',(0.,1.));
#7970 = ( GEOMETRIC_REPRESENTATION_CONTEXT(2) 
PARAMETRIC_REPRESENTATION_CONTEXT() REPRESENTATION_CONTEXT('2D SPACE',''
  ) );
#7971 = PCURVE('',#7917,#7972);
#7972 = DEFINITIONAL_REPRESENTATION('',(#7973),#7977);
#7973 = LINE('',#7974,#7975);
#7974 = CARTESIAN_POINT('',(0.,0.));
#7975 = VECTOR('',#7976,1.);
#7976 = DIRECTION('',(1.,0.));
#7977 = ( GEOMETRIC_REPRESENTATION_CONTEXT(2) 
PARAMETRIC_REPRESENTATION_CONTEXT() REPRESENTATION_CONTEXT('2D SPACE',''
  ) );
#7978 = ORIENTED_EDGE('',*,*,#7979,.F.);
#7979 = EDGE_CURVE('',#7933,#7957,#7980,.T.);
#7980 = SURFACE_CURVE('',#7981,(#7985,#7992),.PCURVE_S1.);
#7981 = LINE('',#7982,#7983);
#7982 = CARTESIAN_POINT('',(565.,40.,1.167E+03));
#7983 = VECTOR('',#7984,1.);
#7984 = DIRECTION('',(0.,0.,1.));
#7985 = PCURVE('',#7723,#7986);
#7986 = DEFINITIONAL_REPRESENTATION('',(#7987),#7991);
#7987 = LINE('',#7988,#7989);
#7988 = CARTESIAN_POINT('',(0.,20.));
#7989 = VECTOR('',#7990,1.);
#7990 = DIRECTION('',(1.,0.));
#7991 = ( GEOMETRIC_REPRESENTATION_CONTEXT(2) 
PARAMETRIC_REPRESENTATION_CONTEXT() REPRESENTATION_CONTEXT('2D SPACE',''
  ) );
#7992 = PCURVE('',#7993,#7998);
#7993 = PLANE('',#7994);
#7994 = AXIS2_PLACEMENT_3D('',#7995,#7996,#7997);
#7995 = CARTESIAN_POINT('',(565.,40.,1.167E+03));
#7996 = DIRECTION('',(1.,0.,-0.));
#7997 = DIRECTION('',(0.,0.,1.));
#7998 = DEFINITIONAL_REPRESENTATION('',(#7999),#8003);
#7999 = LINE('',#8000,#8001);
#8000 = CARTESIAN_POINT('',(0.,0.));
#8001 = VECTOR('',#8002,1.);
#8002 = DIRECTION('',(1.,0.));
#8003 = ( GEOMETRIC_REPRESENTATION_CONTEXT(2) 
PARAMETRIC_REPRESENTATION_CONTEXT() REPRESENTATION_CONTEXT('2D SPACE',''
  ) );
#8004 = ADVANCED_FACE('',(#8005),#7751,.F.);
#8005 = FACE_BOUND('',#8006,.F.);
#8006 = EDGE_LOOP('',(#8007,#8008,#8009,#8032));
#8007 = ORIENTED_EDGE('',*,*,#7735,.F.);
#8008 = ORIENTED_EDGE('',*,*,#7932,.T.);
#8009 = ORIENTED_EDGE('',*,*,#8010,.T.);
#8010 = EDGE_CURVE('',#7933,#8011,#8013,.T.);
#8011 = VERTEX_POINT('',#8012);
#8012 = CARTESIAN_POINT('',(565.,57.,1.167E+03));
#8013 = SURFACE_CURVE('',#8014,(#8018,#8025),.PCURVE_S1.);
#8014 = LINE('',#8015,#8016);
#8015 = CARTESIAN_POINT('',(565.,40.,1.167E+03));
#8016 = VECTOR('',#8017,1.);
#8017 = DIRECTION('',(-0.,1.,0.));
#8018 = PCURVE('',#7751,#8019);
#8019 = DEFINITIONAL_REPRESENTATION('',(#8020),#8024);
#8020 = LINE('',#8021,#8022);
#8021 = CARTESIAN_POINT('',(20.,0.));
#8022 = VECTOR('',#8023,1.);
#8023 = DIRECTION('',(0.,1.));
#8024 = ( GEOMETRIC_REPRESENTATION_CONTEXT(2) 
PARAMETRIC_REPRESENTATION_CONTEXT() REPRESENTATION_CONTEXT('2D SPACE',''
  ) );
#8025 = PCURVE('',#7993,#8026);
#8026 = DEFINITIONAL_REPRESENTATION('',(#8027),#8031);
#8027 = LINE('',#8028,#8029);
#8028 = CARTESIAN_POINT('',(0.,0.));
#8029 = VECTOR('',#8030,1.);
#8030 = DIRECTION('',(0.,-1.));
#8031 = ( GEOMETRIC_REPRESENTATION_CONTEXT(2) 
PARAMETRIC_REPRESENTATION_CONTEXT() REPRESENTATION_CONTEXT('2D SPACE',''
  ) );
#8032 = ORIENTED_EDGE('',*,*,#8033,.F.);
#8033 = EDGE_CURVE('',#7736,#8011,#8034,.T.);
#8034 = SURFACE_CURVE('',#8035,(#8039,#8046),.PCURVE_S1.);
#8035 = LINE('',#8036,#8037);
#8036 = CARTESIAN_POINT('',(545.,57.,1.167E+03));
#8037 = VECTOR('',#8038,1.);
#8038 = DIRECTION('',(1.,0.,-0.));
#8039 = PCURVE('',#7751,#8040);
#8040 = DEFINITIONAL_REPRESENTATION('',(#8041),#8045);
#8041 = LINE('',#8042,#8043);
#8042 = CARTESIAN_POINT('',(0.,17.));
#8043 = VECTOR('',#8044,1.);
#8044 = DIRECTION('',(1.,0.));
#8045 = ( GEOMETRIC_REPRESENTATION_CONTEXT(2) 
PARAMETRIC_REPRESENTATION_CONTEXT() REPRESENTATION_CONTEXT('2D SPACE',''
  ) );
#8046 = PCURVE('',#7779,#8047);
#8047 = DEFINITIONAL_REPRESENTATION('',(#8048),#8052);
#8048 = LINE('',#8049,#8050);
#8049 = CARTESIAN_POINT('',(19.,0.));
#8050 = VECTOR('',#8051,1.);
#8051 = DIRECTION('',(0.,1.));
#8052 = ( GEOMETRIC_REPRESENTATION_CONTEXT(2) 
PARAMETRIC_REPRESENTATION_CONTEXT() REPRESENTATION_CONTEXT('2D SPACE',''
  ) );
#8053 = ADVANCED_FACE('',(#8054,#8102),#7779,.F.);
#8054 = FACE_BOUND('',#8055,.F.);
#8055 = EDGE_LOOP('',(#8056,#8079,#8100,#8101));
#8056 = ORIENTED_EDGE('',*,*,#8057,.F.);
#8057 = EDGE_CURVE('',#8058,#8011,#8060,.T.);
#8058 = VERTEX_POINT('',#8059);
#8059 = CARTESIAN_POINT('',(565.,57.,1.148E+03));
#8060 = SURFACE_CURVE('',#8061,(#8065,#8072),.PCURVE_S1.);
#8061 = LINE('',#8062,#8063);
#8062 = CARTESIAN_POINT('',(565.,57.,1.148E+03));
#8063 = VECTOR('',#8064,1.);
#8064 = DIRECTION('',(0.,0.,1.));
#8065 = PCURVE('',#7779,#8066);
#8066 = DEFINITIONAL_REPRESENTATION('',(#8067),#8071);
#8067 = LINE('',#8068,#8069);
#8068 = CARTESIAN_POINT('',(0.,20.));
#8069 = VECTOR('',#8070,1.);
#8070 = DIRECTION('',(1.,0.));
#8071 = ( GEOMETRIC_REPRESENTATION_CONTEXT(2) 
PARAMETRIC_REPRESENTATION_CONTEXT() REPRESENTATION_CONTEXT('2D SPACE',''
  ) );
#8072 = PCURVE('',#7993,#8073);
#8073 = DEFINITIONAL_REPRESENTATION('',(#8074),#8078);
#8074 = LINE('',#8075,#8076);
#8075 = CARTESIAN_POINT('',(-19.,-17.));
#8076 = VECTOR('',#8077,1.);
#8077 = DIRECTION('',(1.,0.));
#8078 = ( GEOMETRIC_REPRESENTATION_CONTEXT(2) 
PARAMETRIC_REPRESENTATION_CONTEXT() REPRESENTATION_CONTEXT('2D SPACE',''
  ) );
#8079 = ORIENTED_EDGE('',*,*,#8080,.F.);
#8080 = EDGE_CURVE('',#7764,#8058,#8081,.T.);
#8081 = SURFACE_CURVE('',#8082,(#8086,#8093),.PCURVE_S1.);
#8082 = LINE('',#8083,#8084);
#8083 = CARTESIAN_POINT('',(545.,57.,1.148E+03));
#8084 = VECTOR('',#8085,1.);
#8085 = DIRECTION('',(1.,0.,-0.));
#8086 = PCURVE('',#7779,#8087);
#8087 = DEFINITIONAL_REPRESENTATION('',(#8088),#8092);
#8088 = LINE('',#8089,#8090);
#8089 = CARTESIAN_POINT('',(0.,0.));
#8090 = VECTOR('',#8091,1.);
#8091 = DIRECTION('',(0.,1.));
#8092 = ( GEOMETRIC_REPRESENTATION_CONTEXT(2) 
PARAMETRIC_REPRESENTATION_CONTEXT() REPRESENTATION_CONTEXT('2D SPACE',''
  ) );
#8093 = PCURVE('',#7807,#8094);
#8094 = DEFINITIONAL_REPRESENTATION('',(#8095),#8099);
#8095 = LINE('',#8096,#8097);
#8096 = CARTESIAN_POINT('',(0.,0.));
#8097 = VECTOR('',#8098,1.);
#8098 = DIRECTION('',(1.,0.));
#8099 = ( GEOMETRIC_REPRESENTATION_CONTEXT(2) 
PARAMETRIC_REPRESENTATION_CONTEXT() REPRESENTATION_CONTEXT('2D SPACE',''
  ) );
#8100 = ORIENTED_EDGE('',*,*,#7763,.T.);
#8101 = ORIENTED_EDGE('',*,*,#8033,.T.);
#8102 = FACE_BOUND('',#8103,.F.);
#8103 = EDGE_LOOP('',(#8104));
#8104 = ORIENTED_EDGE('',*,*,#8105,.F.);
#8105 = EDGE_CURVE('',#8106,#8106,#8108,.T.);
#8106 = VERTEX_POINT('',#8107);
#8107 = CARTESIAN_POINT('',(555.,57.,1.15975E+03));
#8108 = SURFACE_CURVE('',#8109,(#8114,#8121),.PCURVE_S1.);
#8109 = CIRCLE('',#8110,2.75);
#8110 = AXIS2_PLACEMENT_3D('',#8111,#8112,#8113);
#8111 = CARTESIAN_POINT('',(555.,57.,1.157E+03));
#8112 = DIRECTION('',(0.,1.,0.));
#8113 = DIRECTION('',(0.,-0.,1.));
#8114 = PCURVE('',#7779,#8115);
#8115 = DEFINITIONAL_REPRESENTATION('',(#8116),#8120);
#8116 = CIRCLE('',#8117,2.75);
#8117 = AXIS2_PLACEMENT_2D('',#8118,#8119);
#8118 = CARTESIAN_POINT('',(9.,10.));
#8119 = DIRECTION('',(1.,0.));
#8120 = ( GEOMETRIC_REPRESENTATION_CONTEXT(2) 
PARAMETRIC_REPRESENTATION_CONTEXT() REPRESENTATION_CONTEXT('2D SPACE',''
  ) );
#8121 = PCURVE('',#8122,#8127);
#8122 = CYLINDRICAL_SURFACE('',#8123,2.75);
#8123 = AXIS2_PLACEMENT_3D('',#8124,#8125,#8126);
#8124 = CARTESIAN_POINT('',(555.,56.,1.157E+03));
#8125 = DIRECTION('',(0.,1.,0.));
#8126 = DIRECTION('',(0.,-0.,1.));
#8127 = DEFINITIONAL_REPRESENTATION('',(#8128),#8132);
#8128 = LINE('',#8129,#8130);
#8129 = CARTESIAN_POINT('',(0.,1.));
#8130 = VECTOR('',#8131,1.);
#8131 = DIRECTION('',(1.,0.));
#8132 = ( GEOMETRIC_REPRESENTATION_CONTEXT(2) 
PARAMETRIC_REPRESENTATION_CONTEXT() REPRESENTATION_CONTEXT('2D SPACE',''
  ) );
#8133 = ADVANCED_FACE('',(#8134),#7807,.F.);
#8134 = FACE_BOUND('',#8135,.F.);
#8135 = EDGE_LOOP('',(#8136,#8137,#8138,#8161));
#8136 = ORIENTED_EDGE('',*,*,#7791,.F.);
#8137 = ORIENTED_EDGE('',*,*,#8080,.T.);
#8138 = ORIENTED_EDGE('',*,*,#8139,.T.);
#8139 = EDGE_CURVE('',#8058,#8140,#8142,.T.);
#8140 = VERTEX_POINT('',#8141);
#8141 = CARTESIAN_POINT('',(565.,60.,1.148E+03));
#8142 = SURFACE_CURVE('',#8143,(#8147,#8154),.PCURVE_S1.);
#8143 = LINE('',#8144,#8145);
#8144 = CARTESIAN_POINT('',(565.,57.,1.148E+03));
#8145 = VECTOR('',#8146,1.);
#8146 = DIRECTION('',(-0.,1.,0.));
#8147 = PCURVE('',#7807,#8148);
#8148 = DEFINITIONAL_REPRESENTATION('',(#8149),#8153);
#8149 = LINE('',#8150,#8151);
#8150 = CARTESIAN_POINT('',(20.,0.));
#8151 = VECTOR('',#8152,1.);
#8152 = DIRECTION('',(0.,1.));
#8153 = ( GEOMETRIC_REPRESENTATION_CONTEXT(2) 
PARAMETRIC_REPRESENTATION_CONTEXT() REPRESENTATION_CONTEXT('2D SPACE',''
  ) );
#8154 = PCURVE('',#7993,#8155);
#8155 = DEFINITIONAL_REPRESENTATION('',(#8156),#8160);
#8156 = LINE('',#8157,#8158);
#8157 = CARTESIAN_POINT('',(-19.,-17.));
#8158 = VECTOR('',#8159,1.);
#8159 = DIRECTION('',(0.,-1.));
#8160 = ( GEOMETRIC_REPRESENTATION_CONTEXT(2) 
PARAMETRIC_REPRESENTATION_CONTEXT() REPRESENTATION_CONTEXT('2D SPACE',''
  ) );
#8161 = ORIENTED_EDGE('',*,*,#8162,.F.);
#8162 = EDGE_CURVE('',#7792,#8140,#8163,.T.);
#8163 = SURFACE_CURVE('',#8164,(#8168,#8175),.PCURVE_S1.);
#8164 = LINE('',#8165,#8166);
#8165 = CARTESIAN_POINT('',(545.,60.,1.148E+03));
#8166 = VECTOR('',#8167,1.);
#8167 = DIRECTION('',(1.,0.,-0.));
#8168 = PCURVE('',#7807,#8169);
#8169 = DEFINITIONAL_REPRESENTATION('',(#8170),#8174);
#8170 = LINE('',#8171,#8172);
#8171 = CARTESIAN_POINT('',(0.,3.));
#8172 = VECTOR('',#8173,1.);
#8173 = DIRECTION('',(1.,0.));
#8174 = ( GEOMETRIC_REPRESENTATION_CONTEXT(2) 
PARAMETRIC_REPRESENTATION_CONTEXT() REPRESENTATION_CONTEXT('2D SPACE',''
  ) );
#8175 = PCURVE('',#7835,#8176);
#8176 = DEFINITIONAL_REPRESENTATION('',(#8177),#8181);
#8177 = LINE('',#8178,#8179);
#8178 = CARTESIAN_POINT('',(0.,0.));
#8179 = VECTOR('',#8180,1.);
#8180 = DIRECTION('',(0.,1.));
#8181 = ( GEOMETRIC_REPRESENTATION_CONTEXT(2) 
PARAMETRIC_REPRESENTATION_CONTEXT() REPRESENTATION_CONTEXT('2D SPACE',''
  ) );
#8182 = ADVANCED_FACE('',(#8183,#8231),#7835,.T.);
#8183 = FACE_BOUND('',#8184,.T.);
#8184 = EDGE_LOOP('',(#8185,#8186,#8187,#8210));
#8185 = ORIENTED_EDGE('',*,*,#8162,.F.);
#8186 = ORIENTED_EDGE('',*,*,#7819,.T.);
#8187 = ORIENTED_EDGE('',*,*,#8188,.T.);
#8188 = EDGE_CURVE('',#7820,#8189,#8191,.T.);
#8189 = VERTEX_POINT('',#8190);
#8190 = CARTESIAN_POINT('',(565.,60.,1.168E+03));
#8191 = SURFACE_CURVE('',#8192,(#8196,#8203),.PCURVE_S1.);
#8192 = LINE('',#8193,#8194);
#8193 = CARTESIAN_POINT('',(545.,60.,1.168E+03));
#8194 = VECTOR('',#8195,1.);
#8195 = DIRECTION('',(1.,0.,-0.));
#8196 = PCURVE('',#7835,#8197);
#8197 = DEFINITIONAL_REPRESENTATION('',(#8198),#8202);
#8198 = LINE('',#8199,#8200);
#8199 = CARTESIAN_POINT('',(20.,0.));
#8200 = VECTOR('',#8201,1.);
#8201 = DIRECTION('',(0.,1.));
#8202 = ( GEOMETRIC_REPRESENTATION_CONTEXT(2) 
PARAMETRIC_REPRESENTATION_CONTEXT() REPRESENTATION_CONTEXT('2D SPACE',''
  ) );
#8203 = PCURVE('',#7863,#8204);
#8204 = DEFINITIONAL_REPRESENTATION('',(#8205),#8209);
#8205 = LINE('',#8206,#8207);
#8206 = CARTESIAN_POINT('',(0.,3.));
#8207 = VECTOR('',#8208,1.);
#8208 = DIRECTION('',(1.,0.));
#8209 = ( GEOMETRIC_REPRESENTATION_CONTEXT(2) 
PARAMETRIC_REPRESENTATION_CONTEXT() REPRESENTATION_CONTEXT('2D SPACE',''
  ) );
#8210 = ORIENTED_EDGE('',*,*,#8211,.F.);
#8211 = EDGE_CURVE('',#8140,#8189,#8212,.T.);
#8212 = SURFACE_CURVE('',#8213,(#8217,#8224),.PCURVE_S1.);
#8213 = LINE('',#8214,#8215);
#8214 = CARTESIAN_POINT('',(565.,60.,1.148E+03));
#8215 = VECTOR('',#8216,1.);
#8216 = DIRECTION('',(0.,0.,1.));
#8217 = PCURVE('',#7835,#8218);
#8218 = DEFINITIONAL_REPRESENTATION('',(#8219),#8223);
#8219 = LINE('',#8220,#8221);
#8220 = CARTESIAN_POINT('',(0.,20.));
#8221 = VECTOR('',#8222,1.);
#8222 = DIRECTION('',(1.,0.));
#8223 = ( GEOMETRIC_REPRESENTATION_CONTEXT(2) 
PARAMETRIC_REPRESENTATION_CONTEXT() REPRESENTATION_CONTEXT('2D SPACE',''
  ) );
#8224 = PCURVE('',#7993,#8225);
#8225 = DEFINITIONAL_REPRESENTATION('',(#8226),#8230);
#8226 = LINE('',#8227,#8228);
#8227 = CARTESIAN_POINT('',(-19.,-20.));
#8228 = VECTOR('',#8229,1.);
#8229 = DIRECTION('',(1.,0.));
#8230 = ( GEOMETRIC_REPRESENTATION_CONTEXT(2) 
PARAMETRIC_REPRESENTATION_CONTEXT() REPRESENTATION_CONTEXT('2D SPACE',''
  ) );
#8231 = FACE_BOUND('',#8232,.T.);
#8232 = EDGE_LOOP('',(#8233));
#8233 = ORIENTED_EDGE('',*,*,#8234,.F.);
#8234 = EDGE_CURVE('',#8235,#8235,#8237,.T.);
#8235 = VERTEX_POINT('',#8236);
#8236 = CARTESIAN_POINT('',(555.,60.,1.15975E+03));
#8237 = SURFACE_CURVE('',#8238,(#8243,#8250),.PCURVE_S1.);
#8238 = CIRCLE('',#8239,2.75);
#8239 = AXIS2_PLACEMENT_3D('',#8240,#8241,#8242);
#8240 = CARTESIAN_POINT('',(555.,60.,1.157E+03));
#8241 = DIRECTION('',(0.,1.,0.));
#8242 = DIRECTION('',(0.,-0.,1.));
#8243 = PCURVE('',#7835,#8244);
#8244 = DEFINITIONAL_REPRESENTATION('',(#8245),#8249);
#8245 = CIRCLE('',#8246,2.75);
#8246 = AXIS2_PLACEMENT_2D('',#8247,#8248);
#8247 = CARTESIAN_POINT('',(9.,10.));
#8248 = DIRECTION('',(1.,0.));
#8249 = ( GEOMETRIC_REPRESENTATION_CONTEXT(2) 
PARAMETRIC_REPRESENTATION_CONTEXT() REPRESENTATION_CONTEXT('2D SPACE',''
  ) );
#8250 = PCURVE('',#8122,#8251);
#8251 = DEFINITIONAL_REPRESENTATION('',(#8252),#8256);
#8252 = LINE('',#8253,#8254);
#8253 = CARTESIAN_POINT('',(0.,4.));
#8254 = VECTOR('',#8255,1.);
#8255 = DIRECTION('',(1.,0.));
#8256 = ( GEOMETRIC_REPRESENTATION_CONTEXT(2) 
PARAMETRIC_REPRESENTATION_CONTEXT() REPRESENTATION_CONTEXT('2D SPACE',''
  ) );
#8257 = ADVANCED_FACE('',(#8258),#7863,.T.);
#8258 = FACE_BOUND('',#8259,.T.);
#8259 = EDGE_LOOP('',(#8260,#8261,#8284,#8305));
#8260 = ORIENTED_EDGE('',*,*,#7847,.F.);
#8261 = ORIENTED_EDGE('',*,*,#8262,.T.);
#8262 = EDGE_CURVE('',#7848,#8263,#8265,.T.);
#8263 = VERTEX_POINT('',#8264);
#8264 = CARTESIAN_POINT('',(565.,57.,1.168E+03));
#8265 = SURFACE_CURVE('',#8266,(#8270,#8277),.PCURVE_S1.);
#8266 = LINE('',#8267,#8268);
#8267 = CARTESIAN_POINT('',(545.,57.,1.168E+03));
#8268 = VECTOR('',#8269,1.);
#8269 = DIRECTION('',(1.,0.,-0.));
#8270 = PCURVE('',#7863,#8271);
#8271 = DEFINITIONAL_REPRESENTATION('',(#8272),#8276);
#8272 = LINE('',#8273,#8274);
#8273 = CARTESIAN_POINT('',(0.,0.));
#8274 = VECTOR('',#8275,1.);
#8275 = DIRECTION('',(1.,0.));
#8276 = ( GEOMETRIC_REPRESENTATION_CONTEXT(2) 
PARAMETRIC_REPRESENTATION_CONTEXT() REPRESENTATION_CONTEXT('2D SPACE',''
  ) );
#8277 = PCURVE('',#7891,#8278);
#8278 = DEFINITIONAL_REPRESENTATION('',(#8279),#8283);
#8279 = LINE('',#8280,#8281);
#8280 = CARTESIAN_POINT('',(1.,0.));
#8281 = VECTOR('',#8282,1.);
#8282 = DIRECTION('',(0.,1.));
#8283 = ( GEOMETRIC_REPRESENTATION_CONTEXT(2) 
PARAMETRIC_REPRESENTATION_CONTEXT() REPRESENTATION_CONTEXT('2D SPACE',''
  ) );
#8284 = ORIENTED_EDGE('',*,*,#8285,.T.);
#8285 = EDGE_CURVE('',#8263,#8189,#8286,.T.);
#8286 = SURFACE_CURVE('',#8287,(#8291,#8298),.PCURVE_S1.);
#8287 = LINE('',#8288,#8289);
#8288 = CARTESIAN_POINT('',(565.,57.,1.168E+03));
#8289 = VECTOR('',#8290,1.);
#8290 = DIRECTION('',(-0.,1.,0.));
#8291 = PCURVE('',#7863,#8292);
#8292 = DEFINITIONAL_REPRESENTATION('',(#8293),#8297);
#8293 = LINE('',#8294,#8295);
#8294 = CARTESIAN_POINT('',(20.,0.));
#8295 = VECTOR('',#8296,1.);
#8296 = DIRECTION('',(0.,1.));
#8297 = ( GEOMETRIC_REPRESENTATION_CONTEXT(2) 
PARAMETRIC_REPRESENTATION_CONTEXT() REPRESENTATION_CONTEXT('2D SPACE',''
  ) );
#8298 = PCURVE('',#7993,#8299);
#8299 = DEFINITIONAL_REPRESENTATION('',(#8300),#8304);
#8300 = LINE('',#8301,#8302);
#8301 = CARTESIAN_POINT('',(1.,-17.));
#8302 = VECTOR('',#8303,1.);
#8303 = DIRECTION('',(0.,-1.));
#8304 = ( GEOMETRIC_REPRESENTATION_CONTEXT(2) 
PARAMETRIC_REPRESENTATION_CONTEXT() REPRESENTATION_CONTEXT('2D SPACE',''
  ) );
#8305 = ORIENTED_EDGE('',*,*,#8188,.F.);
#8306 = ADVANCED_FACE('',(#8307),#7891,.T.);
#8307 = FACE_BOUND('',#8308,.T.);
#8308 = EDGE_LOOP('',(#8309,#8332,#8333,#8334));
#8309 = ORIENTED_EDGE('',*,*,#8310,.F.);
#8310 = EDGE_CURVE('',#8263,#8311,#8313,.T.);
#8311 = VERTEX_POINT('',#8312);
#8312 = CARTESIAN_POINT('',(565.,57.,1.17E+03));
#8313 = SURFACE_CURVE('',#8314,(#8318,#8325),.PCURVE_S1.);
#8314 = LINE('',#8315,#8316);
#8315 = CARTESIAN_POINT('',(565.,57.,1.167E+03));
#8316 = VECTOR('',#8317,1.);
#8317 = DIRECTION('',(0.,0.,1.));
#8318 = PCURVE('',#7891,#8319);
#8319 = DEFINITIONAL_REPRESENTATION('',(#8320),#8324);
#8320 = LINE('',#8321,#8322);
#8321 = CARTESIAN_POINT('',(0.,20.));
#8322 = VECTOR('',#8323,1.);
#8323 = DIRECTION('',(1.,0.));
#8324 = ( GEOMETRIC_REPRESENTATION_CONTEXT(2) 
PARAMETRIC_REPRESENTATION_CONTEXT() REPRESENTATION_CONTEXT('2D SPACE',''
  ) );
#8325 = PCURVE('',#7993,#8326);
#8326 = DEFINITIONAL_REPRESENTATION('',(#8327),#8331);
#8327 = LINE('',#8328,#8329);
#8328 = CARTESIAN_POINT('',(0.,-17.));
#8329 = VECTOR('',#8330,1.);
#8330 = DIRECTION('',(1.,0.));
#8331 = ( GEOMETRIC_REPRESENTATION_CONTEXT(2) 
PARAMETRIC_REPRESENTATION_CONTEXT() REPRESENTATION_CONTEXT('2D SPACE',''
  ) );
#8332 = ORIENTED_EDGE('',*,*,#8262,.F.);
#8333 = ORIENTED_EDGE('',*,*,#7875,.T.);
#8334 = ORIENTED_EDGE('',*,*,#8335,.T.);
#8335 = EDGE_CURVE('',#7876,#8311,#8336,.T.);
#8336 = SURFACE_CURVE('',#8337,(#8341,#8348),.PCURVE_S1.);
#8337 = LINE('',#8338,#8339);
#8338 = CARTESIAN_POINT('',(545.,57.,1.17E+03));
#8339 = VECTOR('',#8340,1.);
#8340 = DIRECTION('',(1.,0.,-0.));
#8341 = PCURVE('',#7891,#8342);
#8342 = DEFINITIONAL_REPRESENTATION('',(#8343),#8347);
#8343 = LINE('',#8344,#8345);
#8344 = CARTESIAN_POINT('',(3.,0.));
#8345 = VECTOR('',#8346,1.);
#8346 = DIRECTION('',(0.,1.));
#8347 = ( GEOMETRIC_REPRESENTATION_CONTEXT(2) 
PARAMETRIC_REPRESENTATION_CONTEXT() REPRESENTATION_CONTEXT('2D SPACE',''
  ) );
#8348 = PCURVE('',#7917,#8349);
#8349 = DEFINITIONAL_REPRESENTATION('',(#8350),#8354);
#8350 = LINE('',#8351,#8352);
#8351 = CARTESIAN_POINT('',(0.,17.));
#8352 = VECTOR('',#8353,1.);
#8353 = DIRECTION('',(1.,0.));
#8354 = ( GEOMETRIC_REPRESENTATION_CONTEXT(2) 
PARAMETRIC_REPRESENTATION_CONTEXT() REPRESENTATION_CONTEXT('2D SPACE',''
  ) );
#8355 = ADVANCED_FACE('',(#8356),#7917,.T.);
#8356 = FACE_BOUND('',#8357,.T.);
#8357 = EDGE_LOOP('',(#8358,#8359,#8360,#8381));
#8358 = ORIENTED_EDGE('',*,*,#7903,.F.);
#8359 = ORIENTED_EDGE('',*,*,#7956,.T.);
#8360 = ORIENTED_EDGE('',*,*,#8361,.T.);
#8361 = EDGE_CURVE('',#7957,#8311,#8362,.T.);
#8362 = SURFACE_CURVE('',#8363,(#8367,#8374),.PCURVE_S1.);
#8363 = LINE('',#8364,#8365);
#8364 = CARTESIAN_POINT('',(565.,40.,1.17E+03));
#8365 = VECTOR('',#8366,1.);
#8366 = DIRECTION('',(-0.,1.,0.));
#8367 = PCURVE('',#7917,#8368);
#8368 = DEFINITIONAL_REPRESENTATION('',(#8369),#8373);
#8369 = LINE('',#8370,#8371);
#8370 = CARTESIAN_POINT('',(20.,0.));
#8371 = VECTOR('',#8372,1.);
#8372 = DIRECTION('',(0.,1.));
#8373 = ( GEOMETRIC_REPRESENTATION_CONTEXT(2) 
PARAMETRIC_REPRESENTATION_CONTEXT() REPRESENTATION_CONTEXT('2D SPACE',''
  ) );
#8374 = PCURVE('',#7993,#8375);
#8375 = DEFINITIONAL_REPRESENTATION('',(#8376),#8380);
#8376 = LINE('',#8377,#8378);
#8377 = CARTESIAN_POINT('',(3.,0.));
#8378 = VECTOR('',#8379,1.);
#8379 = DIRECTION('',(0.,-1.));
#8380 = ( GEOMETRIC_REPRESENTATION_CONTEXT(2) 
PARAMETRIC_REPRESENTATION_CONTEXT() REPRESENTATION_CONTEXT('2D SPACE',''
  ) );
#8381 = ORIENTED_EDGE('',*,*,#8335,.F.);
#8382 = ADVANCED_FACE('',(#8383),#7993,.T.);
#8383 = FACE_BOUND('',#8384,.T.);
#8384 = EDGE_LOOP('',(#8385,#8386,#8387,#8388,#8389,#8390,#8391,#8392));
#8385 = ORIENTED_EDGE('',*,*,#7979,.F.);
#8386 = ORIENTED_EDGE('',*,*,#8010,.T.);
#8387 = ORIENTED_EDGE('',*,*,#8057,.F.);
#8388 = ORIENTED_EDGE('',*,*,#8139,.T.);
#8389 = ORIENTED_EDGE('',*,*,#8211,.T.);
#8390 = ORIENTED_EDGE('',*,*,#8285,.F.);
#8391 = ORIENTED_EDGE('',*,*,#8310,.T.);
#8392 = ORIENTED_EDGE('',*,*,#8361,.F.);
#8393 = ADVANCED_FACE('',(#8394),#8122,.F.);
#8394 = FACE_BOUND('',#8395,.F.);
#8395 = EDGE_LOOP('',(#8396,#8397,#8418,#8419));
#8396 = ORIENTED_EDGE('',*,*,#8234,.F.);
#8397 = ORIENTED_EDGE('',*,*,#8398,.F.);
#8398 = EDGE_CURVE('',#8106,#8235,#8399,.T.);
#8399 = SEAM_CURVE('',#8400,(#8404,#8411),.PCURVE_S1.);
#8400 = LINE('',#8401,#8402);
#8401 = CARTESIAN_POINT('',(555.,56.,1.15975E+03));
#8402 = VECTOR('',#8403,1.);
#8403 = DIRECTION('',(0.,1.,0.));
#8404 = PCURVE('',#8122,#8405);
#8405 = DEFINITIONAL_REPRESENTATION('',(#8406),#8410);
#8406 = LINE('',#8407,#8408);
#8407 = CARTESIAN_POINT('',(6.28318530718,-0.));
#8408 = VECTOR('',#8409,1.);
#8409 = DIRECTION('',(0.,1.));
#8410 = ( GEOMETRIC_REPRESENTATION_CONTEXT(2) 
PARAMETRIC_REPRESENTATION_CONTEXT() REPRESENTATION_CONTEXT('2D SPACE',''
  ) );
#8411 = PCURVE('',#8122,#8412);
#8412 = DEFINITIONAL_REPRESENTATION('',(#8413),#8417);
#8413 = LINE('',#8414,#8415);
#8414 = CARTESIAN_POINT('',(0.,-0.));
#8415 = VECTOR('',#8416,1.);
#8416 = DIRECTION('',(0.,1.));
#8417 = ( GEOMETRIC_REPRESENTATION_CONTEXT(2) 
PARAMETRIC_REPRESENTATION_CONTEXT() REPRESENTATION_CONTEXT('2D SPACE',''
  ) );
#8418 = ORIENTED_EDGE('',*,*,#8105,.T.);
#8419 = ORIENTED_EDGE('',*,*,#8398,.T.);
#8420 = MANIFOLD_SOLID_BREP('',#8421);
#8421 = CLOSED_SHELL('',(#8422,#8654,#8730,#8779,#8828,#8877,#8957,#9006
    ,#9081,#9108,#9119));
#8422 = ADVANCED_FACE('',(#8423),#8437,.F.);
#8423 = FACE_BOUND('',#8424,.F.);
#8424 = EDGE_LOOP('',(#8425,#8460,#8488,#8516,#8544,#8572,#8600,#8628));
#8425 = ORIENTED_EDGE('',*,*,#8426,.F.);
#8426 = EDGE_CURVE('',#8427,#8429,#8431,.T.);
#8427 = VERTEX_POINT('',#8428);
#8428 = CARTESIAN_POINT('',(545.,40.,1.43E+03));
#8429 = VERTEX_POINT('',#8430);
#8430 = CARTESIAN_POINT('',(545.,40.,1.433E+03));
#8431 = SURFACE_CURVE('',#8432,(#8436,#8448),.PCURVE_S1.);
#8432 = LINE('',#8433,#8434);
#8433 = CARTESIAN_POINT('',(545.,40.,1.43E+03));
#8434 = VECTOR('',#8435,1.);
#8435 = DIRECTION('',(0.,0.,1.));
#8436 = PCURVE('',#8437,#8442);
#8437 = PLANE('',#8438);
#8438 = AXIS2_PLACEMENT_3D('',#8439,#8440,#8441);
#8439 = CARTESIAN_POINT('',(545.,40.,1.43E+03));
#8440 = DIRECTION('',(1.,0.,-0.));
#8441 = DIRECTION('',(0.,0.,1.));
#8442 = DEFINITIONAL_REPRESENTATION('',(#8443),#8447);
#8443 = LINE('',#8444,#8445);
#8444 = CARTESIAN_POINT('',(0.,0.));
#8445 = VECTOR('',#8446,1.);
#8446 = DIRECTION('',(1.,0.));
#8447 = ( GEOMETRIC_REPRESENTATION_CONTEXT(2) 
PARAMETRIC_REPRESENTATION_CONTEXT() REPRESENTATION_CONTEXT('2D SPACE',''
  ) );
#8448 = PCURVE('',#8449,#8454);
#8449 = PLANE('',#8450);
#8450 = AXIS2_PLACEMENT_3D('',#8451,#8452,#8453);
#8451 = CARTESIAN_POINT('',(545.,40.,1.43E+03));
#8452 = DIRECTION('',(-0.,1.,0.));
#8453 = DIRECTION('',(0.,0.,1.));
#8454 = DEFINITIONAL_REPRESENTATION('',(#8455),#8459);
#8455 = LINE('',#8456,#8457);
#8456 = CARTESIAN_POINT('',(0.,0.));
#8457 = VECTOR('',#8458,1.);
#8458 = DIRECTION('',(1.,0.));
#8459 = ( GEOMETRIC_REPRESENTATION_CONTEXT(2) 
PARAMETRIC_REPRESENTATION_CONTEXT() REPRESENTATION_CONTEXT('2D SPACE',''
  ) );
#8460 = ORIENTED_EDGE('',*,*,#8461,.T.);
#8461 = EDGE_CURVE('',#8427,#8462,#8464,.T.);
#8462 = VERTEX_POINT('',#8463);
#8463 = CARTESIAN_POINT('',(545.,57.,1.43E+03));
#8464 = SURFACE_CURVE('',#8465,(#8469,#8476),.PCURVE_S1.);
#8465 = LINE('',#8466,#8467);
#8466 = CARTESIAN_POINT('',(545.,40.,1.43E+03));
#8467 = VECTOR('',#8468,1.);
#8468 = DIRECTION('',(-0.,1.,0.));
#8469 = PCURVE('',#8437,#8470);
#8470 = DEFINITIONAL_REPRESENTATION('',(#8471),#8475);
#8471 = LINE('',#8472,#8473);
#8472 = CARTESIAN_POINT('',(0.,0.));
#8473 = VECTOR('',#8474,1.);
#8474 = DIRECTION('',(0.,-1.));
#8475 = ( GEOMETRIC_REPRESENTATION_CONTEXT(2) 
PARAMETRIC_REPRESENTATION_CONTEXT() REPRESENTATION_CONTEXT('2D SPACE',''
  ) );
#8476 = PCURVE('',#8477,#8482);
#8477 = PLANE('',#8478);
#8478 = AXIS2_PLACEMENT_3D('',#8479,#8480,#8481);
#8479 = CARTESIAN_POINT('',(545.,40.,1.43E+03));
#8480 = DIRECTION('',(0.,0.,1.));
#8481 = DIRECTION('',(1.,0.,-0.));
#8482 = DEFINITIONAL_REPRESENTATION('',(#8483),#8487);
#8483 = LINE('',#8484,#8485);
#8484 = CARTESIAN_POINT('',(0.,0.));
#8485 = VECTOR('',#8486,1.);
#8486 = DIRECTION('',(0.,1.));
#8487 = ( GEOMETRIC_REPRESENTATION_CONTEXT(2) 
PARAMETRIC_REPRESENTATION_CONTEXT() REPRESENTATION_CONTEXT('2D SPACE',''
  ) );
#8488 = ORIENTED_EDGE('',*,*,#8489,.T.);
#8489 = EDGE_CURVE('',#8462,#8490,#8492,.T.);
#8490 = VERTEX_POINT('',#8491);
#8491 = CARTESIAN_POINT('',(545.,57.,1.432E+03));
#8492 = SURFACE_CURVE('',#8493,(#8497,#8504),.PCURVE_S1.);
#8493 = LINE('',#8494,#8495);
#8494 = CARTESIAN_POINT('',(545.,57.,1.43E+03));
#8495 = VECTOR('',#8496,1.);
#8496 = DIRECTION('',(0.,0.,1.));
#8497 = PCURVE('',#8437,#8498);
#8498 = DEFINITIONAL_REPRESENTATION('',(#8499),#8503);
#8499 = LINE('',#8500,#8501);
#8500 = CARTESIAN_POINT('',(0.,-17.));
#8501 = VECTOR('',#8502,1.);
#8502 = DIRECTION('',(1.,0.));
#8503 = ( GEOMETRIC_REPRESENTATION_CONTEXT(2) 
PARAMETRIC_REPRESENTATION_CONTEXT() REPRESENTATION_CONTEXT('2D SPACE',''
  ) );
#8504 = PCURVE('',#8505,#8510);
#8505 = PLANE('',#8506);
#8506 = AXIS2_PLACEMENT_3D('',#8507,#8508,#8509);
#8507 = CARTESIAN_POINT('',(545.,57.,1.43E+03));
#8508 = DIRECTION('',(-0.,1.,0.));
#8509 = DIRECTION('',(0.,0.,1.));
#8510 = DEFINITIONAL_REPRESENTATION('',(#8511),#8515);
#8511 = LINE('',#8512,#8513);
#8512 = CARTESIAN_POINT('',(0.,0.));
#8513 = VECTOR('',#8514,1.);
#8514 = DIRECTION('',(1.,0.));
#8515 = ( GEOMETRIC_REPRESENTATION_CONTEXT(2) 
PARAMETRIC_REPRESENTATION_CONTEXT() REPRESENTATION_CONTEXT('2D SPACE',''
  ) );
#8516 = ORIENTED_EDGE('',*,*,#8517,.T.);
#8517 = EDGE_CURVE('',#8490,#8518,#8520,.T.);
#8518 = VERTEX_POINT('',#8519);
#8519 = CARTESIAN_POINT('',(545.,60.,1.432E+03));
#8520 = SURFACE_CURVE('',#8521,(#8525,#8532),.PCURVE_S1.);
#8521 = LINE('',#8522,#8523);
#8522 = CARTESIAN_POINT('',(545.,57.,1.432E+03));
#8523 = VECTOR('',#8524,1.);
#8524 = DIRECTION('',(-0.,1.,0.));
#8525 = PCURVE('',#8437,#8526);
#8526 = DEFINITIONAL_REPRESENTATION('',(#8527),#8531);
#8527 = LINE('',#8528,#8529);
#8528 = CARTESIAN_POINT('',(2.,-17.));
#8529 = VECTOR('',#8530,1.);
#8530 = DIRECTION('',(0.,-1.));
#8531 = ( GEOMETRIC_REPRESENTATION_CONTEXT(2) 
PARAMETRIC_REPRESENTATION_CONTEXT() REPRESENTATION_CONTEXT('2D SPACE',''
  ) );
#8532 = PCURVE('',#8533,#8538);
#8533 = PLANE('',#8534);
#8534 = AXIS2_PLACEMENT_3D('',#8535,#8536,#8537);
#8535 = CARTESIAN_POINT('',(545.,57.,1.432E+03));
#8536 = DIRECTION('',(0.,0.,1.));
#8537 = DIRECTION('',(1.,0.,-0.));
#8538 = DEFINITIONAL_REPRESENTATION('',(#8539),#8543);
#8539 = LINE('',#8540,#8541);
#8540 = CARTESIAN_POINT('',(0.,0.));
#8541 = VECTOR('',#8542,1.);
#8542 = DIRECTION('',(0.,1.));
#8543 = ( GEOMETRIC_REPRESENTATION_CONTEXT(2) 
PARAMETRIC_REPRESENTATION_CONTEXT() REPRESENTATION_CONTEXT('2D SPACE',''
  ) );
#8544 = ORIENTED_EDGE('',*,*,#8545,.T.);
#8545 = EDGE_CURVE('',#8518,#8546,#8548,.T.);
#8546 = VERTEX_POINT('',#8547);
#8547 = CARTESIAN_POINT('',(545.,60.,1.452E+03));
#8548 = SURFACE_CURVE('',#8549,(#8553,#8560),.PCURVE_S1.);
#8549 = LINE('',#8550,#8551);
#8550 = CARTESIAN_POINT('',(545.,60.,1.432E+03));
#8551 = VECTOR('',#8552,1.);
#8552 = DIRECTION('',(0.,0.,1.));
#8553 = PCURVE('',#8437,#8554);
#8554 = DEFINITIONAL_REPRESENTATION('',(#8555),#8559);
#8555 = LINE('',#8556,#8557);
#8556 = CARTESIAN_POINT('',(2.,-20.));
#8557 = VECTOR('',#8558,1.);
#8558 = DIRECTION('',(1.,0.));
#8559 = ( GEOMETRIC_REPRESENTATION_CONTEXT(2) 
PARAMETRIC_REPRESENTATION_CONTEXT() REPRESENTATION_CONTEXT('2D SPACE',''
  ) );
#8560 = PCURVE('',#8561,#8566);
#8561 = PLANE('',#8562);
#8562 = AXIS2_PLACEMENT_3D('',#8563,#8564,#8565);
#8563 = CARTESIAN_POINT('',(545.,60.,1.432E+03));
#8564 = DIRECTION('',(-0.,1.,0.));
#8565 = DIRECTION('',(0.,0.,1.));
#8566 = DEFINITIONAL_REPRESENTATION('',(#8567),#8571);
#8567 = LINE('',#8568,#8569);
#8568 = CARTESIAN_POINT('',(0.,0.));
#8569 = VECTOR('',#8570,1.);
#8570 = DIRECTION('',(1.,0.));
#8571 = ( GEOMETRIC_REPRESENTATION_CONTEXT(2) 
PARAMETRIC_REPRESENTATION_CONTEXT() REPRESENTATION_CONTEXT('2D SPACE',''
  ) );
#8572 = ORIENTED_EDGE('',*,*,#8573,.F.);
#8573 = EDGE_CURVE('',#8574,#8546,#8576,.T.);
#8574 = VERTEX_POINT('',#8575);
#8575 = CARTESIAN_POINT('',(545.,57.,1.452E+03));
#8576 = SURFACE_CURVE('',#8577,(#8581,#8588),.PCURVE_S1.);
#8577 = LINE('',#8578,#8579);
#8578 = CARTESIAN_POINT('',(545.,57.,1.452E+03));
#8579 = VECTOR('',#8580,1.);
#8580 = DIRECTION('',(-0.,1.,0.));
#8581 = PCURVE('',#8437,#8582);
#8582 = DEFINITIONAL_REPRESENTATION('',(#8583),#8587);
#8583 = LINE('',#8584,#8585);
#8584 = CARTESIAN_POINT('',(22.,-17.));
#8585 = VECTOR('',#8586,1.);
#8586 = DIRECTION('',(0.,-1.));
#8587 = ( GEOMETRIC_REPRESENTATION_CONTEXT(2) 
PARAMETRIC_REPRESENTATION_CONTEXT() REPRESENTATION_CONTEXT('2D SPACE',''
  ) );
#8588 = PCURVE('',#8589,#8594);
#8589 = PLANE('',#8590);
#8590 = AXIS2_PLACEMENT_3D('',#8591,#8592,#8593);
#8591 = CARTESIAN_POINT('',(545.,57.,1.452E+03));
#8592 = DIRECTION('',(0.,0.,1.));
#8593 = DIRECTION('',(1.,0.,-0.));
#8594 = DEFINITIONAL_REPRESENTATION('',(#8595),#8599);
#8595 = LINE('',#8596,#8597);
#8596 = CARTESIAN_POINT('',(0.,0.));
#8597 = VECTOR('',#8598,1.);
#8598 = DIRECTION('',(0.,1.));
#8599 = ( GEOMETRIC_REPRESENTATION_CONTEXT(2) 
PARAMETRIC_REPRESENTATION_CONTEXT() REPRESENTATION_CONTEXT('2D SPACE',''
  ) );
#8600 = ORIENTED_EDGE('',*,*,#8601,.F.);
#8601 = EDGE_CURVE('',#8602,#8574,#8604,.T.);
#8602 = VERTEX_POINT('',#8603);
#8603 = CARTESIAN_POINT('',(545.,57.,1.433E+03));
#8604 = SURFACE_CURVE('',#8605,(#8609,#8616),.PCURVE_S1.);
#8605 = LINE('',#8606,#8607);
#8606 = CARTESIAN_POINT('',(545.,57.,1.432E+03));
#8607 = VECTOR('',#8608,1.);
#8608 = DIRECTION('',(0.,0.,1.));
#8609 = PCURVE('',#8437,#8610);
#8610 = DEFINITIONAL_REPRESENTATION('',(#8611),#8615);
#8611 = LINE('',#8612,#8613);
#8612 = CARTESIAN_POINT('',(2.,-17.));
#8613 = VECTOR('',#8614,1.);
#8614 = DIRECTION('',(1.,0.));
#8615 = ( GEOMETRIC_REPRESENTATION_CONTEXT(2) 
PARAMETRIC_REPRESENTATION_CONTEXT() REPRESENTATION_CONTEXT('2D SPACE',''
  ) );
#8616 = PCURVE('',#8617,#8622);
#8617 = PLANE('',#8618);
#8618 = AXIS2_PLACEMENT_3D('',#8619,#8620,#8621);
#8619 = CARTESIAN_POINT('',(545.,57.,1.432E+03));
#8620 = DIRECTION('',(-0.,1.,0.));
#8621 = DIRECTION('',(0.,0.,1.));
#8622 = DEFINITIONAL_REPRESENTATION('',(#8623),#8627);
#8623 = LINE('',#8624,#8625);
#8624 = CARTESIAN_POINT('',(0.,0.));
#8625 = VECTOR('',#8626,1.);
#8626 = DIRECTION('',(1.,0.));
#8627 = ( GEOMETRIC_REPRESENTATION_CONTEXT(2) 
PARAMETRIC_REPRESENTATION_CONTEXT() REPRESENTATION_CONTEXT('2D SPACE',''
  ) );
#8628 = ORIENTED_EDGE('',*,*,#8629,.F.);
#8629 = EDGE_CURVE('',#8429,#8602,#8630,.T.);
#8630 = SURFACE_CURVE('',#8631,(#8635,#8642),.PCURVE_S1.);
#8631 = LINE('',#8632,#8633);
#8632 = CARTESIAN_POINT('',(545.,40.,1.433E+03));
#8633 = VECTOR('',#8634,1.);
#8634 = DIRECTION('',(-0.,1.,0.));
#8635 = PCURVE('',#8437,#8636);
#8636 = DEFINITIONAL_REPRESENTATION('',(#8637),#8641);
#8637 = LINE('',#8638,#8639);
#8638 = CARTESIAN_POINT('',(3.,0.));
#8639 = VECTOR('',#8640,1.);
#8640 = DIRECTION('',(0.,-1.));
#8641 = ( GEOMETRIC_REPRESENTATION_CONTEXT(2) 
PARAMETRIC_REPRESENTATION_CONTEXT() REPRESENTATION_CONTEXT('2D SPACE',''
  ) );
#8642 = PCURVE('',#8643,#8648);
#8643 = PLANE('',#8644);
#8644 = AXIS2_PLACEMENT_3D('',#8645,#8646,#8647);
#8645 = CARTESIAN_POINT('',(545.,40.,1.433E+03));
#8646 = DIRECTION('',(0.,0.,1.));
#8647 = DIRECTION('',(1.,0.,-0.));
#8648 = DEFINITIONAL_REPRESENTATION('',(#8649),#8653);
#8649 = LINE('',#8650,#8651);
#8650 = CARTESIAN_POINT('',(0.,0.));
#8651 = VECTOR('',#8652,1.);
#8652 = DIRECTION('',(0.,1.));
#8653 = ( GEOMETRIC_REPRESENTATION_CONTEXT(2) 
PARAMETRIC_REPRESENTATION_CONTEXT() REPRESENTATION_CONTEXT('2D SPACE',''
  ) );
#8654 = ADVANCED_FACE('',(#8655),#8449,.F.);
#8655 = FACE_BOUND('',#8656,.F.);
#8656 = EDGE_LOOP('',(#8657,#8680,#8681,#8704));
#8657 = ORIENTED_EDGE('',*,*,#8658,.F.);
#8658 = EDGE_CURVE('',#8427,#8659,#8661,.T.);
#8659 = VERTEX_POINT('',#8660);
#8660 = CARTESIAN_POINT('',(565.,40.,1.43E+03));
#8661 = SURFACE_CURVE('',#8662,(#8666,#8673),.PCURVE_S1.);
#8662 = LINE('',#8663,#8664);
#8663 = CARTESIAN_POINT('',(545.,40.,1.43E+03));
#8664 = VECTOR('',#8665,1.);
#8665 = DIRECTION('',(1.,0.,-0.));
#8666 = PCURVE('',#8449,#8667);
#8667 = DEFINITIONAL_REPRESENTATION('',(#8668),#8672);
#8668 = LINE('',#8669,#8670);
#8669 = CARTESIAN_POINT('',(0.,0.));
#8670 = VECTOR('',#8671,1.);
#8671 = DIRECTION('',(0.,1.));
#8672 = ( GEOMETRIC_REPRESENTATION_CONTEXT(2) 
PARAMETRIC_REPRESENTATION_CONTEXT() REPRESENTATION_CONTEXT('2D SPACE',''
  ) );
#8673 = PCURVE('',#8477,#8674);
#8674 = DEFINITIONAL_REPRESENTATION('',(#8675),#8679);
#8675 = LINE('',#8676,#8677);
#8676 = CARTESIAN_POINT('',(0.,0.));
#8677 = VECTOR('',#8678,1.);
#8678 = DIRECTION('',(1.,0.));
#8679 = ( GEOMETRIC_REPRESENTATION_CONTEXT(2) 
PARAMETRIC_REPRESENTATION_CONTEXT() REPRESENTATION_CONTEXT('2D SPACE',''
  ) );
#8680 = ORIENTED_EDGE('',*,*,#8426,.T.);
#8681 = ORIENTED_EDGE('',*,*,#8682,.T.);
#8682 = EDGE_CURVE('',#8429,#8683,#8685,.T.);
#8683 = VERTEX_POINT('',#8684);
#8684 = CARTESIAN_POINT('',(565.,40.,1.433E+03));
#8685 = SURFACE_CURVE('',#8686,(#8690,#8697),.PCURVE_S1.);
#8686 = LINE('',#8687,#8688);
#8687 = CARTESIAN_POINT('',(545.,40.,1.433E+03));
#8688 = VECTOR('',#8689,1.);
#8689 = DIRECTION('',(1.,0.,-0.));
#8690 = PCURVE('',#8449,#8691);
#8691 = DEFINITIONAL_REPRESENTATION('',(#8692),#8696);
#8692 = LINE('',#8693,#8694);
#8693 = CARTESIAN_POINT('',(3.,0.));
#8694 = VECTOR('',#8695,1.);
#8695 = DIRECTION('',(0.,1.));
#8696 = ( GEOMETRIC_REPRESENTATION_CONTEXT(2) 
PARAMETRIC_REPRESENTATION_CONTEXT() REPRESENTATION_CONTEXT('2D SPACE',''
  ) );
#8697 = PCURVE('',#8643,#8698);
#8698 = DEFINITIONAL_REPRESENTATION('',(#8699),#8703);
#8699 = LINE('',#8700,#8701);
#8700 = CARTESIAN_POINT('',(0.,0.));
#8701 = VECTOR('',#8702,1.);
#8702 = DIRECTION('',(1.,0.));
#8703 = ( GEOMETRIC_REPRESENTATION_CONTEXT(2) 
PARAMETRIC_REPRESENTATION_CONTEXT() REPRESENTATION_CONTEXT('2D SPACE',''
  ) );
#8704 = ORIENTED_EDGE('',*,*,#8705,.F.);
#8705 = EDGE_CURVE('',#8659,#8683,#8706,.T.);
#8706 = SURFACE_CURVE('',#8707,(#8711,#8718),.PCURVE_S1.);
#8707 = LINE('',#8708,#8709);
#8708 = CARTESIAN_POINT('',(565.,40.,1.43E+03));
#8709 = VECTOR('',#8710,1.);
#8710 = DIRECTION('',(0.,0.,1.));
#8711 = PCURVE('',#8449,#8712);
#8712 = DEFINITIONAL_REPRESENTATION('',(#8713),#8717);
#8713 = LINE('',#8714,#8715);
#8714 = CARTESIAN_POINT('',(0.,20.));
#8715 = VECTOR('',#8716,1.);
#8716 = DIRECTION('',(1.,0.));
#8717 = ( GEOMETRIC_REPRESENTATION_CONTEXT(2) 
PARAMETRIC_REPRESENTATION_CONTEXT() REPRESENTATION_CONTEXT('2D SPACE',''
  ) );
#8718 = PCURVE('',#8719,#8724);
#8719 = PLANE('',#8720);
#8720 = AXIS2_PLACEMENT_3D('',#8721,#8722,#8723);
#8721 = CARTESIAN_POINT('',(565.,40.,1.43E+03));
#8722 = DIRECTION('',(1.,0.,-0.));
#8723 = DIRECTION('',(0.,0.,1.));
#8724 = DEFINITIONAL_REPRESENTATION('',(#8725),#8729);
#8725 = LINE('',#8726,#8727);
#8726 = CARTESIAN_POINT('',(0.,0.));
#8727 = VECTOR('',#8728,1.);
#8728 = DIRECTION('',(1.,0.));
#8729 = ( GEOMETRIC_REPRESENTATION_CONTEXT(2) 
PARAMETRIC_REPRESENTATION_CONTEXT() REPRESENTATION_CONTEXT('2D SPACE',''
  ) );
#8730 = ADVANCED_FACE('',(#8731),#8477,.F.);
#8731 = FACE_BOUND('',#8732,.F.);
#8732 = EDGE_LOOP('',(#8733,#8734,#8735,#8758));
#8733 = ORIENTED_EDGE('',*,*,#8461,.F.);
#8734 = ORIENTED_EDGE('',*,*,#8658,.T.);
#8735 = ORIENTED_EDGE('',*,*,#8736,.T.);
#8736 = EDGE_CURVE('',#8659,#8737,#8739,.T.);
#8737 = VERTEX_POINT('',#8738);
#8738 = CARTESIAN_POINT('',(565.,57.,1.43E+03));
#8739 = SURFACE_CURVE('',#8740,(#8744,#8751),.PCURVE_S1.);
#8740 = LINE('',#8741,#8742);
#8741 = CARTESIAN_POINT('',(565.,40.,1.43E+03));
#8742 = VECTOR('',#8743,1.);
#8743 = DIRECTION('',(-0.,1.,0.));
#8744 = PCURVE('',#8477,#8745);
#8745 = DEFINITIONAL_REPRESENTATION('',(#8746),#8750);
#8746 = LINE('',#8747,#8748);
#8747 = CARTESIAN_POINT('',(20.,0.));
#8748 = VECTOR('',#8749,1.);
#8749 = DIRECTION('',(0.,1.));
#8750 = ( GEOMETRIC_REPRESENTATION_CONTEXT(2) 
PARAMETRIC_REPRESENTATION_CONTEXT() REPRESENTATION_CONTEXT('2D SPACE',''
  ) );
#8751 = PCURVE('',#8719,#8752);
#8752 = DEFINITIONAL_REPRESENTATION('',(#8753),#8757);
#8753 = LINE('',#8754,#8755);
#8754 = CARTESIAN_POINT('',(0.,0.));
#8755 = VECTOR('',#8756,1.);
#8756 = DIRECTION('',(0.,-1.));
#8757 = ( GEOMETRIC_REPRESENTATION_CONTEXT(2) 
PARAMETRIC_REPRESENTATION_CONTEXT() REPRESENTATION_CONTEXT('2D SPACE',''
  ) );
#8758 = ORIENTED_EDGE('',*,*,#8759,.F.);
#8759 = EDGE_CURVE('',#8462,#8737,#8760,.T.);
#8760 = SURFACE_CURVE('',#8761,(#8765,#8772),.PCURVE_S1.);
#8761 = LINE('',#8762,#8763);
#8762 = CARTESIAN_POINT('',(545.,57.,1.43E+03));
#8763 = VECTOR('',#8764,1.);
#8764 = DIRECTION('',(1.,0.,-0.));
#8765 = PCURVE('',#8477,#8766);
#8766 = DEFINITIONAL_REPRESENTATION('',(#8767),#8771);
#8767 = LINE('',#8768,#8769);
#8768 = CARTESIAN_POINT('',(0.,17.));
#8769 = VECTOR('',#8770,1.);
#8770 = DIRECTION('',(1.,0.));
#8771 = ( GEOMETRIC_REPRESENTATION_CONTEXT(2) 
PARAMETRIC_REPRESENTATION_CONTEXT() REPRESENTATION_CONTEXT('2D SPACE',''
  ) );
#8772 = PCURVE('',#8505,#8773);
#8773 = DEFINITIONAL_REPRESENTATION('',(#8774),#8778);
#8774 = LINE('',#8775,#8776);
#8775 = CARTESIAN_POINT('',(0.,0.));
#8776 = VECTOR('',#8777,1.);
#8777 = DIRECTION('',(0.,1.));
#8778 = ( GEOMETRIC_REPRESENTATION_CONTEXT(2) 
PARAMETRIC_REPRESENTATION_CONTEXT() REPRESENTATION_CONTEXT('2D SPACE',''
  ) );
#8779 = ADVANCED_FACE('',(#8780),#8505,.T.);
#8780 = FACE_BOUND('',#8781,.T.);
#8781 = EDGE_LOOP('',(#8782,#8805,#8806,#8807));
#8782 = ORIENTED_EDGE('',*,*,#8783,.F.);
#8783 = EDGE_CURVE('',#8737,#8784,#8786,.T.);
#8784 = VERTEX_POINT('',#8785);
#8785 = CARTESIAN_POINT('',(565.,57.,1.432E+03));
#8786 = SURFACE_CURVE('',#8787,(#8791,#8798),.PCURVE_S1.);
#8787 = LINE('',#8788,#8789);
#8788 = CARTESIAN_POINT('',(565.,57.,1.43E+03));
#8789 = VECTOR('',#8790,1.);
#8790 = DIRECTION('',(0.,0.,1.));
#8791 = PCURVE('',#8505,#8792);
#8792 = DEFINITIONAL_REPRESENTATION('',(#8793),#8797);
#8793 = LINE('',#8794,#8795);
#8794 = CARTESIAN_POINT('',(0.,20.));
#8795 = VECTOR('',#8796,1.);
#8796 = DIRECTION('',(1.,0.));
#8797 = ( GEOMETRIC_REPRESENTATION_CONTEXT(2) 
PARAMETRIC_REPRESENTATION_CONTEXT() REPRESENTATION_CONTEXT('2D SPACE',''
  ) );
#8798 = PCURVE('',#8719,#8799);
#8799 = DEFINITIONAL_REPRESENTATION('',(#8800),#8804);
#8800 = LINE('',#8801,#8802);
#8801 = CARTESIAN_POINT('',(0.,-17.));
#8802 = VECTOR('',#8803,1.);
#8803 = DIRECTION('',(1.,0.));
#8804 = ( GEOMETRIC_REPRESENTATION_CONTEXT(2) 
PARAMETRIC_REPRESENTATION_CONTEXT() REPRESENTATION_CONTEXT('2D SPACE',''
  ) );
#8805 = ORIENTED_EDGE('',*,*,#8759,.F.);
#8806 = ORIENTED_EDGE('',*,*,#8489,.T.);
#8807 = ORIENTED_EDGE('',*,*,#8808,.T.);
#8808 = EDGE_CURVE('',#8490,#8784,#8809,.T.);
#8809 = SURFACE_CURVE('',#8810,(#8814,#8821),.PCURVE_S1.);
#8810 = LINE('',#8811,#8812);
#8811 = CARTESIAN_POINT('',(545.,57.,1.432E+03));
#8812 = VECTOR('',#8813,1.);
#8813 = DIRECTION('',(1.,0.,-0.));
#8814 = PCURVE('',#8505,#8815);
#8815 = DEFINITIONAL_REPRESENTATION('',(#8816),#8820);
#8816 = LINE('',#8817,#8818);
#8817 = CARTESIAN_POINT('',(2.,0.));
#8818 = VECTOR('',#8819,1.);
#8819 = DIRECTION('',(0.,1.));
#8820 = ( GEOMETRIC_REPRESENTATION_CONTEXT(2) 
PARAMETRIC_REPRESENTATION_CONTEXT() REPRESENTATION_CONTEXT('2D SPACE',''
  ) );
#8821 = PCURVE('',#8533,#8822);
#8822 = DEFINITIONAL_REPRESENTATION('',(#8823),#8827);
#8823 = LINE('',#8824,#8825);
#8824 = CARTESIAN_POINT('',(0.,0.));
#8825 = VECTOR('',#8826,1.);
#8826 = DIRECTION('',(1.,0.));
#8827 = ( GEOMETRIC_REPRESENTATION_CONTEXT(2) 
PARAMETRIC_REPRESENTATION_CONTEXT() REPRESENTATION_CONTEXT('2D SPACE',''
  ) );
#8828 = ADVANCED_FACE('',(#8829),#8533,.F.);
#8829 = FACE_BOUND('',#8830,.F.);
#8830 = EDGE_LOOP('',(#8831,#8832,#8833,#8856));
#8831 = ORIENTED_EDGE('',*,*,#8517,.F.);
#8832 = ORIENTED_EDGE('',*,*,#8808,.T.);
#8833 = ORIENTED_EDGE('',*,*,#8834,.T.);
#8834 = EDGE_CURVE('',#8784,#8835,#8837,.T.);
#8835 = VERTEX_POINT('',#8836);
#8836 = CARTESIAN_POINT('',(565.,60.,1.432E+03));
#8837 = SURFACE_CURVE('',#8838,(#8842,#8849),.PCURVE_S1.);
#8838 = LINE('',#8839,#8840);
#8839 = CARTESIAN_POINT('',(565.,57.,1.432E+03));
#8840 = VECTOR('',#8841,1.);
#8841 = DIRECTION('',(-0.,1.,0.));
#8842 = PCURVE('',#8533,#8843);
#8843 = DEFINITIONAL_REPRESENTATION('',(#8844),#8848);
#8844 = LINE('',#8845,#8846);
#8845 = CARTESIAN_POINT('',(20.,0.));
#8846 = VECTOR('',#8847,1.);
#8847 = DIRECTION('',(0.,1.));
#8848 = ( GEOMETRIC_REPRESENTATION_CONTEXT(2) 
PARAMETRIC_REPRESENTATION_CONTEXT() REPRESENTATION_CONTEXT('2D SPACE',''
  ) );
#8849 = PCURVE('',#8719,#8850);
#8850 = DEFINITIONAL_REPRESENTATION('',(#8851),#8855);
#8851 = LINE('',#8852,#8853);
#8852 = CARTESIAN_POINT('',(2.,-17.));
#8853 = VECTOR('',#8854,1.);
#8854 = DIRECTION('',(0.,-1.));
#8855 = ( GEOMETRIC_REPRESENTATION_CONTEXT(2) 
PARAMETRIC_REPRESENTATION_CONTEXT() REPRESENTATION_CONTEXT('2D SPACE',''
  ) );
#8856 = ORIENTED_EDGE('',*,*,#8857,.F.);
#8857 = EDGE_CURVE('',#8518,#8835,#8858,.T.);
#8858 = SURFACE_CURVE('',#8859,(#8863,#8870),.PCURVE_S1.);
#8859 = LINE('',#8860,#8861);
#8860 = CARTESIAN_POINT('',(545.,60.,1.432E+03));
#8861 = VECTOR('',#8862,1.);
#8862 = DIRECTION('',(1.,0.,-0.));
#8863 = PCURVE('',#8533,#8864);
#8864 = DEFINITIONAL_REPRESENTATION('',(#8865),#8869);
#8865 = LINE('',#8866,#8867);
#8866 = CARTESIAN_POINT('',(0.,3.));
#8867 = VECTOR('',#8868,1.);
#8868 = DIRECTION('',(1.,0.));
#8869 = ( GEOMETRIC_REPRESENTATION_CONTEXT(2) 
PARAMETRIC_REPRESENTATION_CONTEXT() REPRESENTATION_CONTEXT('2D SPACE',''
  ) );
#8870 = PCURVE('',#8561,#8871);
#8871 = DEFINITIONAL_REPRESENTATION('',(#8872),#8876);
#8872 = LINE('',#8873,#8874);
#8873 = CARTESIAN_POINT('',(0.,0.));
#8874 = VECTOR('',#8875,1.);
#8875 = DIRECTION('',(0.,1.));
#8876 = ( GEOMETRIC_REPRESENTATION_CONTEXT(2) 
PARAMETRIC_REPRESENTATION_CONTEXT() REPRESENTATION_CONTEXT('2D SPACE',''
  ) );
#8877 = ADVANCED_FACE('',(#8878,#8926),#8561,.T.);
#8878 = FACE_BOUND('',#8879,.T.);
#8879 = EDGE_LOOP('',(#8880,#8881,#8882,#8905));
#8880 = ORIENTED_EDGE('',*,*,#8857,.F.);
#8881 = ORIENTED_EDGE('',*,*,#8545,.T.);
#8882 = ORIENTED_EDGE('',*,*,#8883,.T.);
#8883 = EDGE_CURVE('',#8546,#8884,#8886,.T.);
#8884 = VERTEX_POINT('',#8885);
#8885 = CARTESIAN_POINT('',(565.,60.,1.452E+03));
#8886 = SURFACE_CURVE('',#8887,(#8891,#8898),.PCURVE_S1.);
#8887 = LINE('',#8888,#8889);
#8888 = CARTESIAN_POINT('',(545.,60.,1.452E+03));
#8889 = VECTOR('',#8890,1.);
#8890 = DIRECTION('',(1.,0.,-0.));
#8891 = PCURVE('',#8561,#8892);
#8892 = DEFINITIONAL_REPRESENTATION('',(#8893),#8897);
#8893 = LINE('',#8894,#8895);
#8894 = CARTESIAN_POINT('',(20.,0.));
#8895 = VECTOR('',#8896,1.);
#8896 = DIRECTION('',(0.,1.));
#8897 = ( GEOMETRIC_REPRESENTATION_CONTEXT(2) 
PARAMETRIC_REPRESENTATION_CONTEXT() REPRESENTATION_CONTEXT('2D SPACE',''
  ) );
#8898 = PCURVE('',#8589,#8899);
#8899 = DEFINITIONAL_REPRESENTATION('',(#8900),#8904);
#8900 = LINE('',#8901,#8902);
#8901 = CARTESIAN_POINT('',(0.,3.));
#8902 = VECTOR('',#8903,1.);
#8903 = DIRECTION('',(1.,0.));
#8904 = ( GEOMETRIC_REPRESENTATION_CONTEXT(2) 
PARAMETRIC_REPRESENTATION_CONTEXT() REPRESENTATION_CONTEXT('2D SPACE',''
  ) );
#8905 = ORIENTED_EDGE('',*,*,#8906,.F.);
#8906 = EDGE_CURVE('',#8835,#8884,#8907,.T.);
#8907 = SURFACE_CURVE('',#8908,(#8912,#8919),.PCURVE_S1.);
#8908 = LINE('',#8909,#8910);
#8909 = CARTESIAN_POINT('',(565.,60.,1.432E+03));
#8910 = VECTOR('',#8911,1.);
#8911 = DIRECTION('',(0.,0.,1.));
#8912 = PCURVE('',#8561,#8913);
#8913 = DEFINITIONAL_REPRESENTATION('',(#8914),#8918);
#8914 = LINE('',#8915,#8916);
#8915 = CARTESIAN_POINT('',(0.,20.));
#8916 = VECTOR('',#8917,1.);
#8917 = DIRECTION('',(1.,0.));
#8918 = ( GEOMETRIC_REPRESENTATION_CONTEXT(2) 
PARAMETRIC_REPRESENTATION_CONTEXT() REPRESENTATION_CONTEXT('2D SPACE',''
  ) );
#8919 = PCURVE('',#8719,#8920);
#8920 = DEFINITIONAL_REPRESENTATION('',(#8921),#8925);
#8921 = LINE('',#8922,#8923);
#8922 = CARTESIAN_POINT('',(2.,-20.));
#8923 = VECTOR('',#8924,1.);
#8924 = DIRECTION('',(1.,0.));
#8925 = ( GEOMETRIC_REPRESENTATION_CONTEXT(2) 
PARAMETRIC_REPRESENTATION_CONTEXT() REPRESENTATION_CONTEXT('2D SPACE',''
  ) );
#8926 = FACE_BOUND('',#8927,.T.);
#8927 = EDGE_LOOP('',(#8928));
#8928 = ORIENTED_EDGE('',*,*,#8929,.F.);
#8929 = EDGE_CURVE('',#8930,#8930,#8932,.T.);
#8930 = VERTEX_POINT('',#8931);
#8931 = CARTESIAN_POINT('',(555.,60.,1.44575E+03));
#8932 = SURFACE_CURVE('',#8933,(#8938,#8945),.PCURVE_S1.);
#8933 = CIRCLE('',#8934,2.75);
#8934 = AXIS2_PLACEMENT_3D('',#8935,#8936,#8937);
#8935 = CARTESIAN_POINT('',(555.,60.,1.443E+03));
#8936 = DIRECTION('',(0.,1.,0.));
#8937 = DIRECTION('',(0.,-0.,1.));
#8938 = PCURVE('',#8561,#8939);
#8939 = DEFINITIONAL_REPRESENTATION('',(#8940),#8944);
#8940 = CIRCLE('',#8941,2.75);
#8941 = AXIS2_PLACEMENT_2D('',#8942,#8943);
#8942 = CARTESIAN_POINT('',(11.,10.));
#8943 = DIRECTION('',(1.,0.));
#8944 = ( GEOMETRIC_REPRESENTATION_CONTEXT(2) 
PARAMETRIC_REPRESENTATION_CONTEXT() REPRESENTATION_CONTEXT('2D SPACE',''
  ) );
#8945 = PCURVE('',#8946,#8951);
#8946 = CYLINDRICAL_SURFACE('',#8947,2.75);
#8947 = AXIS2_PLACEMENT_3D('',#8948,#8949,#8950);
#8948 = CARTESIAN_POINT('',(555.,56.,1.443E+03));
#8949 = DIRECTION('',(0.,1.,0.));
#8950 = DIRECTION('',(0.,-0.,1.));
#8951 = DEFINITIONAL_REPRESENTATION('',(#8952),#8956);
#8952 = LINE('',#8953,#8954);
#8953 = CARTESIAN_POINT('',(0.,4.));
#8954 = VECTOR('',#8955,1.);
#8955 = DIRECTION('',(1.,0.));
#8956 = ( GEOMETRIC_REPRESENTATION_CONTEXT(2) 
PARAMETRIC_REPRESENTATION_CONTEXT() REPRESENTATION_CONTEXT('2D SPACE',''
  ) );
#8957 = ADVANCED_FACE('',(#8958),#8589,.T.);
#8958 = FACE_BOUND('',#8959,.T.);
#8959 = EDGE_LOOP('',(#8960,#8961,#8984,#9005));
#8960 = ORIENTED_EDGE('',*,*,#8573,.F.);
#8961 = ORIENTED_EDGE('',*,*,#8962,.T.);
#8962 = EDGE_CURVE('',#8574,#8963,#8965,.T.);
#8963 = VERTEX_POINT('',#8964);
#8964 = CARTESIAN_POINT('',(565.,57.,1.452E+03));
#8965 = SURFACE_CURVE('',#8966,(#8970,#8977),.PCURVE_S1.);
#8966 = LINE('',#8967,#8968);
#8967 = CARTESIAN_POINT('',(545.,57.,1.452E+03));
#8968 = VECTOR('',#8969,1.);
#8969 = DIRECTION('',(1.,0.,-0.));
#8970 = PCURVE('',#8589,#8971);
#8971 = DEFINITIONAL_REPRESENTATION('',(#8972),#8976);
#8972 = LINE('',#8973,#8974);
#8973 = CARTESIAN_POINT('',(0.,0.));
#8974 = VECTOR('',#8975,1.);
#8975 = DIRECTION('',(1.,0.));
#8976 = ( GEOMETRIC_REPRESENTATION_CONTEXT(2) 
PARAMETRIC_REPRESENTATION_CONTEXT() REPRESENTATION_CONTEXT('2D SPACE',''
  ) );
#8977 = PCURVE('',#8617,#8978);
#8978 = DEFINITIONAL_REPRESENTATION('',(#8979),#8983);
#8979 = LINE('',#8980,#8981);
#8980 = CARTESIAN_POINT('',(20.,0.));
#8981 = VECTOR('',#8982,1.);
#8982 = DIRECTION('',(0.,1.));
#8983 = ( GEOMETRIC_REPRESENTATION_CONTEXT(2) 
PARAMETRIC_REPRESENTATION_CONTEXT() REPRESENTATION_CONTEXT('2D SPACE',''
  ) );
#8984 = ORIENTED_EDGE('',*,*,#8985,.T.);
#8985 = EDGE_CURVE('',#8963,#8884,#8986,.T.);
#8986 = SURFACE_CURVE('',#8987,(#8991,#8998),.PCURVE_S1.);
#8987 = LINE('',#8988,#8989);
#8988 = CARTESIAN_POINT('',(565.,57.,1.452E+03));
#8989 = VECTOR('',#8990,1.);
#8990 = DIRECTION('',(-0.,1.,0.));
#8991 = PCURVE('',#8589,#8992);
#8992 = DEFINITIONAL_REPRESENTATION('',(#8993),#8997);
#8993 = LINE('',#8994,#8995);
#8994 = CARTESIAN_POINT('',(20.,0.));
#8995 = VECTOR('',#8996,1.);
#8996 = DIRECTION('',(0.,1.));
#8997 = ( GEOMETRIC_REPRESENTATION_CONTEXT(2) 
PARAMETRIC_REPRESENTATION_CONTEXT() REPRESENTATION_CONTEXT('2D SPACE',''
  ) );
#8998 = PCURVE('',#8719,#8999);
#8999 = DEFINITIONAL_REPRESENTATION('',(#9000),#9004);
#9000 = LINE('',#9001,#9002);
#9001 = CARTESIAN_POINT('',(22.,-17.));
#9002 = VECTOR('',#9003,1.);
#9003 = DIRECTION('',(0.,-1.));
#9004 = ( GEOMETRIC_REPRESENTATION_CONTEXT(2) 
PARAMETRIC_REPRESENTATION_CONTEXT() REPRESENTATION_CONTEXT('2D SPACE',''
  ) );
#9005 = ORIENTED_EDGE('',*,*,#8883,.F.);
#9006 = ADVANCED_FACE('',(#9007,#9055),#8617,.F.);
#9007 = FACE_BOUND('',#9008,.F.);
#9008 = EDGE_LOOP('',(#9009,#9032,#9053,#9054));
#9009 = ORIENTED_EDGE('',*,*,#9010,.F.);
#9010 = EDGE_CURVE('',#9011,#8963,#9013,.T.);
#9011 = VERTEX_POINT('',#9012);
#9012 = CARTESIAN_POINT('',(565.,57.,1.433E+03));
#9013 = SURFACE_CURVE('',#9014,(#9018,#9025),.PCURVE_S1.);
#9014 = LINE('',#9015,#9016);
#9015 = CARTESIAN_POINT('',(565.,57.,1.432E+03));
#9016 = VECTOR('',#9017,1.);
#9017 = DIRECTION('',(0.,0.,1.));
#9018 = PCURVE('',#8617,#9019);
#9019 = DEFINITIONAL_REPRESENTATION('',(#9020),#9024);
#9020 = LINE('',#9021,#9022);
#9021 = CARTESIAN_POINT('',(0.,20.));
#9022 = VECTOR('',#9023,1.);
#9023 = DIRECTION('',(1.,0.));
#9024 = ( GEOMETRIC_REPRESENTATION_CONTEXT(2) 
PARAMETRIC_REPRESENTATION_CONTEXT() REPRESENTATION_CONTEXT('2D SPACE',''
  ) );
#9025 = PCURVE('',#8719,#9026);
#9026 = DEFINITIONAL_REPRESENTATION('',(#9027),#9031);
#9027 = LINE('',#9028,#9029);
#9028 = CARTESIAN_POINT('',(2.,-17.));
#9029 = VECTOR('',#9030,1.);
#9030 = DIRECTION('',(1.,0.));
#9031 = ( GEOMETRIC_REPRESENTATION_CONTEXT(2) 
PARAMETRIC_REPRESENTATION_CONTEXT() REPRESENTATION_CONTEXT('2D SPACE',''
  ) );
#9032 = ORIENTED_EDGE('',*,*,#9033,.F.);
#9033 = EDGE_CURVE('',#8602,#9011,#9034,.T.);
#9034 = SURFACE_CURVE('',#9035,(#9039,#9046),.PCURVE_S1.);
#9035 = LINE('',#9036,#9037);
#9036 = CARTESIAN_POINT('',(545.,57.,1.433E+03));
#9037 = VECTOR('',#9038,1.);
#9038 = DIRECTION('',(1.,0.,-0.));
#9039 = PCURVE('',#8617,#9040);
#9040 = DEFINITIONAL_REPRESENTATION('',(#9041),#9045);
#9041 = LINE('',#9042,#9043);
#9042 = CARTESIAN_POINT('',(1.,0.));
#9043 = VECTOR('',#9044,1.);
#9044 = DIRECTION('',(0.,1.));
#9045 = ( GEOMETRIC_REPRESENTATION_CONTEXT(2) 
PARAMETRIC_REPRESENTATION_CONTEXT() REPRESENTATION_CONTEXT('2D SPACE',''
  ) );
#9046 = PCURVE('',#8643,#9047);
#9047 = DEFINITIONAL_REPRESENTATION('',(#9048),#9052);
#9048 = LINE('',#9049,#9050);
#9049 = CARTESIAN_POINT('',(0.,17.));
#9050 = VECTOR('',#9051,1.);
#9051 = DIRECTION('',(1.,0.));
#9052 = ( GEOMETRIC_REPRESENTATION_CONTEXT(2) 
PARAMETRIC_REPRESENTATION_CONTEXT() REPRESENTATION_CONTEXT('2D SPACE',''
  ) );
#9053 = ORIENTED_EDGE('',*,*,#8601,.T.);
#9054 = ORIENTED_EDGE('',*,*,#8962,.T.);
#9055 = FACE_BOUND('',#9056,.F.);
#9056 = EDGE_LOOP('',(#9057));
#9057 = ORIENTED_EDGE('',*,*,#9058,.F.);
#9058 = EDGE_CURVE('',#9059,#9059,#9061,.T.);
#9059 = VERTEX_POINT('',#9060);
#9060 = CARTESIAN_POINT('',(555.,57.,1.44575E+03));
#9061 = SURFACE_CURVE('',#9062,(#9067,#9074),.PCURVE_S1.);
#9062 = CIRCLE('',#9063,2.75);
#9063 = AXIS2_PLACEMENT_3D('',#9064,#9065,#9066);
#9064 = CARTESIAN_POINT('',(555.,57.,1.443E+03));
#9065 = DIRECTION('',(0.,1.,0.));
#9066 = DIRECTION('',(0.,-0.,1.));
#9067 = PCURVE('',#8617,#9068);
#9068 = DEFINITIONAL_REPRESENTATION('',(#9069),#9073);
#9069 = CIRCLE('',#9070,2.75);
#9070 = AXIS2_PLACEMENT_2D('',#9071,#9072);
#9071 = CARTESIAN_POINT('',(11.,10.));
#9072 = DIRECTION('',(1.,0.));
#9073 = ( GEOMETRIC_REPRESENTATION_CONTEXT(2) 
PARAMETRIC_REPRESENTATION_CONTEXT() REPRESENTATION_CONTEXT('2D SPACE',''
  ) );
#9074 = PCURVE('',#8946,#9075);
#9075 = DEFINITIONAL_REPRESENTATION('',(#9076),#9080);
#9076 = LINE('',#9077,#9078);
#9077 = CARTESIAN_POINT('',(0.,1.));
#9078 = VECTOR('',#9079,1.);
#9079 = DIRECTION('',(1.,0.));
#9080 = ( GEOMETRIC_REPRESENTATION_CONTEXT(2) 
PARAMETRIC_REPRESENTATION_CONTEXT() REPRESENTATION_CONTEXT('2D SPACE',''
  ) );
#9081 = ADVANCED_FACE('',(#9082),#8643,.T.);
#9082 = FACE_BOUND('',#9083,.T.);
#9083 = EDGE_LOOP('',(#9084,#9085,#9086,#9107));
#9084 = ORIENTED_EDGE('',*,*,#8629,.F.);
#9085 = ORIENTED_EDGE('',*,*,#8682,.T.);
#9086 = ORIENTED_EDGE('',*,*,#9087,.T.);
#9087 = EDGE_CURVE('',#8683,#9011,#9088,.T.);
#9088 = SURFACE_CURVE('',#9089,(#9093,#9100),.PCURVE_S1.);
#9089 = LINE('',#9090,#9091);
#9090 = CARTESIAN_POINT('',(565.,40.,1.433E+03));
#9091 = VECTOR('',#9092,1.);
#9092 = DIRECTION('',(-0.,1.,0.));
#9093 = PCURVE('',#8643,#9094);
#9094 = DEFINITIONAL_REPRESENTATION('',(#9095),#9099);
#9095 = LINE('',#9096,#9097);
#9096 = CARTESIAN_POINT('',(20.,0.));
#9097 = VECTOR('',#9098,1.);
#9098 = DIRECTION('',(0.,1.));
#9099 = ( GEOMETRIC_REPRESENTATION_CONTEXT(2) 
PARAMETRIC_REPRESENTATION_CONTEXT() REPRESENTATION_CONTEXT('2D SPACE',''
  ) );
#9100 = PCURVE('',#8719,#9101);
#9101 = DEFINITIONAL_REPRESENTATION('',(#9102),#9106);
#9102 = LINE('',#9103,#9104);
#9103 = CARTESIAN_POINT('',(3.,0.));
#9104 = VECTOR('',#9105,1.);
#9105 = DIRECTION('',(0.,-1.));
#9106 = ( GEOMETRIC_REPRESENTATION_CONTEXT(2) 
PARAMETRIC_REPRESENTATION_CONTEXT() REPRESENTATION_CONTEXT('2D SPACE',''
  ) );
#9107 = ORIENTED_EDGE('',*,*,#9033,.F.);
#9108 = ADVANCED_FACE('',(#9109),#8719,.T.);
#9109 = FACE_BOUND('',#9110,.T.);
#9110 = EDGE_LOOP('',(#9111,#9112,#9113,#9114,#9115,#9116,#9117,#9118));
#9111 = ORIENTED_EDGE('',*,*,#8705,.F.);
#9112 = ORIENTED_EDGE('',*,*,#8736,.T.);
#9113 = ORIENTED_EDGE('',*,*,#8783,.T.);
#9114 = ORIENTED_EDGE('',*,*,#8834,.T.);
#9115 = ORIENTED_EDGE('',*,*,#8906,.T.);
#9116 = ORIENTED_EDGE('',*,*,#8985,.F.);
#9117 = ORIENTED_EDGE('',*,*,#9010,.F.);
#9118 = ORIENTED_EDGE('',*,*,#9087,.F.);
#9119 = ADVANCED_FACE('',(#9120),#8946,.F.);
#9120 = FACE_BOUND('',#9121,.F.);
#9121 = EDGE_LOOP('',(#9122,#9123,#9144,#9145));
#9122 = ORIENTED_EDGE('',*,*,#8929,.F.);
#9123 = ORIENTED_EDGE('',*,*,#9124,.F.);
#9124 = EDGE_CURVE('',#9059,#8930,#9125,.T.);
#9125 = SEAM_CURVE('',#9126,(#9130,#9137),.PCURVE_S1.);
#9126 = LINE('',#9127,#9128);
#9127 = CARTESIAN_POINT('',(555.,56.,1.44575E+03));
#9128 = VECTOR('',#9129,1.);
#9129 = DIRECTION('',(0.,1.,0.));
#9130 = PCURVE('',#8946,#9131);
#9131 = DEFINITIONAL_REPRESENTATION('',(#9132),#9136);
#9132 = LINE('',#9133,#9134);
#9133 = CARTESIAN_POINT('',(6.28318530718,-0.));
#9134 = VECTOR('',#9135,1.);
#9135 = DIRECTION('',(0.,1.));
#9136 = ( GEOMETRIC_REPRESENTATION_CONTEXT(2) 
PARAMETRIC_REPRESENTATION_CONTEXT() REPRESENTATION_CONTEXT('2D SPACE',''
  ) );
#9137 = PCURVE('',#8946,#9138);
#9138 = DEFINITIONAL_REPRESENTATION('',(#9139),#9143);
#9139 = LINE('',#9140,#9141);
#9140 = CARTESIAN_POINT('',(0.,-0.));
#9141 = VECTOR('',#9142,1.);
#9142 = DIRECTION('',(0.,1.));
#9143 = ( GEOMETRIC_REPRESENTATION_CONTEXT(2) 
PARAMETRIC_REPRESENTATION_CONTEXT() REPRESENTATION_CONTEXT('2D SPACE',''
  ) );
#9144 = ORIENTED_EDGE('',*,*,#9058,.T.);
#9145 = ORIENTED_EDGE('',*,*,#9124,.T.);
#9146 = MANIFOLD_SOLID_BREP('',#9147);
#9147 = CLOSED_SHELL('',(#9148,#9268,#9468,#9517,#9670,#9697,#9704,#9731
    ,#9758,#9785));
#9148 = ADVANCED_FACE('',(#9149),#9163,.F.);
#9149 = FACE_BOUND('',#9150,.F.);
#9150 = EDGE_LOOP('',(#9151,#9186,#9214,#9242));
#9151 = ORIENTED_EDGE('',*,*,#9152,.F.);
#9152 = EDGE_CURVE('',#9153,#9155,#9157,.T.);
#9153 = VERTEX_POINT('',#9154);
#9154 = CARTESIAN_POINT('',(377.,48.,1.21E+03));
#9155 = VERTEX_POINT('',#9156);
#9156 = CARTESIAN_POINT('',(377.,48.,1.415E+03));
#9157 = SURFACE_CURVE('',#9158,(#9162,#9174),.PCURVE_S1.);
#9158 = LINE('',#9159,#9160);
#9159 = CARTESIAN_POINT('',(377.,48.,1.21E+03));
#9160 = VECTOR('',#9161,1.);
#9161 = DIRECTION('',(0.,0.,1.));
#9162 = PCURVE('',#9163,#9168);
#9163 = PLANE('',#9164);
#9164 = AXIS2_PLACEMENT_3D('',#9165,#9166,#9167);
#9165 = CARTESIAN_POINT('',(377.,48.,1.21E+03));
#9166 = DIRECTION('',(1.,0.,-0.));
#9167 = DIRECTION('',(0.,0.,1.));
#9168 = DEFINITIONAL_REPRESENTATION('',(#9169),#9173);
#9169 = LINE('',#9170,#9171);
#9170 = CARTESIAN_POINT('',(0.,0.));
#9171 = VECTOR('',#9172,1.);
#9172 = DIRECTION('',(1.,0.));
#9173 = ( GEOMETRIC_REPRESENTATION_CONTEXT(2) 
PARAMETRIC_REPRESENTATION_CONTEXT() REPRESENTATION_CONTEXT('2D SPACE',''
  ) );
#9174 = PCURVE('',#9175,#9180);
#9175 = PLANE('',#9176);
#9176 = AXIS2_PLACEMENT_3D('',#9177,#9178,#9179);
#9177 = CARTESIAN_POINT('',(377.,48.,1.21E+03));
#9178 = DIRECTION('',(-0.,1.,0.));
#9179 = DIRECTION('',(0.,0.,1.));
#9180 = DEFINITIONAL_REPRESENTATION('',(#9181),#9185);
#9181 = LINE('',#9182,#9183);
#9182 = CARTESIAN_POINT('',(0.,0.));
#9183 = VECTOR('',#9184,1.);
#9184 = DIRECTION('',(1.,0.));
#9185 = ( GEOMETRIC_REPRESENTATION_CONTEXT(2) 
PARAMETRIC_REPRESENTATION_CONTEXT() REPRESENTATION_CONTEXT('2D SPACE',''
  ) );
#9186 = ORIENTED_EDGE('',*,*,#9187,.T.);
#9187 = EDGE_CURVE('',#9153,#9188,#9190,.T.);
#9188 = VERTEX_POINT('',#9189);
#9189 = CARTESIAN_POINT('',(377.,51.,1.21E+03));
#9190 = SURFACE_CURVE('',#9191,(#9195,#9202),.PCURVE_S1.);
#9191 = LINE('',#9192,#9193);
#9192 = CARTESIAN_POINT('',(377.,48.,1.21E+03));
#9193 = VECTOR('',#9194,1.);
#9194 = DIRECTION('',(-0.,1.,0.));
#9195 = PCURVE('',#9163,#9196);
#9196 = DEFINITIONAL_REPRESENTATION('',(#9197),#9201);
#9197 = LINE('',#9198,#9199);
#9198 = CARTESIAN_POINT('',(0.,0.));
#9199 = VECTOR('',#9200,1.);
#9200 = DIRECTION('',(0.,-1.));
#9201 = ( GEOMETRIC_REPRESENTATION_CONTEXT(2) 
PARAMETRIC_REPRESENTATION_CONTEXT() REPRESENTATION_CONTEXT('2D SPACE',''
  ) );
#9202 = PCURVE('',#9203,#9208);
#9203 = PLANE('',#9204);
#9204 = AXIS2_PLACEMENT_3D('',#9205,#9206,#9207);
#9205 = CARTESIAN_POINT('',(377.,48.,1.21E+03));
#9206 = DIRECTION('',(0.,0.,1.));
#9207 = DIRECTION('',(1.,0.,-0.));
#9208 = DEFINITIONAL_REPRESENTATION('',(#9209),#9213);
#9209 = LINE('',#9210,#9211);
#9210 = CARTESIAN_POINT('',(0.,0.));
#9211 = VECTOR('',#9212,1.);
#9212 = DIRECTION('',(0.,1.));
#9213 = ( GEOMETRIC_REPRESENTATION_CONTEXT(2) 
PARAMETRIC_REPRESENTATION_CONTEXT() REPRESENTATION_CONTEXT('2D SPACE',''
  ) );
#9214 = ORIENTED_EDGE('',*,*,#9215,.T.);
#9215 = EDGE_CURVE('',#9188,#9216,#9218,.T.);
#9216 = VERTEX_POINT('',#9217);
#9217 = CARTESIAN_POINT('',(377.,51.,1.415E+03));
#9218 = SURFACE_CURVE('',#9219,(#9223,#9230),.PCURVE_S1.);
#9219 = LINE('',#9220,#9221);
#9220 = CARTESIAN_POINT('',(377.,51.,1.21E+03));
#9221 = VECTOR('',#9222,1.);
#9222 = DIRECTION('',(0.,0.,1.));
#9223 = PCURVE('',#9163,#9224);
#9224 = DEFINITIONAL_REPRESENTATION('',(#9225),#9229);
#9225 = LINE('',#9226,#9227);
#9226 = CARTESIAN_POINT('',(0.,-3.));
#9227 = VECTOR('',#9228,1.);
#9228 = DIRECTION('',(1.,0.));
#9229 = ( GEOMETRIC_REPRESENTATION_CONTEXT(2) 
PARAMETRIC_REPRESENTATION_CONTEXT() REPRESENTATION_CONTEXT('2D SPACE',''
  ) );
#9230 = PCURVE('',#9231,#9236);
#9231 = PLANE('',#9232);
#9232 = AXIS2_PLACEMENT_3D('',#9233,#9234,#9235);
#9233 = CARTESIAN_POINT('',(377.,51.,1.21E+03));
#9234 = DIRECTION('',(-0.,1.,0.));
#9235 = DIRECTION('',(0.,0.,1.));
#9236 = DEFINITIONAL_REPRESENTATION('',(#9237),#9241);
#9237 = LINE('',#9238,#9239);
#9238 = CARTESIAN_POINT('',(0.,0.));
#9239 = VECTOR('',#9240,1.);
#9240 = DIRECTION('',(1.,0.));
#9241 = ( GEOMETRIC_REPRESENTATION_CONTEXT(2) 
PARAMETRIC_REPRESENTATION_CONTEXT() REPRESENTATION_CONTEXT('2D SPACE',''
  ) );
#9242 = ORIENTED_EDGE('',*,*,#9243,.F.);
#9243 = EDGE_CURVE('',#9155,#9216,#9244,.T.);
#9244 = SURFACE_CURVE('',#9245,(#9249,#9256),.PCURVE_S1.);
#9245 = LINE('',#9246,#9247);
#9246 = CARTESIAN_POINT('',(377.,48.,1.415E+03));
#9247 = VECTOR('',#9248,1.);
#9248 = DIRECTION('',(-0.,1.,0.));
#9249 = PCURVE('',#9163,#9250);
#9250 = DEFINITIONAL_REPRESENTATION('',(#9251),#9255);
#9251 = LINE('',#9252,#9253);
#9252 = CARTESIAN_POINT('',(205.,0.));
#9253 = VECTOR('',#9254,1.);
#9254 = DIRECTION('',(0.,-1.));
#9255 = ( GEOMETRIC_REPRESENTATION_CONTEXT(2) 
PARAMETRIC_REPRESENTATION_CONTEXT() REPRESENTATION_CONTEXT('2D SPACE',''
  ) );
#9256 = PCURVE('',#9257,#9262);
#9257 = PLANE('',#9258);
#9258 = AXIS2_PLACEMENT_3D('',#9259,#9260,#9261);
#9259 = CARTESIAN_POINT('',(377.,48.,1.415E+03));
#9260 = DIRECTION('',(0.,0.,1.));
#9261 = DIRECTION('',(1.,0.,-0.));
#9262 = DEFINITIONAL_REPRESENTATION('',(#9263),#9267);
#9263 = LINE('',#9264,#9265);
#9264 = CARTESIAN_POINT('',(0.,0.));
#9265 = VECTOR('',#9266,1.);
#9266 = DIRECTION('',(0.,1.));
#9267 = ( GEOMETRIC_REPRESENTATION_CONTEXT(2) 
PARAMETRIC_REPRESENTATION_CONTEXT() REPRESENTATION_CONTEXT('2D SPACE',''
  ) );
#9268 = ADVANCED_FACE('',(#9269,#9344,#9375,#9406,#9437),#9175,.F.);
#9269 = FACE_BOUND('',#9270,.F.);
#9270 = EDGE_LOOP('',(#9271,#9294,#9295,#9318));
#9271 = ORIENTED_EDGE('',*,*,#9272,.F.);
#9272 = EDGE_CURVE('',#9153,#9273,#9275,.T.);
#9273 = VERTEX_POINT('',#9274);
#9274 = CARTESIAN_POINT('',(563.,48.,1.21E+03));
#9275 = SURFACE_CURVE('',#9276,(#9280,#9287),.PCURVE_S1.);
#9276 = LINE('',#9277,#9278);
#9277 = CARTESIAN_POINT('',(377.,48.,1.21E+03));
#9278 = VECTOR('',#9279,1.);
#9279 = DIRECTION('',(1.,0.,-0.));
#9280 = PCURVE('',#9175,#9281);
#9281 = DEFINITIONAL_REPRESENTATION('',(#9282),#9286);
#9282 = LINE('',#9283,#9284);
#9283 = CARTESIAN_POINT('',(0.,0.));
#9284 = VECTOR('',#9285,1.);
#9285 = DIRECTION('',(0.,1.));
#9286 = ( GEOMETRIC_REPRESENTATION_CONTEXT(2) 
PARAMETRIC_REPRESENTATION_CONTEXT() REPRESENTATION_CONTEXT('2D SPACE',''
  ) );
#9287 = PCURVE('',#9203,#9288);
#9288 = DEFINITIONAL_REPRESENTATION('',(#9289),#9293);
#9289 = LINE('',#9290,#9291);
#9290 = CARTESIAN_POINT('',(0.,0.));
#9291 = VECTOR('',#9292,1.);
#9292 = DIRECTION('',(1.,0.));
#9293 = ( GEOMETRIC_REPRESENTATION_CONTEXT(2) 
PARAMETRIC_REPRESENTATION_CONTEXT() REPRESENTATION_CONTEXT('2D SPACE',''
  ) );
#9294 = ORIENTED_EDGE('',*,*,#9152,.T.);
#9295 = ORIENTED_EDGE('',*,*,#9296,.T.);
#9296 = EDGE_CURVE('',#9155,#9297,#9299,.T.);
#9297 = VERTEX_POINT('',#9298);
#9298 = CARTESIAN_POINT('',(563.,48.,1.415E+03));
#9299 = SURFACE_CURVE('',#9300,(#9304,#9311),.PCURVE_S1.);
#9300 = LINE('',#9301,#9302);
#9301 = CARTESIAN_POINT('',(377.,48.,1.415E+03));
#9302 = VECTOR('',#9303,1.);
#9303 = DIRECTION('',(1.,0.,-0.));
#9304 = PCURVE('',#9175,#9305);
#9305 = DEFINITIONAL_REPRESENTATION('',(#9306),#9310);
#9306 = LINE('',#9307,#9308);
#9307 = CARTESIAN_POINT('',(205.,0.));
#9308 = VECTOR('',#9309,1.);
#9309 = DIRECTION('',(0.,1.));
#9310 = ( GEOMETRIC_REPRESENTATION_CONTEXT(2) 
PARAMETRIC_REPRESENTATION_CONTEXT() REPRESENTATION_CONTEXT('2D SPACE',''
  ) );
#9311 = PCURVE('',#9257,#9312);
#9312 = DEFINITIONAL_REPRESENTATION('',(#9313),#9317);
#9313 = LINE('',#9314,#9315);
#9314 = CARTESIAN_POINT('',(0.,0.));
#9315 = VECTOR('',#9316,1.);
#9316 = DIRECTION('',(1.,0.));
#9317 = ( GEOMETRIC_REPRESENTATION_CONTEXT(2) 
PARAMETRIC_REPRESENTATION_CONTEXT() REPRESENTATION_CONTEXT('2D SPACE',''
  ) );
#9318 = ORIENTED_EDGE('',*,*,#9319,.F.);
#9319 = EDGE_CURVE('',#9273,#9297,#9320,.T.);
#9320 = SURFACE_CURVE('',#9321,(#9325,#9332),.PCURVE_S1.);
#9321 = LINE('',#9322,#9323);
#9322 = CARTESIAN_POINT('',(563.,48.,1.21E+03));
#9323 = VECTOR('',#9324,1.);
#9324 = DIRECTION('',(0.,0.,1.));
#9325 = PCURVE('',#9175,#9326);
#9326 = DEFINITIONAL_REPRESENTATION('',(#9327),#9331);
#9327 = LINE('',#9328,#9329);
#9328 = CARTESIAN_POINT('',(0.,186.));
#9329 = VECTOR('',#9330,1.);
#9330 = DIRECTION('',(1.,0.));
#9331 = ( GEOMETRIC_REPRESENTATION_CONTEXT(2) 
PARAMETRIC_REPRESENTATION_CONTEXT() REPRESENTATION_CONTEXT('2D SPACE',''
  ) );
#9332 = PCURVE('',#9333,#9338);
#9333 = PLANE('',#9334);
#9334 = AXIS2_PLACEMENT_3D('',#9335,#9336,#9337);
#9335 = CARTESIAN_POINT('',(563.,48.,1.21E+03));
#9336 = DIRECTION('',(1.,0.,-0.));
#9337 = DIRECTION('',(0.,0.,1.));
#9338 = DEFINITIONAL_REPRESENTATION('',(#9339),#9343);
#9339 = LINE('',#9340,#9341);
#9340 = CARTESIAN_POINT('',(0.,0.));
#9341 = VECTOR('',#9342,1.);
#9342 = DIRECTION('',(1.,0.));
#9343 = ( GEOMETRIC_REPRESENTATION_CONTEXT(2) 
PARAMETRIC_REPRESENTATION_CONTEXT() REPRESENTATION_CONTEXT('2D SPACE',''
  ) );
#9344 = FACE_BOUND('',#9345,.F.);
#9345 = EDGE_LOOP('',(#9346));
#9346 = ORIENTED_EDGE('',*,*,#9347,.F.);
#9347 = EDGE_CURVE('',#9348,#9348,#9350,.T.);
#9348 = VERTEX_POINT('',#9349);
#9349 = CARTESIAN_POINT('',(387.,48.,1.2222E+03));
#9350 = SURFACE_CURVE('',#9351,(#9356,#9363),.PCURVE_S1.);
#9351 = CIRCLE('',#9352,2.2);
#9352 = AXIS2_PLACEMENT_3D('',#9353,#9354,#9355);
#9353 = CARTESIAN_POINT('',(387.,48.,1.22E+03));
#9354 = DIRECTION('',(0.,1.,0.));
#9355 = DIRECTION('',(0.,-0.,1.));
#9356 = PCURVE('',#9175,#9357);
#9357 = DEFINITIONAL_REPRESENTATION('',(#9358),#9362);
#9358 = CIRCLE('',#9359,2.2);
#9359 = AXIS2_PLACEMENT_2D('',#9360,#9361);
#9360 = CARTESIAN_POINT('',(10.,10.));
#9361 = DIRECTION('',(1.,0.));
#9362 = ( GEOMETRIC_REPRESENTATION_CONTEXT(2) 
PARAMETRIC_REPRESENTATION_CONTEXT() REPRESENTATION_CONTEXT('2D SPACE',''
  ) );
#9363 = PCURVE('',#9364,#9369);
#9364 = CYLINDRICAL_SURFACE('',#9365,2.2);
#9365 = AXIS2_PLACEMENT_3D('',#9366,#9367,#9368);
#9366 = CARTESIAN_POINT('',(387.,47.,1.22E+03));
#9367 = DIRECTION('',(0.,1.,0.));
#9368 = DIRECTION('',(0.,-0.,1.));
#9369 = DEFINITIONAL_REPRESENTATION('',(#9370),#9374);
#9370 = LINE('',#9371,#9372);
#9371 = CARTESIAN_POINT('',(0.,1.));
#9372 = VECTOR('',#9373,1.);
#9373 = DIRECTION('',(1.,0.));
#9374 = ( GEOMETRIC_REPRESENTATION_CONTEXT(2) 
PARAMETRIC_REPRESENTATION_CONTEXT() REPRESENTATION_CONTEXT('2D SPACE',''
  ) );
#9375 = FACE_BOUND('',#9376,.F.);
#9376 = EDGE_LOOP('',(#9377));
#9377 = ORIENTED_EDGE('',*,*,#9378,.F.);
#9378 = EDGE_CURVE('',#9379,#9379,#9381,.T.);
#9379 = VERTEX_POINT('',#9380);
#9380 = CARTESIAN_POINT('',(387.,48.,1.4072E+03));
#9381 = SURFACE_CURVE('',#9382,(#9387,#9394),.PCURVE_S1.);
#9382 = CIRCLE('',#9383,2.2);
#9383 = AXIS2_PLACEMENT_3D('',#9384,#9385,#9386);
#9384 = CARTESIAN_POINT('',(387.,48.,1.405E+03));
#9385 = DIRECTION('',(0.,1.,0.));
#9386 = DIRECTION('',(0.,-0.,1.));
#9387 = PCURVE('',#9175,#9388);
#9388 = DEFINITIONAL_REPRESENTATION('',(#9389),#9393);
#9389 = CIRCLE('',#9390,2.2);
#9390 = AXIS2_PLACEMENT_2D('',#9391,#9392);
#9391 = CARTESIAN_POINT('',(195.,10.));
#9392 = DIRECTION('',(1.,0.));
#9393 = ( GEOMETRIC_REPRESENTATION_CONTEXT(2) 
PARAMETRIC_REPRESENTATION_CONTEXT() REPRESENTATION_CONTEXT('2D SPACE',''
  ) );
#9394 = PCURVE('',#9395,#9400);
#9395 = CYLINDRICAL_SURFACE('',#9396,2.2);
#9396 = AXIS2_PLACEMENT_3D('',#9397,#9398,#9399);
#9397 = CARTESIAN_POINT('',(387.,47.,1.405E+03));
#9398 = DIRECTION('',(0.,1.,0.));
#9399 = DIRECTION('',(0.,-0.,1.));
#9400 = DEFINITIONAL_REPRESENTATION('',(#9401),#9405);
#9401 = LINE('',#9402,#9403);
#9402 = CARTESIAN_POINT('',(0.,1.));
#9403 = VECTOR('',#9404,1.);
#9404 = DIRECTION('',(1.,0.));
#9405 = ( GEOMETRIC_REPRESENTATION_CONTEXT(2) 
PARAMETRIC_REPRESENTATION_CONTEXT() REPRESENTATION_CONTEXT('2D SPACE',''
  ) );
#9406 = FACE_BOUND('',#9407,.F.);
#9407 = EDGE_LOOP('',(#9408));
#9408 = ORIENTED_EDGE('',*,*,#9409,.F.);
#9409 = EDGE_CURVE('',#9410,#9410,#9412,.T.);
#9410 = VERTEX_POINT('',#9411);
#9411 = CARTESIAN_POINT('',(553.,48.,1.2222E+03));
#9412 = SURFACE_CURVE('',#9413,(#9418,#9425),.PCURVE_S1.);
#9413 = CIRCLE('',#9414,2.2);
#9414 = AXIS2_PLACEMENT_3D('',#9415,#9416,#9417);
#9415 = CARTESIAN_POINT('',(553.,48.,1.22E+03));
#9416 = DIRECTION('',(0.,1.,0.));
#9417 = DIRECTION('',(0.,-0.,1.));
#9418 = PCURVE('',#9175,#9419);
#9419 = DEFINITIONAL_REPRESENTATION('',(#9420),#9424);
#9420 = CIRCLE('',#9421,2.2);
#9421 = AXIS2_PLACEMENT_2D('',#9422,#9423);
#9422 = CARTESIAN_POINT('',(10.,176.));
#9423 = DIRECTION('',(1.,0.));
#9424 = ( GEOMETRIC_REPRESENTATION_CONTEXT(2) 
PARAMETRIC_REPRESENTATION_CONTEXT() REPRESENTATION_CONTEXT('2D SPACE',''
  ) );
#9425 = PCURVE('',#9426,#9431);
#9426 = CYLINDRICAL_SURFACE('',#9427,2.2);
#9427 = AXIS2_PLACEMENT_3D('',#9428,#9429,#9430);
#9428 = CARTESIAN_POINT('',(553.,47.,1.22E+03));
#9429 = DIRECTION('',(0.,1.,0.));
#9430 = DIRECTION('',(0.,-0.,1.));
#9431 = DEFINITIONAL_REPRESENTATION('',(#9432),#9436);
#9432 = LINE('',#9433,#9434);
#9433 = CARTESIAN_POINT('',(0.,1.));
#9434 = VECTOR('',#9435,1.);
#9435 = DIRECTION('',(1.,0.));
#9436 = ( GEOMETRIC_REPRESENTATION_CONTEXT(2) 
PARAMETRIC_REPRESENTATION_CONTEXT() REPRESENTATION_CONTEXT('2D SPACE',''
  ) );
#9437 = FACE_BOUND('',#9438,.F.);
#9438 = EDGE_LOOP('',(#9439));
#9439 = ORIENTED_EDGE('',*,*,#9440,.F.);
#9440 = EDGE_CURVE('',#9441,#9441,#9443,.T.);
#9441 = VERTEX_POINT('',#9442);
#9442 = CARTESIAN_POINT('',(553.,48.,1.4072E+03));
#9443 = SURFACE_CURVE('',#9444,(#9449,#9456),.PCURVE_S1.);
#9444 = CIRCLE('',#9445,2.2);
#9445 = AXIS2_PLACEMENT_3D('',#9446,#9447,#9448);
#9446 = CARTESIAN_POINT('',(553.,48.,1.405E+03));
#9447 = DIRECTION('',(0.,1.,0.));
#9448 = DIRECTION('',(0.,-0.,1.));
#9449 = PCURVE('',#9175,#9450);
#9450 = DEFINITIONAL_REPRESENTATION('',(#9451),#9455);
#9451 = CIRCLE('',#9452,2.2);
#9452 = AXIS2_PLACEMENT_2D('',#9453,#9454);
#9453 = CARTESIAN_POINT('',(195.,176.));
#9454 = DIRECTION('',(1.,0.));
#9455 = ( GEOMETRIC_REPRESENTATION_CONTEXT(2) 
PARAMETRIC_REPRESENTATION_CONTEXT() REPRESENTATION_CONTEXT('2D SPACE',''
  ) );
#9456 = PCURVE('',#9457,#9462);
#9457 = CYLINDRICAL_SURFACE('',#9458,2.2);
#9458 = AXIS2_PLACEMENT_3D('',#9459,#9460,#9461);
#9459 = CARTESIAN_POINT('',(553.,47.,1.405E+03));
#9460 = DIRECTION('',(0.,1.,0.));
#9461 = DIRECTION('',(0.,-0.,1.));
#9462 = DEFINITIONAL_REPRESENTATION('',(#9463),#9467);
#9463 = LINE('',#9464,#9465);
#9464 = CARTESIAN_POINT('',(0.,1.));
#9465 = VECTOR('',#9466,1.);
#9466 = DIRECTION('',(1.,0.));
#9467 = ( GEOMETRIC_REPRESENTATION_CONTEXT(2) 
PARAMETRIC_REPRESENTATION_CONTEXT() REPRESENTATION_CONTEXT('2D SPACE',''
  ) );
#9468 = ADVANCED_FACE('',(#9469),#9257,.T.);
#9469 = FACE_BOUND('',#9470,.T.);
#9470 = EDGE_LOOP('',(#9471,#9472,#9473,#9496));
#9471 = ORIENTED_EDGE('',*,*,#9243,.F.);
#9472 = ORIENTED_EDGE('',*,*,#9296,.T.);
#9473 = ORIENTED_EDGE('',*,*,#9474,.T.);
#9474 = EDGE_CURVE('',#9297,#9475,#9477,.T.);
#9475 = VERTEX_POINT('',#9476);
#9476 = CARTESIAN_POINT('',(563.,51.,1.415E+03));
#9477 = SURFACE_CURVE('',#9478,(#9482,#9489),.PCURVE_S1.);
#9478 = LINE('',#9479,#9480);
#9479 = CARTESIAN_POINT('',(563.,48.,1.415E+03));
#9480 = VECTOR('',#9481,1.);
#9481 = DIRECTION('',(-0.,1.,0.));
#9482 = PCURVE('',#9257,#9483);
#9483 = DEFINITIONAL_REPRESENTATION('',(#9484),#9488);
#9484 = LINE('',#9485,#9486);
#9485 = CARTESIAN_POINT('',(186.,0.));
#9486 = VECTOR('',#9487,1.);
#9487 = DIRECTION('',(0.,1.));
#9488 = ( GEOMETRIC_REPRESENTATION_CONTEXT(2) 
PARAMETRIC_REPRESENTATION_CONTEXT() REPRESENTATION_CONTEXT('2D SPACE',''
  ) );
#9489 = PCURVE('',#9333,#9490);
#9490 = DEFINITIONAL_REPRESENTATION('',(#9491),#9495);
#9491 = LINE('',#9492,#9493);
#9492 = CARTESIAN_POINT('',(205.,0.));
#9493 = VECTOR('',#9494,1.);
#9494 = DIRECTION('',(0.,-1.));
#9495 = ( GEOMETRIC_REPRESENTATION_CONTEXT(2) 
PARAMETRIC_REPRESENTATION_CONTEXT() REPRESENTATION_CONTEXT('2D SPACE',''
  ) );
#9496 = ORIENTED_EDGE('',*,*,#9497,.F.);
#9497 = EDGE_CURVE('',#9216,#9475,#9498,.T.);
#9498 = SURFACE_CURVE('',#9499,(#9503,#9510),.PCURVE_S1.);
#9499 = LINE('',#9500,#9501);
#9500 = CARTESIAN_POINT('',(377.,51.,1.415E+03));
#9501 = VECTOR('',#9502,1.);
#9502 = DIRECTION('',(1.,0.,-0.));
#9503 = PCURVE('',#9257,#9504);
#9504 = DEFINITIONAL_REPRESENTATION('',(#9505),#9509);
#9505 = LINE('',#9506,#9507);
#9506 = CARTESIAN_POINT('',(0.,3.));
#9507 = VECTOR('',#9508,1.);
#9508 = DIRECTION('',(1.,0.));
#9509 = ( GEOMETRIC_REPRESENTATION_CONTEXT(2) 
PARAMETRIC_REPRESENTATION_CONTEXT() REPRESENTATION_CONTEXT('2D SPACE',''
  ) );
#9510 = PCURVE('',#9231,#9511);
#9511 = DEFINITIONAL_REPRESENTATION('',(#9512),#9516);
#9512 = LINE('',#9513,#9514);
#9513 = CARTESIAN_POINT('',(205.,0.));
#9514 = VECTOR('',#9515,1.);
#9515 = DIRECTION('',(0.,1.));
#9516 = ( GEOMETRIC_REPRESENTATION_CONTEXT(2) 
PARAMETRIC_REPRESENTATION_CONTEXT() REPRESENTATION_CONTEXT('2D SPACE',''
  ) );
#9517 = ADVANCED_FACE('',(#9518,#9566,#9592,#9618,#9644),#9231,.T.);
#9518 = FACE_BOUND('',#9519,.T.);
#9519 = EDGE_LOOP('',(#9520,#9543,#9544,#9545));
#9520 = ORIENTED_EDGE('',*,*,#9521,.F.);
#9521 = EDGE_CURVE('',#9188,#9522,#9524,.T.);
#9522 = VERTEX_POINT('',#9523);
#9523 = CARTESIAN_POINT('',(563.,51.,1.21E+03));
#9524 = SURFACE_CURVE('',#9525,(#9529,#9536),.PCURVE_S1.);
#9525 = LINE('',#9526,#9527);
#9526 = CARTESIAN_POINT('',(377.,51.,1.21E+03));
#9527 = VECTOR('',#9528,1.);
#9528 = DIRECTION('',(1.,0.,-0.));
#9529 = PCURVE('',#9231,#9530);
#9530 = DEFINITIONAL_REPRESENTATION('',(#9531),#9535);
#9531 = LINE('',#9532,#9533);
#9532 = CARTESIAN_POINT('',(0.,0.));
#9533 = VECTOR('',#9534,1.);
#9534 = DIRECTION('',(0.,1.));
#9535 = ( GEOMETRIC_REPRESENTATION_CONTEXT(2) 
PARAMETRIC_REPRESENTATION_CONTEXT() REPRESENTATION_CONTEXT('2D SPACE',''
  ) );
#9536 = PCURVE('',#9203,#9537);
#9537 = DEFINITIONAL_REPRESENTATION('',(#9538),#9542);
#9538 = LINE('',#9539,#9540);
#9539 = CARTESIAN_POINT('',(0.,3.));
#9540 = VECTOR('',#9541,1.);
#9541 = DIRECTION('',(1.,0.));
#9542 = ( GEOMETRIC_REPRESENTATION_CONTEXT(2) 
PARAMETRIC_REPRESENTATION_CONTEXT() REPRESENTATION_CONTEXT('2D SPACE',''
  ) );
#9543 = ORIENTED_EDGE('',*,*,#9215,.T.);
#9544 = ORIENTED_EDGE('',*,*,#9497,.T.);
#9545 = ORIENTED_EDGE('',*,*,#9546,.F.);
#9546 = EDGE_CURVE('',#9522,#9475,#9547,.T.);
#9547 = SURFACE_CURVE('',#9548,(#9552,#9559),.PCURVE_S1.);
#9548 = LINE('',#9549,#9550);
#9549 = CARTESIAN_POINT('',(563.,51.,1.21E+03));
#9550 = VECTOR('',#9551,1.);
#9551 = DIRECTION('',(0.,0.,1.));
#9552 = PCURVE('',#9231,#9553);
#9553 = DEFINITIONAL_REPRESENTATION('',(#9554),#9558);
#9554 = LINE('',#9555,#9556);
#9555 = CARTESIAN_POINT('',(0.,186.));
#9556 = VECTOR('',#9557,1.);
#9557 = DIRECTION('',(1.,0.));
#9558 = ( GEOMETRIC_REPRESENTATION_CONTEXT(2) 
PARAMETRIC_REPRESENTATION_CONTEXT() REPRESENTATION_CONTEXT('2D SPACE',''
  ) );
#9559 = PCURVE('',#9333,#9560);
#9560 = DEFINITIONAL_REPRESENTATION('',(#9561),#9565);
#9561 = LINE('',#9562,#9563);
#9562 = CARTESIAN_POINT('',(0.,-3.));
#9563 = VECTOR('',#9564,1.);
#9564 = DIRECTION('',(1.,0.));
#9565 = ( GEOMETRIC_REPRESENTATION_CONTEXT(2) 
PARAMETRIC_REPRESENTATION_CONTEXT() REPRESENTATION_CONTEXT('2D SPACE',''
  ) );
#9566 = FACE_BOUND('',#9567,.T.);
#9567 = EDGE_LOOP('',(#9568));
#9568 = ORIENTED_EDGE('',*,*,#9569,.F.);
#9569 = EDGE_CURVE('',#9570,#9570,#9572,.T.);
#9570 = VERTEX_POINT('',#9571);
#9571 = CARTESIAN_POINT('',(387.,51.,1.2222E+03));
#9572 = SURFACE_CURVE('',#9573,(#9578,#9585),.PCURVE_S1.);
#9573 = CIRCLE('',#9574,2.2);
#9574 = AXIS2_PLACEMENT_3D('',#9575,#9576,#9577);
#9575 = CARTESIAN_POINT('',(387.,51.,1.22E+03));
#9576 = DIRECTION('',(0.,1.,0.));
#9577 = DIRECTION('',(0.,-0.,1.));
#9578 = PCURVE('',#9231,#9579);
#9579 = DEFINITIONAL_REPRESENTATION('',(#9580),#9584);
#9580 = CIRCLE('',#9581,2.2);
#9581 = AXIS2_PLACEMENT_2D('',#9582,#9583);
#9582 = CARTESIAN_POINT('',(10.,10.));
#9583 = DIRECTION('',(1.,0.));
#9584 = ( GEOMETRIC_REPRESENTATION_CONTEXT(2) 
PARAMETRIC_REPRESENTATION_CONTEXT() REPRESENTATION_CONTEXT('2D SPACE',''
  ) );
#9585 = PCURVE('',#9364,#9586);
#9586 = DEFINITIONAL_REPRESENTATION('',(#9587),#9591);
#9587 = LINE('',#9588,#9589);
#9588 = CARTESIAN_POINT('',(0.,4.));
#9589 = VECTOR('',#9590,1.);
#9590 = DIRECTION('',(1.,0.));
#9591 = ( GEOMETRIC_REPRESENTATION_CONTEXT(2) 
PARAMETRIC_REPRESENTATION_CONTEXT() REPRESENTATION_CONTEXT('2D SPACE',''
  ) );
#9592 = FACE_BOUND('',#9593,.T.);
#9593 = EDGE_LOOP('',(#9594));
#9594 = ORIENTED_EDGE('',*,*,#9595,.F.);
#9595 = EDGE_CURVE('',#9596,#9596,#9598,.T.);
#9596 = VERTEX_POINT('',#9597);
#9597 = CARTESIAN_POINT('',(387.,51.,1.4072E+03));
#9598 = SURFACE_CURVE('',#9599,(#9604,#9611),.PCURVE_S1.);
#9599 = CIRCLE('',#9600,2.2);
#9600 = AXIS2_PLACEMENT_3D('',#9601,#9602,#9603);
#9601 = CARTESIAN_POINT('',(387.,51.,1.405E+03));
#9602 = DIRECTION('',(0.,1.,0.));
#9603 = DIRECTION('',(0.,-0.,1.));
#9604 = PCURVE('',#9231,#9605);
#9605 = DEFINITIONAL_REPRESENTATION('',(#9606),#9610);
#9606 = CIRCLE('',#9607,2.2);
#9607 = AXIS2_PLACEMENT_2D('',#9608,#9609);
#9608 = CARTESIAN_POINT('',(195.,10.));
#9609 = DIRECTION('',(1.,0.));
#9610 = ( GEOMETRIC_REPRESENTATION_CONTEXT(2) 
PARAMETRIC_REPRESENTATION_CONTEXT() REPRESENTATION_CONTEXT('2D SPACE',''
  ) );
#9611 = PCURVE('',#9395,#9612);
#9612 = DEFINITIONAL_REPRESENTATION('',(#9613),#9617);
#9613 = LINE('',#9614,#9615);
#9614 = CARTESIAN_POINT('',(0.,4.));
#9615 = VECTOR('',#9616,1.);
#9616 = DIRECTION('',(1.,0.));
#9617 = ( GEOMETRIC_REPRESENTATION_CONTEXT(2) 
PARAMETRIC_REPRESENTATION_CONTEXT() REPRESENTATION_CONTEXT('2D SPACE',''
  ) );
#9618 = FACE_BOUND('',#9619,.T.);
#9619 = EDGE_LOOP('',(#9620));
#9620 = ORIENTED_EDGE('',*,*,#9621,.F.);
#9621 = EDGE_CURVE('',#9622,#9622,#9624,.T.);
#9622 = VERTEX_POINT('',#9623);
#9623 = CARTESIAN_POINT('',(553.,51.,1.2222E+03));
#9624 = SURFACE_CURVE('',#9625,(#9630,#9637),.PCURVE_S1.);
#9625 = CIRCLE('',#9626,2.2);
#9626 = AXIS2_PLACEMENT_3D('',#9627,#9628,#9629);
#9627 = CARTESIAN_POINT('',(553.,51.,1.22E+03));
#9628 = DIRECTION('',(0.,1.,0.));
#9629 = DIRECTION('',(0.,-0.,1.));
#9630 = PCURVE('',#9231,#9631);
#9631 = DEFINITIONAL_REPRESENTATION('',(#9632),#9636);
#9632 = CIRCLE('',#9633,2.2);
#9633 = AXIS2_PLACEMENT_2D('',#9634,#9635);
#9634 = CARTESIAN_POINT('',(10.,176.));
#9635 = DIRECTION('',(1.,0.));
#9636 = ( GEOMETRIC_REPRESENTATION_CONTEXT(2) 
PARAMETRIC_REPRESENTATION_CONTEXT() REPRESENTATION_CONTEXT('2D SPACE',''
  ) );
#9637 = PCURVE('',#9426,#9638);
#9638 = DEFINITIONAL_REPRESENTATION('',(#9639),#9643);
#9639 = LINE('',#9640,#9641);
#9640 = CARTESIAN_POINT('',(0.,4.));
#9641 = VECTOR('',#9642,1.);
#9642 = DIRECTION('',(1.,0.));
#9643 = ( GEOMETRIC_REPRESENTATION_CONTEXT(2) 
PARAMETRIC_REPRESENTATION_CONTEXT() REPRESENTATION_CONTEXT('2D SPACE',''
  ) );
#9644 = FACE_BOUND('',#9645,.T.);
#9645 = EDGE_LOOP('',(#9646));
#9646 = ORIENTED_EDGE('',*,*,#9647,.F.);
#9647 = EDGE_CURVE('',#9648,#9648,#9650,.T.);
#9648 = VERTEX_POINT('',#9649);
#9649 = CARTESIAN_POINT('',(553.,51.,1.4072E+03));
#9650 = SURFACE_CURVE('',#9651,(#9656,#9663),.PCURVE_S1.);
#9651 = CIRCLE('',#9652,2.2);
#9652 = AXIS2_PLACEMENT_3D('',#9653,#9654,#9655);
#9653 = CARTESIAN_POINT('',(553.,51.,1.405E+03));
#9654 = DIRECTION('',(0.,1.,0.));
#9655 = DIRECTION('',(0.,-0.,1.));
#9656 = PCURVE('',#9231,#9657);
#9657 = DEFINITIONAL_REPRESENTATION('',(#9658),#9662);
#9658 = CIRCLE('',#9659,2.2);
#9659 = AXIS2_PLACEMENT_2D('',#9660,#9661);
#9660 = CARTESIAN_POINT('',(195.,176.));
#9661 = DIRECTION('',(1.,0.));
#9662 = ( GEOMETRIC_REPRESENTATION_CONTEXT(2) 
PARAMETRIC_REPRESENTATION_CONTEXT() REPRESENTATION_CONTEXT('2D SPACE',''
  ) );
#9663 = PCURVE('',#9457,#9664);
#9664 = DEFINITIONAL_REPRESENTATION('',(#9665),#9669);
#9665 = LINE('',#9666,#9667);
#9666 = CARTESIAN_POINT('',(0.,4.));
#9667 = VECTOR('',#9668,1.);
#9668 = DIRECTION('',(1.,0.));
#9669 = ( GEOMETRIC_REPRESENTATION_CONTEXT(2) 
PARAMETRIC_REPRESENTATION_CONTEXT() REPRESENTATION_CONTEXT('2D SPACE',''
  ) );
#9670 = ADVANCED_FACE('',(#9671),#9203,.F.);
#9671 = FACE_BOUND('',#9672,.F.);
#9672 = EDGE_LOOP('',(#9673,#9674,#9675,#9696));
#9673 = ORIENTED_EDGE('',*,*,#9187,.F.);
#9674 = ORIENTED_EDGE('',*,*,#9272,.T.);
#9675 = ORIENTED_EDGE('',*,*,#9676,.T.);
#9676 = EDGE_CURVE('',#9273,#9522,#9677,.T.);
#9677 = SURFACE_CURVE('',#9678,(#9682,#9689),.PCURVE_S1.);
#9678 = LINE('',#9679,#9680);
#9679 = CARTESIAN_POINT('',(563.,48.,1.21E+03));
#9680 = VECTOR('',#9681,1.);
#9681 = DIRECTION('',(-0.,1.,0.));
#9682 = PCURVE('',#9203,#9683);
#9683 = DEFINITIONAL_REPRESENTATION('',(#9684),#9688);
#9684 = LINE('',#9685,#9686);
#9685 = CARTESIAN_POINT('',(186.,0.));
#9686 = VECTOR('',#9687,1.);
#9687 = DIRECTION('',(0.,1.));
#9688 = ( GEOMETRIC_REPRESENTATION_CONTEXT(2) 
PARAMETRIC_REPRESENTATION_CONTEXT() REPRESENTATION_CONTEXT('2D SPACE',''
  ) );
#9689 = PCURVE('',#9333,#9690);
#9690 = DEFINITIONAL_REPRESENTATION('',(#9691),#9695);
#9691 = LINE('',#9692,#9693);
#9692 = CARTESIAN_POINT('',(0.,0.));
#9693 = VECTOR('',#9694,1.);
#9694 = DIRECTION('',(0.,-1.));
#9695 = ( GEOMETRIC_REPRESENTATION_CONTEXT(2) 
PARAMETRIC_REPRESENTATION_CONTEXT() REPRESENTATION_CONTEXT('2D SPACE',''
  ) );
#9696 = ORIENTED_EDGE('',*,*,#9521,.F.);
#9697 = ADVANCED_FACE('',(#9698),#9333,.T.);
#9698 = FACE_BOUND('',#9699,.T.);
#9699 = EDGE_LOOP('',(#9700,#9701,#9702,#9703));
#9700 = ORIENTED_EDGE('',*,*,#9319,.F.);
#9701 = ORIENTED_EDGE('',*,*,#9676,.T.);
#9702 = ORIENTED_EDGE('',*,*,#9546,.T.);
#9703 = ORIENTED_EDGE('',*,*,#9474,.F.);
#9704 = ADVANCED_FACE('',(#9705),#9364,.F.);
#9705 = FACE_BOUND('',#9706,.F.);
#9706 = EDGE_LOOP('',(#9707,#9708,#9729,#9730));
#9707 = ORIENTED_EDGE('',*,*,#9569,.F.);
#9708 = ORIENTED_EDGE('',*,*,#9709,.F.);
#9709 = EDGE_CURVE('',#9348,#9570,#9710,.T.);
#9710 = SEAM_CURVE('',#9711,(#9715,#9722),.PCURVE_S1.);
#9711 = LINE('',#9712,#9713);
#9712 = CARTESIAN_POINT('',(387.,47.,1.2222E+03));
#9713 = VECTOR('',#9714,1.);
#9714 = DIRECTION('',(0.,1.,0.));
#9715 = PCURVE('',#9364,#9716);
#9716 = DEFINITIONAL_REPRESENTATION('',(#9717),#9721);
#9717 = LINE('',#9718,#9719);
#9718 = CARTESIAN_POINT('',(6.28318530718,-0.));
#9719 = VECTOR('',#9720,1.);
#9720 = DIRECTION('',(0.,1.));
#9721 = ( GEOMETRIC_REPRESENTATION_CONTEXT(2) 
PARAMETRIC_REPRESENTATION_CONTEXT() REPRESENTATION_CONTEXT('2D SPACE',''
  ) );
#9722 = PCURVE('',#9364,#9723);
#9723 = DEFINITIONAL_REPRESENTATION('',(#9724),#9728);
#9724 = LINE('',#9725,#9726);
#9725 = CARTESIAN_POINT('',(0.,-0.));
#9726 = VECTOR('',#9727,1.);
#9727 = DIRECTION('',(0.,1.));
#9728 = ( GEOMETRIC_REPRESENTATION_CONTEXT(2) 
PARAMETRIC_REPRESENTATION_CONTEXT() REPRESENTATION_CONTEXT('2D SPACE',''
  ) );
#9729 = ORIENTED_EDGE('',*,*,#9347,.T.);
#9730 = ORIENTED_EDGE('',*,*,#9709,.T.);
#9731 = ADVANCED_FACE('',(#9732),#9395,.F.);
#9732 = FACE_BOUND('',#9733,.F.);
#9733 = EDGE_LOOP('',(#9734,#9735,#9756,#9757));
#9734 = ORIENTED_EDGE('',*,*,#9595,.F.);
#9735 = ORIENTED_EDGE('',*,*,#9736,.F.);
#9736 = EDGE_CURVE('',#9379,#9596,#9737,.T.);
#9737 = SEAM_CURVE('',#9738,(#9742,#9749),.PCURVE_S1.);
#9738 = LINE('',#9739,#9740);
#9739 = CARTESIAN_POINT('',(387.,47.,1.4072E+03));
#9740 = VECTOR('',#9741,1.);
#9741 = DIRECTION('',(0.,1.,0.));
#9742 = PCURVE('',#9395,#9743);
#9743 = DEFINITIONAL_REPRESENTATION('',(#9744),#9748);
#9744 = LINE('',#9745,#9746);
#9745 = CARTESIAN_POINT('',(6.28318530718,-0.));
#9746 = VECTOR('',#9747,1.);
#9747 = DIRECTION('',(0.,1.));
#9748 = ( GEOMETRIC_REPRESENTATION_CONTEXT(2) 
PARAMETRIC_REPRESENTATION_CONTEXT() REPRESENTATION_CONTEXT('2D SPACE',''
  ) );
#9749 = PCURVE('',#9395,#9750);
#9750 = DEFINITIONAL_REPRESENTATION('',(#9751),#9755);
#9751 = LINE('',#9752,#9753);
#9752 = CARTESIAN_POINT('',(0.,-0.));
#9753 = VECTOR('',#9754,1.);
#9754 = DIRECTION('',(0.,1.));
#9755 = ( GEOMETRIC_REPRESENTATION_CONTEXT(2) 
PARAMETRIC_REPRESENTATION_CONTEXT() REPRESENTATION_CONTEXT('2D SPACE',''
  ) );
#9756 = ORIENTED_EDGE('',*,*,#9378,.T.);
#9757 = ORIENTED_EDGE('',*,*,#9736,.T.);
#9758 = ADVANCED_FACE('',(#9759),#9426,.F.);
#9759 = FACE_BOUND('',#9760,.F.);
#9760 = EDGE_LOOP('',(#9761,#9762,#9783,#9784));
#9761 = ORIENTED_EDGE('',*,*,#9621,.F.);
#9762 = ORIENTED_EDGE('',*,*,#9763,.F.);
#9763 = EDGE_CURVE('',#9410,#9622,#9764,.T.);
#9764 = SEAM_CURVE('',#9765,(#9769,#9776),.PCURVE_S1.);
#9765 = LINE('',#9766,#9767);
#9766 = CARTESIAN_POINT('',(553.,47.,1.2222E+03));
#9767 = VECTOR('',#9768,1.);
#9768 = DIRECTION('',(0.,1.,0.));
#9769 = PCURVE('',#9426,#9770);
#9770 = DEFINITIONAL_REPRESENTATION('',(#9771),#9775);
#9771 = LINE('',#9772,#9773);
#9772 = CARTESIAN_POINT('',(6.28318530718,-0.));
#9773 = VECTOR('',#9774,1.);
#9774 = DIRECTION('',(0.,1.));
#9775 = ( GEOMETRIC_REPRESENTATION_CONTEXT(2) 
PARAMETRIC_REPRESENTATION_CONTEXT() REPRESENTATION_CONTEXT('2D SPACE',''
  ) );
#9776 = PCURVE('',#9426,#9777);
#9777 = DEFINITIONAL_REPRESENTATION('',(#9778),#9782);
#9778 = LINE('',#9779,#9780);
#9779 = CARTESIAN_POINT('',(0.,-0.));
#9780 = VECTOR('',#9781,1.);
#9781 = DIRECTION('',(0.,1.));
#9782 = ( GEOMETRIC_REPRESENTATION_CONTEXT(2) 
PARAMETRIC_REPRESENTATION_CONTEXT() REPRESENTATION_CONTEXT('2D SPACE',''
  ) );
#9783 = ORIENTED_EDGE('',*,*,#9409,.T.);
#9784 = ORIENTED_EDGE('',*,*,#9763,.T.);
#9785 = ADVANCED_FACE('',(#9786),#9457,.F.);
#9786 = FACE_BOUND('',#9787,.F.);
#9787 = EDGE_LOOP('',(#9788,#9789,#9810,#9811));
#9788 = ORIENTED_EDGE('',*,*,#9647,.F.);
#9789 = ORIENTED_EDGE('',*,*,#9790,.F.);
#9790 = EDGE_CURVE('',#9441,#9648,#9791,.T.);
#9791 = SEAM_CURVE('',#9792,(#9796,#9803),.PCURVE_S1.);
#9792 = LINE('',#9793,#9794);
#9793 = CARTESIAN_POINT('',(553.,47.,1.4072E+03));
#9794 = VECTOR('',#9795,1.);
#9795 = DIRECTION('',(0.,1.,0.));
#9796 = PCURVE('',#9457,#9797);
#9797 = DEFINITIONAL_REPRESENTATION('',(#9798),#9802);
#9798 = LINE('',#9799,#9800);
#9799 = CARTESIAN_POINT('',(6.28318530718,-0.));
#9800 = VECTOR('',#9801,1.);
#9801 = DIRECTION('',(0.,1.));
#9802 = ( GEOMETRIC_REPRESENTATION_CONTEXT(2) 
PARAMETRIC_REPRESENTATION_CONTEXT() REPRESENTATION_CONTEXT('2D SPACE',''
  ) );
#9803 = PCURVE('',#9457,#9804);
#9804 = DEFINITIONAL_REPRESENTATION('',(#9805),#9809);
#9805 = LINE('',#9806,#9807);
#9806 = CARTESIAN_POINT('',(0.,-0.));
#9807 = VECTOR('',#9808,1.);
#9808 = DIRECTION('',(0.,1.));
#9809 = ( GEOMETRIC_REPRESENTATION_CONTEXT(2) 
PARAMETRIC_REPRESENTATION_CONTEXT() REPRESENTATION_CONTEXT('2D SPACE',''
  ) );
#9810 = ORIENTED_EDGE('',*,*,#9440,.T.);
#9811 = ORIENTED_EDGE('',*,*,#9790,.T.);
#9812 = ( GEOMETRIC_REPRESENTATION_CONTEXT(3) 
GLOBAL_UNCERTAINTY_ASSIGNED_CONTEXT((#9816)) 
GLOBAL_UNIT_ASSIGNED_CONTEXT((#9813,#9814,#9815)) REPRESENTATION_CONTEXT
('Context #1','3D Context with UNIT and UNCERTAINTY') );
#9813 = ( LENGTH_UNIT() NAMED_UNIT(*) SI_UNIT(.MILLI.,.METRE.) );
#9814 = ( NAMED_UNIT(*) PLANE_ANGLE_UNIT() SI_UNIT($,.RADIAN.) );
#9815 = ( NAMED_UNIT(*) SI_UNIT($,.STERADIAN.) SOLID_ANGLE_UNIT() );
#9816 = UNCERTAINTY_MEASURE_WITH_UNIT(LENGTH_MEASURE(1.E-07),#9813,
  'distance_accuracy_value','confusion accuracy');
#9817 = CONTEXT_DEPENDENT_SHAPE_REPRESENTATION(#9818,#9820);
#9818 = ( REPRESENTATION_RELATIONSHIP('','',#6241,#10) 
REPRESENTATION_RELATIONSHIP_WITH_TRANSFORMATION(#9819) 
SHAPE_REPRESENTATION_RELATIONSHIP() );
#9819 = ITEM_DEFINED_TRANSFORMATION('','',#11,#43);
#9820 = PRODUCT_DEFINITION_SHAPE('Placement','Placement of an item',
  #9821);
#9821 = NEXT_ASSEMBLY_USAGE_OCCURRENCE('35','=>[0:1:1:9]','',#5,#6236,$
  );
#9822 = PRODUCT_RELATED_PRODUCT_CATEGORY('part',$,(#6238));
#9823 = SHAPE_DEFINITION_REPRESENTATION(#9824,#9830);
#9824 = PRODUCT_DEFINITION_SHAPE('','',#9825);
#9825 = PRODUCT_DEFINITION('design','',#9826,#9829);
#9826 = PRODUCT_DEFINITION_FORMATION('','',#9827);
#9827 = PRODUCT('COMPOUND','COMPOUND','',(#9828));
#9828 = PRODUCT_CONTEXT('',#2,'mechanical');
#9829 = PRODUCT_DEFINITION_CONTEXT('part definition',#2,'design');
#9830 = ADVANCED_BREP_SHAPE_REPRESENTATION('',(#11,#9831),#11169);
#9831 = MANIFOLD_SOLID_BREP('',#9832);
#9832 = CLOSED_SHELL('',(#9833,#9953,#10401,#10450,#10811,#10838,#10845,
    #10872,#10899,#10926,#10953,#10980,#11007,#11034,#11061,#11088,
    #11115,#11142));
#9833 = ADVANCED_FACE('',(#9834),#9848,.F.);
#9834 = FACE_BOUND('',#9835,.F.);
#9835 = EDGE_LOOP('',(#9836,#9871,#9899,#9927));
#9836 = ORIENTED_EDGE('',*,*,#9837,.F.);
#9837 = EDGE_CURVE('',#9838,#9840,#9842,.T.);
#9838 = VERTEX_POINT('',#9839);
#9839 = CARTESIAN_POINT('',(335.,60.,1.09E+03));
#9840 = VERTEX_POINT('',#9841);
#9841 = CARTESIAN_POINT('',(335.,60.,1.51E+03));
#9842 = SURFACE_CURVE('',#9843,(#9847,#9859),.PCURVE_S1.);
#9843 = LINE('',#9844,#9845);
#9844 = CARTESIAN_POINT('',(335.,60.,1.09E+03));
#9845 = VECTOR('',#9846,1.);
#9846 = DIRECTION('',(0.,0.,1.));
#9847 = PCURVE('',#9848,#9853);
#9848 = PLANE('',#9849);
#9849 = AXIS2_PLACEMENT_3D('',#9850,#9851,#9852);
#9850 = CARTESIAN_POINT('',(335.,60.,1.09E+03));
#9851 = DIRECTION('',(1.,0.,-0.));
#9852 = DIRECTION('',(0.,0.,1.));
#9853 = DEFINITIONAL_REPRESENTATION('',(#9854),#9858);
#9854 = LINE('',#9855,#9856);
#9855 = CARTESIAN_POINT('',(0.,0.));
#9856 = VECTOR('',#9857,1.);
#9857 = DIRECTION('',(1.,0.));
#9858 = ( GEOMETRIC_REPRESENTATION_CONTEXT(2) 
PARAMETRIC_REPRESENTATION_CONTEXT() REPRESENTATION_CONTEXT('2D SPACE',''
  ) );
#9859 = PCURVE('',#9860,#9865);
#9860 = PLANE('',#9861);
#9861 = AXIS2_PLACEMENT_3D('',#9862,#9863,#9864);
#9862 = CARTESIAN_POINT('',(335.,60.,1.09E+03));
#9863 = DIRECTION('',(-0.,1.,0.));
#9864 = DIRECTION('',(0.,0.,1.));
#9865 = DEFINITIONAL_REPRESENTATION('',(#9866),#9870);
#9866 = LINE('',#9867,#9868);
#9867 = CARTESIAN_POINT('',(0.,0.));
#9868 = VECTOR('',#9869,1.);
#9869 = DIRECTION('',(1.,0.));
#9870 = ( GEOMETRIC_REPRESENTATION_CONTEXT(2) 
PARAMETRIC_REPRESENTATION_CONTEXT() REPRESENTATION_CONTEXT('2D SPACE',''
  ) );
#9871 = ORIENTED_EDGE('',*,*,#9872,.T.);
#9872 = EDGE_CURVE('',#9838,#9873,#9875,.T.);
#9873 = VERTEX_POINT('',#9874);
#9874 = CARTESIAN_POINT('',(335.,63.,1.09E+03));
#9875 = SURFACE_CURVE('',#9876,(#9880,#9887),.PCURVE_S1.);
#9876 = LINE('',#9877,#9878);
#9877 = CARTESIAN_POINT('',(335.,60.,1.09E+03));
#9878 = VECTOR('',#9879,1.);
#9879 = DIRECTION('',(-0.,1.,0.));
#9880 = PCURVE('',#9848,#9881);
#9881 = DEFINITIONAL_REPRESENTATION('',(#9882),#9886);
#9882 = LINE('',#9883,#9884);
#9883 = CARTESIAN_POINT('',(0.,0.));
#9884 = VECTOR('',#9885,1.);
#9885 = DIRECTION('',(0.,-1.));
#9886 = ( GEOMETRIC_REPRESENTATION_CONTEXT(2) 
PARAMETRIC_REPRESENTATION_CONTEXT() REPRESENTATION_CONTEXT('2D SPACE',''
  ) );
#9887 = PCURVE('',#9888,#9893);
#9888 = PLANE('',#9889);
#9889 = AXIS2_PLACEMENT_3D('',#9890,#9891,#9892);
#9890 = CARTESIAN_POINT('',(335.,60.,1.09E+03));
#9891 = DIRECTION('',(0.,0.,1.));
#9892 = DIRECTION('',(1.,0.,-0.));
#9893 = DEFINITIONAL_REPRESENTATION('',(#9894),#9898);
#9894 = LINE('',#9895,#9896);
#9895 = CARTESIAN_POINT('',(0.,0.));
#9896 = VECTOR('',#9897,1.);
#9897 = DIRECTION('',(0.,1.));
#9898 = ( GEOMETRIC_REPRESENTATION_CONTEXT(2) 
PARAMETRIC_REPRESENTATION_CONTEXT() REPRESENTATION_CONTEXT('2D SPACE',''
  ) );
#9899 = ORIENTED_EDGE('',*,*,#9900,.T.);
#9900 = EDGE_CURVE('',#9873,#9901,#9903,.T.);
#9901 = VERTEX_POINT('',#9902);
#9902 = CARTESIAN_POINT('',(335.,63.,1.51E+03));
#9903 = SURFACE_CURVE('',#9904,(#9908,#9915),.PCURVE_S1.);
#9904 = LINE('',#9905,#9906);
#9905 = CARTESIAN_POINT('',(335.,63.,1.09E+03));
#9906 = VECTOR('',#9907,1.);
#9907 = DIRECTION('',(0.,0.,1.));
#9908 = PCURVE('',#9848,#9909);
#9909 = DEFINITIONAL_REPRESENTATION('',(#9910),#9914);
#9910 = LINE('',#9911,#9912);
#9911 = CARTESIAN_POINT('',(0.,-3.));
#9912 = VECTOR('',#9913,1.);
#9913 = DIRECTION('',(1.,0.));
#9914 = ( GEOMETRIC_REPRESENTATION_CONTEXT(2) 
PARAMETRIC_REPRESENTATION_CONTEXT() REPRESENTATION_CONTEXT('2D SPACE',''
  ) );
#9915 = PCURVE('',#9916,#9921);
#9916 = PLANE('',#9917);
#9917 = AXIS2_PLACEMENT_3D('',#9918,#9919,#9920);
#9918 = CARTESIAN_POINT('',(335.,63.,1.09E+03));
#9919 = DIRECTION('',(-0.,1.,0.));
#9920 = DIRECTION('',(0.,0.,1.));
#9921 = DEFINITIONAL_REPRESENTATION('',(#9922),#9926);
#9922 = LINE('',#9923,#9924);
#9923 = CARTESIAN_POINT('',(0.,0.));
#9924 = VECTOR('',#9925,1.);
#9925 = DIRECTION('',(1.,0.));
#9926 = ( GEOMETRIC_REPRESENTATION_CONTEXT(2) 
PARAMETRIC_REPRESENTATION_CONTEXT() REPRESENTATION_CONTEXT('2D SPACE',''
  ) );
#9927 = ORIENTED_EDGE('',*,*,#9928,.F.);
#9928 = EDGE_CURVE('',#9840,#9901,#9929,.T.);
#9929 = SURFACE_CURVE('',#9930,(#9934,#9941),.PCURVE_S1.);
#9930 = LINE('',#9931,#9932);
#9931 = CARTESIAN_POINT('',(335.,60.,1.51E+03));
#9932 = VECTOR('',#9933,1.);
#9933 = DIRECTION('',(-0.,1.,0.));
#9934 = PCURVE('',#9848,#9935);
#9935 = DEFINITIONAL_REPRESENTATION('',(#9936),#9940);
#9936 = LINE('',#9937,#9938);
#9937 = CARTESIAN_POINT('',(420.,0.));
#9938 = VECTOR('',#9939,1.);
#9939 = DIRECTION('',(0.,-1.));
#9940 = ( GEOMETRIC_REPRESENTATION_CONTEXT(2) 
PARAMETRIC_REPRESENTATION_CONTEXT() REPRESENTATION_CONTEXT('2D SPACE',''
  ) );
#9941 = PCURVE('',#9942,#9947);
#9942 = PLANE('',#9943);
#9943 = AXIS2_PLACEMENT_3D('',#9944,#9945,#9946);
#9944 = CARTESIAN_POINT('',(335.,60.,1.51E+03));
#9945 = DIRECTION('',(0.,0.,1.));
#9946 = DIRECTION('',(1.,0.,-0.));
#9947 = DEFINITIONAL_REPRESENTATION('',(#9948),#9952);
#9948 = LINE('',#9949,#9950);
#9949 = CARTESIAN_POINT('',(0.,0.));
#9950 = VECTOR('',#9951,1.);
#9951 = DIRECTION('',(0.,1.));
#9952 = ( GEOMETRIC_REPRESENTATION_CONTEXT(2) 
PARAMETRIC_REPRESENTATION_CONTEXT() REPRESENTATION_CONTEXT('2D SPACE',''
  ) );
#9953 = ADVANCED_FACE('',(#9954,#10029,#10060,#10091,#10122,#10153,
    #10184,#10215,#10246,#10277,#10308,#10339,#10370),#9860,.F.);
#9954 = FACE_BOUND('',#9955,.F.);
#9955 = EDGE_LOOP('',(#9956,#9979,#9980,#10003));
#9956 = ORIENTED_EDGE('',*,*,#9957,.F.);
#9957 = EDGE_CURVE('',#9838,#9958,#9960,.T.);
#9958 = VERTEX_POINT('',#9959);
#9959 = CARTESIAN_POINT('',(605.,60.,1.09E+03));
#9960 = SURFACE_CURVE('',#9961,(#9965,#9972),.PCURVE_S1.);
#9961 = LINE('',#9962,#9963);
#9962 = CARTESIAN_POINT('',(335.,60.,1.09E+03));
#9963 = VECTOR('',#9964,1.);
#9964 = DIRECTION('',(1.,0.,-0.));
#9965 = PCURVE('',#9860,#9966);
#9966 = DEFINITIONAL_REPRESENTATION('',(#9967),#9971);
#9967 = LINE('',#9968,#9969);
#9968 = CARTESIAN_POINT('',(0.,0.));
#9969 = VECTOR('',#9970,1.);
#9970 = DIRECTION('',(0.,1.));
#9971 = ( GEOMETRIC_REPRESENTATION_CONTEXT(2) 
PARAMETRIC_REPRESENTATION_CONTEXT() REPRESENTATION_CONTEXT('2D SPACE',''
  ) );
#9972 = PCURVE('',#9888,#9973);
#9973 = DEFINITIONAL_REPRESENTATION('',(#9974),#9978);
#9974 = LINE('',#9975,#9976);
#9975 = CARTESIAN_POINT('',(0.,0.));
#9976 = VECTOR('',#9977,1.);
#9977 = DIRECTION('',(1.,0.));
#9978 = ( GEOMETRIC_REPRESENTATION_CONTEXT(2) 
PARAMETRIC_REPRESENTATION_CONTEXT() REPRESENTATION_CONTEXT('2D SPACE',''
  ) );
#9979 = ORIENTED_EDGE('',*,*,#9837,.T.);
#9980 = ORIENTED_EDGE('',*,*,#9981,.T.);
#9981 = EDGE_CURVE('',#9840,#9982,#9984,.T.);
#9982 = VERTEX_POINT('',#9983);
#9983 = CARTESIAN_POINT('',(605.,60.,1.51E+03));
#9984 = SURFACE_CURVE('',#9985,(#9989,#9996),.PCURVE_S1.);
#9985 = LINE('',#9986,#9987);
#9986 = CARTESIAN_POINT('',(335.,60.,1.51E+03));
#9987 = VECTOR('',#9988,1.);
#9988 = DIRECTION('',(1.,0.,-0.));
#9989 = PCURVE('',#9860,#9990);
#9990 = DEFINITIONAL_REPRESENTATION('',(#9991),#9995);
#9991 = LINE('',#9992,#9993);
#9992 = CARTESIAN_POINT('',(420.,0.));
#9993 = VECTOR('',#9994,1.);
#9994 = DIRECTION('',(0.,1.));
#9995 = ( GEOMETRIC_REPRESENTATION_CONTEXT(2) 
PARAMETRIC_REPRESENTATION_CONTEXT() REPRESENTATION_CONTEXT('2D SPACE',''
  ) );
#9996 = PCURVE('',#9942,#9997);
#9997 = DEFINITIONAL_REPRESENTATION('',(#9998),#10002);
#9998 = LINE('',#9999,#10000);
#9999 = CARTESIAN_POINT('',(0.,0.));
#10000 = VECTOR('',#10001,1.);
#10001 = DIRECTION('',(1.,0.));
#10002 = ( GEOMETRIC_REPRESENTATION_CONTEXT(2) 
PARAMETRIC_REPRESENTATION_CONTEXT() REPRESENTATION_CONTEXT('2D SPACE',''
  ) );
#10003 = ORIENTED_EDGE('',*,*,#10004,.F.);
#10004 = EDGE_CURVE('',#9958,#9982,#10005,.T.);
#10005 = SURFACE_CURVE('',#10006,(#10010,#10017),.PCURVE_S1.);
#10006 = LINE('',#10007,#10008);
#10007 = CARTESIAN_POINT('',(605.,60.,1.09E+03));
#10008 = VECTOR('',#10009,1.);
#10009 = DIRECTION('',(0.,0.,1.));
#10010 = PCURVE('',#9860,#10011);
#10011 = DEFINITIONAL_REPRESENTATION('',(#10012),#10016);
#10012 = LINE('',#10013,#10014);
#10013 = CARTESIAN_POINT('',(0.,270.));
#10014 = VECTOR('',#10015,1.);
#10015 = DIRECTION('',(1.,0.));
#10016 = ( GEOMETRIC_REPRESENTATION_CONTEXT(2) 
PARAMETRIC_REPRESENTATION_CONTEXT() REPRESENTATION_CONTEXT('2D SPACE',''
  ) );
#10017 = PCURVE('',#10018,#10023);
#10018 = PLANE('',#10019);
#10019 = AXIS2_PLACEMENT_3D('',#10020,#10021,#10022);
#10020 = CARTESIAN_POINT('',(605.,60.,1.09E+03));
#10021 = DIRECTION('',(1.,0.,-0.));
#10022 = DIRECTION('',(0.,0.,1.));
#10023 = DEFINITIONAL_REPRESENTATION('',(#10024),#10028);
#10024 = LINE('',#10025,#10026);
#10025 = CARTESIAN_POINT('',(0.,0.));
#10026 = VECTOR('',#10027,1.);
#10027 = DIRECTION('',(1.,0.));
#10028 = ( GEOMETRIC_REPRESENTATION_CONTEXT(2) 
PARAMETRIC_REPRESENTATION_CONTEXT() REPRESENTATION_CONTEXT('2D SPACE',''
  ) );
#10029 = FACE_BOUND('',#10030,.F.);
#10030 = EDGE_LOOP('',(#10031));
#10031 = ORIENTED_EDGE('',*,*,#10032,.F.);
#10032 = EDGE_CURVE('',#10033,#10033,#10035,.T.);
#10033 = VERTEX_POINT('',#10034);
#10034 = CARTESIAN_POINT('',(352.5,60.,1.1924E+03));
#10035 = SURFACE_CURVE('',#10036,(#10041,#10048),.PCURVE_S1.);
#10036 = CIRCLE('',#10037,2.4);
#10037 = AXIS2_PLACEMENT_3D('',#10038,#10039,#10040);
#10038 = CARTESIAN_POINT('',(352.5,60.,1.19E+03));
#10039 = DIRECTION('',(0.,1.,0.));
#10040 = DIRECTION('',(0.,-0.,1.));
#10041 = PCURVE('',#9860,#10042);
#10042 = DEFINITIONAL_REPRESENTATION('',(#10043),#10047);
#10043 = CIRCLE('',#10044,2.4);
#10044 = AXIS2_PLACEMENT_2D('',#10045,#10046);
#10045 = CARTESIAN_POINT('',(100.,17.5));
#10046 = DIRECTION('',(1.,0.));
#10047 = ( GEOMETRIC_REPRESENTATION_CONTEXT(2) 
PARAMETRIC_REPRESENTATION_CONTEXT() REPRESENTATION_CONTEXT('2D SPACE',''
  ) );
#10048 = PCURVE('',#10049,#10054);
#10049 = CYLINDRICAL_SURFACE('',#10050,2.4);
#10050 = AXIS2_PLACEMENT_3D('',#10051,#10052,#10053);
#10051 = CARTESIAN_POINT('',(352.5,59.,1.19E+03));
#10052 = DIRECTION('',(0.,1.,0.));
#10053 = DIRECTION('',(0.,-0.,1.));
#10054 = DEFINITIONAL_REPRESENTATION('',(#10055),#10059);
#10055 = LINE('',#10056,#10057);
#10056 = CARTESIAN_POINT('',(0.,1.));
#10057 = VECTOR('',#10058,1.);
#10058 = DIRECTION('',(1.,0.));
#10059 = ( GEOMETRIC_REPRESENTATION_CONTEXT(2) 
PARAMETRIC_REPRESENTATION_CONTEXT() REPRESENTATION_CONTEXT('2D SPACE',''
  ) );
#10060 = FACE_BOUND('',#10061,.F.);
#10061 = EDGE_LOOP('',(#10062));
#10062 = ORIENTED_EDGE('',*,*,#10063,.F.);
#10063 = EDGE_CURVE('',#10064,#10064,#10066,.T.);
#10064 = VERTEX_POINT('',#10065);
#10065 = CARTESIAN_POINT('',(385.,60.,1.15975E+03));
#10066 = SURFACE_CURVE('',#10067,(#10072,#10079),.PCURVE_S1.);
#10067 = CIRCLE('',#10068,2.75);
#10068 = AXIS2_PLACEMENT_3D('',#10069,#10070,#10071);
#10069 = CARTESIAN_POINT('',(385.,60.,1.157E+03));
#10070 = DIRECTION('',(0.,1.,0.));
#10071 = DIRECTION('',(0.,-0.,1.));
#10072 = PCURVE('',#9860,#10073);
#10073 = DEFINITIONAL_REPRESENTATION('',(#10074),#10078);
#10074 = CIRCLE('',#10075,2.75);
#10075 = AXIS2_PLACEMENT_2D('',#10076,#10077);
#10076 = CARTESIAN_POINT('',(67.,50.));
#10077 = DIRECTION('',(1.,0.));
#10078 = ( GEOMETRIC_REPRESENTATION_CONTEXT(2) 
PARAMETRIC_REPRESENTATION_CONTEXT() REPRESENTATION_CONTEXT('2D SPACE',''
  ) );
#10079 = PCURVE('',#10080,#10085);
#10080 = CYLINDRICAL_SURFACE('',#10081,2.75);
#10081 = AXIS2_PLACEMENT_3D('',#10082,#10083,#10084);
#10082 = CARTESIAN_POINT('',(385.,59.,1.157E+03));
#10083 = DIRECTION('',(0.,1.,0.));
#10084 = DIRECTION('',(0.,-0.,1.));
#10085 = DEFINITIONAL_REPRESENTATION('',(#10086),#10090);
#10086 = LINE('',#10087,#10088);
#10087 = CARTESIAN_POINT('',(0.,1.));
#10088 = VECTOR('',#10089,1.);
#10089 = DIRECTION('',(1.,0.));
#10090 = ( GEOMETRIC_REPRESENTATION_CONTEXT(2) 
PARAMETRIC_REPRESENTATION_CONTEXT() REPRESENTATION_CONTEXT('2D SPACE',''
  ) );
#10091 = FACE_BOUND('',#10092,.F.);
#10092 = EDGE_LOOP('',(#10093));
#10093 = ORIENTED_EDGE('',*,*,#10094,.F.);
#10094 = EDGE_CURVE('',#10095,#10095,#10097,.T.);
#10095 = VERTEX_POINT('',#10096);
#10096 = CARTESIAN_POINT('',(441.,60.,1.1195E+03));
#10097 = SURFACE_CURVE('',#10098,(#10103,#10110),.PCURVE_S1.);
#10098 = CIRCLE('',#10099,4.5);
#10099 = AXIS2_PLACEMENT_3D('',#10100,#10101,#10102);
#10100 = CARTESIAN_POINT('',(441.,60.,1.115E+03));
#10101 = DIRECTION('',(0.,1.,0.));
#10102 = DIRECTION('',(0.,-0.,1.));
#10103 = PCURVE('',#9860,#10104);
#10104 = DEFINITIONAL_REPRESENTATION('',(#10105),#10109);
#10105 = CIRCLE('',#10106,4.5);
#10106 = AXIS2_PLACEMENT_2D('',#10107,#10108);
#10107 = CARTESIAN_POINT('',(25.,106.));
#10108 = DIRECTION('',(1.,0.));
#10109 = ( GEOMETRIC_REPRESENTATION_CONTEXT(2) 
PARAMETRIC_REPRESENTATION_CONTEXT() REPRESENTATION_CONTEXT('2D SPACE',''
  ) );
#10110 = PCURVE('',#10111,#10116);
#10111 = CYLINDRICAL_SURFACE('',#10112,4.5);
#10112 = AXIS2_PLACEMENT_3D('',#10113,#10114,#10115);
#10113 = CARTESIAN_POINT('',(441.,59.,1.115E+03));
#10114 = DIRECTION('',(0.,1.,0.));
#10115 = DIRECTION('',(0.,-0.,1.));
#10116 = DEFINITIONAL_REPRESENTATION('',(#10117),#10121);
#10117 = LINE('',#10118,#10119);
#10118 = CARTESIAN_POINT('',(0.,1.));
#10119 = VECTOR('',#10120,1.);
#10120 = DIRECTION('',(1.,0.));
#10121 = ( GEOMETRIC_REPRESENTATION_CONTEXT(2) 
PARAMETRIC_REPRESENTATION_CONTEXT() REPRESENTATION_CONTEXT('2D SPACE',''
  ) );
#10122 = FACE_BOUND('',#10123,.F.);
#10123 = EDGE_LOOP('',(#10124));
#10124 = ORIENTED_EDGE('',*,*,#10125,.F.);
#10125 = EDGE_CURVE('',#10126,#10126,#10128,.T.);
#10126 = VERTEX_POINT('',#10127);
#10127 = CARTESIAN_POINT('',(352.5,60.,1.4124E+03));
#10128 = SURFACE_CURVE('',#10129,(#10134,#10141),.PCURVE_S1.);
#10129 = CIRCLE('',#10130,2.4);
#10130 = AXIS2_PLACEMENT_3D('',#10131,#10132,#10133);
#10131 = CARTESIAN_POINT('',(352.5,60.,1.41E+03));
#10132 = DIRECTION('',(0.,1.,0.));
#10133 = DIRECTION('',(0.,-0.,1.));
#10134 = PCURVE('',#9860,#10135);
#10135 = DEFINITIONAL_REPRESENTATION('',(#10136),#10140);
#10136 = CIRCLE('',#10137,2.4);
#10137 = AXIS2_PLACEMENT_2D('',#10138,#10139);
#10138 = CARTESIAN_POINT('',(320.,17.5));
#10139 = DIRECTION('',(1.,0.));
#10140 = ( GEOMETRIC_REPRESENTATION_CONTEXT(2) 
PARAMETRIC_REPRESENTATION_CONTEXT() REPRESENTATION_CONTEXT('2D SPACE',''
  ) );
#10141 = PCURVE('',#10142,#10147);
#10142 = CYLINDRICAL_SURFACE('',#10143,2.4);
#10143 = AXIS2_PLACEMENT_3D('',#10144,#10145,#10146);
#10144 = CARTESIAN_POINT('',(352.5,59.,1.41E+03));
#10145 = DIRECTION('',(0.,1.,0.));
#10146 = DIRECTION('',(0.,-0.,1.));
#10147 = DEFINITIONAL_REPRESENTATION('',(#10148),#10152);
#10148 = LINE('',#10149,#10150);
#10149 = CARTESIAN_POINT('',(0.,1.));
#10150 = VECTOR('',#10151,1.);
#10151 = DIRECTION('',(1.,0.));
#10152 = ( GEOMETRIC_REPRESENTATION_CONTEXT(2) 
PARAMETRIC_REPRESENTATION_CONTEXT() REPRESENTATION_CONTEXT('2D SPACE',''
  ) );
#10153 = FACE_BOUND('',#10154,.F.);
#10154 = EDGE_LOOP('',(#10155));
#10155 = ORIENTED_EDGE('',*,*,#10156,.F.);
#10156 = EDGE_CURVE('',#10157,#10157,#10159,.T.);
#10157 = VERTEX_POINT('',#10158);
#10158 = CARTESIAN_POINT('',(385.,60.,1.44575E+03));
#10159 = SURFACE_CURVE('',#10160,(#10165,#10172),.PCURVE_S1.);
#10160 = CIRCLE('',#10161,2.75);
#10161 = AXIS2_PLACEMENT_3D('',#10162,#10163,#10164);
#10162 = CARTESIAN_POINT('',(385.,60.,1.443E+03));
#10163 = DIRECTION('',(0.,1.,0.));
#10164 = DIRECTION('',(0.,-0.,1.));
#10165 = PCURVE('',#9860,#10166);
#10166 = DEFINITIONAL_REPRESENTATION('',(#10167),#10171);
#10167 = CIRCLE('',#10168,2.75);
#10168 = AXIS2_PLACEMENT_2D('',#10169,#10170);
#10169 = CARTESIAN_POINT('',(353.,50.));
#10170 = DIRECTION('',(1.,0.));
#10171 = ( GEOMETRIC_REPRESENTATION_CONTEXT(2) 
PARAMETRIC_REPRESENTATION_CONTEXT() REPRESENTATION_CONTEXT('2D SPACE',''
  ) );
#10172 = PCURVE('',#10173,#10178);
#10173 = CYLINDRICAL_SURFACE('',#10174,2.75);
#10174 = AXIS2_PLACEMENT_3D('',#10175,#10176,#10177);
#10175 = CARTESIAN_POINT('',(385.,59.,1.443E+03));
#10176 = DIRECTION('',(0.,1.,0.));
#10177 = DIRECTION('',(0.,-0.,1.));
#10178 = DEFINITIONAL_REPRESENTATION('',(#10179),#10183);
#10179 = LINE('',#10180,#10181);
#10180 = CARTESIAN_POINT('',(0.,1.));
#10181 = VECTOR('',#10182,1.);
#10182 = DIRECTION('',(1.,0.));
#10183 = ( GEOMETRIC_REPRESENTATION_CONTEXT(2) 
PARAMETRIC_REPRESENTATION_CONTEXT() REPRESENTATION_CONTEXT('2D SPACE',''
  ) );
#10184 = FACE_BOUND('',#10185,.F.);
#10185 = EDGE_LOOP('',(#10186));
#10186 = ORIENTED_EDGE('',*,*,#10187,.F.);
#10187 = EDGE_CURVE('',#10188,#10188,#10190,.T.);
#10188 = VERTEX_POINT('',#10189);
#10189 = CARTESIAN_POINT('',(441.,60.,1.4895E+03));
#10190 = SURFACE_CURVE('',#10191,(#10196,#10203),.PCURVE_S1.);
#10191 = CIRCLE('',#10192,4.5);
#10192 = AXIS2_PLACEMENT_3D('',#10193,#10194,#10195);
#10193 = CARTESIAN_POINT('',(441.,60.,1.485E+03));
#10194 = DIRECTION('',(0.,1.,0.));
#10195 = DIRECTION('',(0.,-0.,1.));
#10196 = PCURVE('',#9860,#10197);
#10197 = DEFINITIONAL_REPRESENTATION('',(#10198),#10202);
#10198 = CIRCLE('',#10199,4.5);
#10199 = AXIS2_PLACEMENT_2D('',#10200,#10201);
#10200 = CARTESIAN_POINT('',(395.,106.));
#10201 = DIRECTION('',(1.,0.));
#10202 = ( GEOMETRIC_REPRESENTATION_CONTEXT(2) 
PARAMETRIC_REPRESENTATION_CONTEXT() REPRESENTATION_CONTEXT('2D SPACE',''
  ) );
#10203 = PCURVE('',#10204,#10209);
#10204 = CYLINDRICAL_SURFACE('',#10205,4.5);
#10205 = AXIS2_PLACEMENT_3D('',#10206,#10207,#10208);
#10206 = CARTESIAN_POINT('',(441.,59.,1.485E+03));
#10207 = DIRECTION('',(0.,1.,0.));
#10208 = DIRECTION('',(0.,-0.,1.));
#10209 = DEFINITIONAL_REPRESENTATION('',(#10210),#10214);
#10210 = LINE('',#10211,#10212);
#10211 = CARTESIAN_POINT('',(0.,1.));
#10212 = VECTOR('',#10213,1.);
#10213 = DIRECTION('',(1.,0.));
#10214 = ( GEOMETRIC_REPRESENTATION_CONTEXT(2) 
PARAMETRIC_REPRESENTATION_CONTEXT() REPRESENTATION_CONTEXT('2D SPACE',''
  ) );
#10215 = FACE_BOUND('',#10216,.F.);
#10216 = EDGE_LOOP('',(#10217));
#10217 = ORIENTED_EDGE('',*,*,#10218,.F.);
#10218 = EDGE_CURVE('',#10219,#10219,#10221,.T.);
#10219 = VERTEX_POINT('',#10220);
#10220 = CARTESIAN_POINT('',(499.,60.,1.1195E+03));
#10221 = SURFACE_CURVE('',#10222,(#10227,#10234),.PCURVE_S1.);
#10222 = CIRCLE('',#10223,4.5);
#10223 = AXIS2_PLACEMENT_3D('',#10224,#10225,#10226);
#10224 = CARTESIAN_POINT('',(499.,60.,1.115E+03));
#10225 = DIRECTION('',(0.,1.,0.));
#10226 = DIRECTION('',(0.,-0.,1.));
#10227 = PCURVE('',#9860,#10228);
#10228 = DEFINITIONAL_REPRESENTATION('',(#10229),#10233);
#10229 = CIRCLE('',#10230,4.5);
#10230 = AXIS2_PLACEMENT_2D('',#10231,#10232);
#10231 = CARTESIAN_POINT('',(25.,164.));
#10232 = DIRECTION('',(1.,0.));
#10233 = ( GEOMETRIC_REPRESENTATION_CONTEXT(2) 
PARAMETRIC_REPRESENTATION_CONTEXT() REPRESENTATION_CONTEXT('2D SPACE',''
  ) );
#10234 = PCURVE('',#10235,#10240);
#10235 = CYLINDRICAL_SURFACE('',#10236,4.5);
#10236 = AXIS2_PLACEMENT_3D('',#10237,#10238,#10239);
#10237 = CARTESIAN_POINT('',(499.,59.,1.115E+03));
#10238 = DIRECTION('',(0.,1.,0.));
#10239 = DIRECTION('',(0.,-0.,1.));
#10240 = DEFINITIONAL_REPRESENTATION('',(#10241),#10245);
#10241 = LINE('',#10242,#10243);
#10242 = CARTESIAN_POINT('',(0.,1.));
#10243 = VECTOR('',#10244,1.);
#10244 = DIRECTION('',(1.,0.));
#10245 = ( GEOMETRIC_REPRESENTATION_CONTEXT(2) 
PARAMETRIC_REPRESENTATION_CONTEXT() REPRESENTATION_CONTEXT('2D SPACE',''
  ) );
#10246 = FACE_BOUND('',#10247,.F.);
#10247 = EDGE_LOOP('',(#10248));
#10248 = ORIENTED_EDGE('',*,*,#10249,.F.);
#10249 = EDGE_CURVE('',#10250,#10250,#10252,.T.);
#10250 = VERTEX_POINT('',#10251);
#10251 = CARTESIAN_POINT('',(555.,60.,1.15975E+03));
#10252 = SURFACE_CURVE('',#10253,(#10258,#10265),.PCURVE_S1.);
#10253 = CIRCLE('',#10254,2.75);
#10254 = AXIS2_PLACEMENT_3D('',#10255,#10256,#10257);
#10255 = CARTESIAN_POINT('',(555.,60.,1.157E+03));
#10256 = DIRECTION('',(0.,1.,0.));
#10257 = DIRECTION('',(0.,-0.,1.));
#10258 = PCURVE('',#9860,#10259);
#10259 = DEFINITIONAL_REPRESENTATION('',(#10260),#10264);
#10260 = CIRCLE('',#10261,2.75);
#10261 = AXIS2_PLACEMENT_2D('',#10262,#10263);
#10262 = CARTESIAN_POINT('',(67.,220.));
#10263 = DIRECTION('',(1.,0.));
#10264 = ( GEOMETRIC_REPRESENTATION_CONTEXT(2) 
PARAMETRIC_REPRESENTATION_CONTEXT() REPRESENTATION_CONTEXT('2D SPACE',''
  ) );
#10265 = PCURVE('',#10266,#10271);
#10266 = CYLINDRICAL_SURFACE('',#10267,2.75);
#10267 = AXIS2_PLACEMENT_3D('',#10268,#10269,#10270);
#10268 = CARTESIAN_POINT('',(555.,59.,1.157E+03));
#10269 = DIRECTION('',(0.,1.,0.));
#10270 = DIRECTION('',(0.,-0.,1.));
#10271 = DEFINITIONAL_REPRESENTATION('',(#10272),#10276);
#10272 = LINE('',#10273,#10274);
#10273 = CARTESIAN_POINT('',(0.,1.));
#10274 = VECTOR('',#10275,1.);
#10275 = DIRECTION('',(1.,0.));
#10276 = ( GEOMETRIC_REPRESENTATION_CONTEXT(2) 
PARAMETRIC_REPRESENTATION_CONTEXT() REPRESENTATION_CONTEXT('2D SPACE',''
  ) );
#10277 = FACE_BOUND('',#10278,.F.);
#10278 = EDGE_LOOP('',(#10279));
#10279 = ORIENTED_EDGE('',*,*,#10280,.F.);
#10280 = EDGE_CURVE('',#10281,#10281,#10283,.T.);
#10281 = VERTEX_POINT('',#10282);
#10282 = CARTESIAN_POINT('',(587.5,60.,1.1924E+03));
#10283 = SURFACE_CURVE('',#10284,(#10289,#10296),.PCURVE_S1.);
#10284 = CIRCLE('',#10285,2.4);
#10285 = AXIS2_PLACEMENT_3D('',#10286,#10287,#10288);
#10286 = CARTESIAN_POINT('',(587.5,60.,1.19E+03));
#10287 = DIRECTION('',(0.,1.,0.));
#10288 = DIRECTION('',(0.,-0.,1.));
#10289 = PCURVE('',#9860,#10290);
#10290 = DEFINITIONAL_REPRESENTATION('',(#10291),#10295);
#10291 = CIRCLE('',#10292,2.4);
#10292 = AXIS2_PLACEMENT_2D('',#10293,#10294);
#10293 = CARTESIAN_POINT('',(100.,252.5));
#10294 = DIRECTION('',(1.,0.));
#10295 = ( GEOMETRIC_REPRESENTATION_CONTEXT(2) 
PARAMETRIC_REPRESENTATION_CONTEXT() REPRESENTATION_CONTEXT('2D SPACE',''
  ) );
#10296 = PCURVE('',#10297,#10302);
#10297 = CYLINDRICAL_SURFACE('',#10298,2.4);
#10298 = AXIS2_PLACEMENT_3D('',#10299,#10300,#10301);
#10299 = CARTESIAN_POINT('',(587.5,59.,1.19E+03));
#10300 = DIRECTION('',(0.,1.,0.));
#10301 = DIRECTION('',(0.,-0.,1.));
#10302 = DEFINITIONAL_REPRESENTATION('',(#10303),#10307);
#10303 = LINE('',#10304,#10305);
#10304 = CARTESIAN_POINT('',(0.,1.));
#10305 = VECTOR('',#10306,1.);
#10306 = DIRECTION('',(1.,0.));
#10307 = ( GEOMETRIC_REPRESENTATION_CONTEXT(2) 
PARAMETRIC_REPRESENTATION_CONTEXT() REPRESENTATION_CONTEXT('2D SPACE',''
  ) );
#10308 = FACE_BOUND('',#10309,.F.);
#10309 = EDGE_LOOP('',(#10310));
#10310 = ORIENTED_EDGE('',*,*,#10311,.F.);
#10311 = EDGE_CURVE('',#10312,#10312,#10314,.T.);
#10312 = VERTEX_POINT('',#10313);
#10313 = CARTESIAN_POINT('',(499.,60.,1.4895E+03));
#10314 = SURFACE_CURVE('',#10315,(#10320,#10327),.PCURVE_S1.);
#10315 = CIRCLE('',#10316,4.5);
#10316 = AXIS2_PLACEMENT_3D('',#10317,#10318,#10319);
#10317 = CARTESIAN_POINT('',(499.,60.,1.485E+03));
#10318 = DIRECTION('',(0.,1.,0.));
#10319 = DIRECTION('',(0.,-0.,1.));
#10320 = PCURVE('',#9860,#10321);
#10321 = DEFINITIONAL_REPRESENTATION('',(#10322),#10326);
#10322 = CIRCLE('',#10323,4.5);
#10323 = AXIS2_PLACEMENT_2D('',#10324,#10325);
#10324 = CARTESIAN_POINT('',(395.,164.));
#10325 = DIRECTION('',(1.,0.));
#10326 = ( GEOMETRIC_REPRESENTATION_CONTEXT(2) 
PARAMETRIC_REPRESENTATION_CONTEXT() REPRESENTATION_CONTEXT('2D SPACE',''
  ) );
#10327 = PCURVE('',#10328,#10333);
#10328 = CYLINDRICAL_SURFACE('',#10329,4.5);
#10329 = AXIS2_PLACEMENT_3D('',#10330,#10331,#10332);
#10330 = CARTESIAN_POINT('',(499.,59.,1.485E+03));
#10331 = DIRECTION('',(0.,1.,0.));
#10332 = DIRECTION('',(0.,-0.,1.));
#10333 = DEFINITIONAL_REPRESENTATION('',(#10334),#10338);
#10334 = LINE('',#10335,#10336);
#10335 = CARTESIAN_POINT('',(0.,1.));
#10336 = VECTOR('',#10337,1.);
#10337 = DIRECTION('',(1.,0.));
#10338 = ( GEOMETRIC_REPRESENTATION_CONTEXT(2) 
PARAMETRIC_REPRESENTATION_CONTEXT() REPRESENTATION_CONTEXT('2D SPACE',''
  ) );
#10339 = FACE_BOUND('',#10340,.F.);
#10340 = EDGE_LOOP('',(#10341));
#10341 = ORIENTED_EDGE('',*,*,#10342,.F.);
#10342 = EDGE_CURVE('',#10343,#10343,#10345,.T.);
#10343 = VERTEX_POINT('',#10344);
#10344 = CARTESIAN_POINT('',(555.,60.,1.44575E+03));
#10345 = SURFACE_CURVE('',#10346,(#10351,#10358),.PCURVE_S1.);
#10346 = CIRCLE('',#10347,2.75);
#10347 = AXIS2_PLACEMENT_3D('',#10348,#10349,#10350);
#10348 = CARTESIAN_POINT('',(555.,60.,1.443E+03));
#10349 = DIRECTION('',(0.,1.,0.));
#10350 = DIRECTION('',(0.,-0.,1.));
#10351 = PCURVE('',#9860,#10352);
#10352 = DEFINITIONAL_REPRESENTATION('',(#10353),#10357);
#10353 = CIRCLE('',#10354,2.75);
#10354 = AXIS2_PLACEMENT_2D('',#10355,#10356);
#10355 = CARTESIAN_POINT('',(353.,220.));
#10356 = DIRECTION('',(1.,0.));
#10357 = ( GEOMETRIC_REPRESENTATION_CONTEXT(2) 
PARAMETRIC_REPRESENTATION_CONTEXT() REPRESENTATION_CONTEXT('2D SPACE',''
  ) );
#10358 = PCURVE('',#10359,#10364);
#10359 = CYLINDRICAL_SURFACE('',#10360,2.75);
#10360 = AXIS2_PLACEMENT_3D('',#10361,#10362,#10363);
#10361 = CARTESIAN_POINT('',(555.,59.,1.443E+03));
#10362 = DIRECTION('',(0.,1.,0.));
#10363 = DIRECTION('',(0.,-0.,1.));
#10364 = DEFINITIONAL_REPRESENTATION('',(#10365),#10369);
#10365 = LINE('',#10366,#10367);
#10366 = CARTESIAN_POINT('',(0.,1.));
#10367 = VECTOR('',#10368,1.);
#10368 = DIRECTION('',(1.,0.));
#10369 = ( GEOMETRIC_REPRESENTATION_CONTEXT(2) 
PARAMETRIC_REPRESENTATION_CONTEXT() REPRESENTATION_CONTEXT('2D SPACE',''
  ) );
#10370 = FACE_BOUND('',#10371,.F.);
#10371 = EDGE_LOOP('',(#10372));
#10372 = ORIENTED_EDGE('',*,*,#10373,.F.);
#10373 = EDGE_CURVE('',#10374,#10374,#10376,.T.);
#10374 = VERTEX_POINT('',#10375);
#10375 = CARTESIAN_POINT('',(587.5,60.,1.4124E+03));
#10376 = SURFACE_CURVE('',#10377,(#10382,#10389),.PCURVE_S1.);
#10377 = CIRCLE('',#10378,2.4);
#10378 = AXIS2_PLACEMENT_3D('',#10379,#10380,#10381);
#10379 = CARTESIAN_POINT('',(587.5,60.,1.41E+03));
#10380 = DIRECTION('',(0.,1.,0.));
#10381 = DIRECTION('',(0.,-0.,1.));
#10382 = PCURVE('',#9860,#10383);
#10383 = DEFINITIONAL_REPRESENTATION('',(#10384),#10388);
#10384 = CIRCLE('',#10385,2.4);
#10385 = AXIS2_PLACEMENT_2D('',#10386,#10387);
#10386 = CARTESIAN_POINT('',(320.,252.5));
#10387 = DIRECTION('',(1.,0.));
#10388 = ( GEOMETRIC_REPRESENTATION_CONTEXT(2) 
PARAMETRIC_REPRESENTATION_CONTEXT() REPRESENTATION_CONTEXT('2D SPACE',''
  ) );
#10389 = PCURVE('',#10390,#10395);
#10390 = CYLINDRICAL_SURFACE('',#10391,2.4);
#10391 = AXIS2_PLACEMENT_3D('',#10392,#10393,#10394);
#10392 = CARTESIAN_POINT('',(587.5,59.,1.41E+03));
#10393 = DIRECTION('',(0.,1.,0.));
#10394 = DIRECTION('',(0.,-0.,1.));
#10395 = DEFINITIONAL_REPRESENTATION('',(#10396),#10400);
#10396 = LINE('',#10397,#10398);
#10397 = CARTESIAN_POINT('',(0.,1.));
#10398 = VECTOR('',#10399,1.);
#10399 = DIRECTION('',(1.,0.));
#10400 = ( GEOMETRIC_REPRESENTATION_CONTEXT(2) 
PARAMETRIC_REPRESENTATION_CONTEXT() REPRESENTATION_CONTEXT('2D SPACE',''
  ) );
#10401 = ADVANCED_FACE('',(#10402),#9942,.T.);
#10402 = FACE_BOUND('',#10403,.T.);
#10403 = EDGE_LOOP('',(#10404,#10405,#10406,#10429));
#10404 = ORIENTED_EDGE('',*,*,#9928,.F.);
#10405 = ORIENTED_EDGE('',*,*,#9981,.T.);
#10406 = ORIENTED_EDGE('',*,*,#10407,.T.);
#10407 = EDGE_CURVE('',#9982,#10408,#10410,.T.);
#10408 = VERTEX_POINT('',#10409);
#10409 = CARTESIAN_POINT('',(605.,63.,1.51E+03));
#10410 = SURFACE_CURVE('',#10411,(#10415,#10422),.PCURVE_S1.);
#10411 = LINE('',#10412,#10413);
#10412 = CARTESIAN_POINT('',(605.,60.,1.51E+03));
#10413 = VECTOR('',#10414,1.);
#10414 = DIRECTION('',(-0.,1.,0.));
#10415 = PCURVE('',#9942,#10416);
#10416 = DEFINITIONAL_REPRESENTATION('',(#10417),#10421);
#10417 = LINE('',#10418,#10419);
#10418 = CARTESIAN_POINT('',(270.,0.));
#10419 = VECTOR('',#10420,1.);
#10420 = DIRECTION('',(0.,1.));
#10421 = ( GEOMETRIC_REPRESENTATION_CONTEXT(2) 
PARAMETRIC_REPRESENTATION_CONTEXT() REPRESENTATION_CONTEXT('2D SPACE',''
  ) );
#10422 = PCURVE('',#10018,#10423);
#10423 = DEFINITIONAL_REPRESENTATION('',(#10424),#10428);
#10424 = LINE('',#10425,#10426);
#10425 = CARTESIAN_POINT('',(420.,0.));
#10426 = VECTOR('',#10427,1.);
#10427 = DIRECTION('',(0.,-1.));
#10428 = ( GEOMETRIC_REPRESENTATION_CONTEXT(2) 
PARAMETRIC_REPRESENTATION_CONTEXT() REPRESENTATION_CONTEXT('2D SPACE',''
  ) );
#10429 = ORIENTED_EDGE('',*,*,#10430,.F.);
#10430 = EDGE_CURVE('',#9901,#10408,#10431,.T.);
#10431 = SURFACE_CURVE('',#10432,(#10436,#10443),.PCURVE_S1.);
#10432 = LINE('',#10433,#10434);
#10433 = CARTESIAN_POINT('',(335.,63.,1.51E+03));
#10434 = VECTOR('',#10435,1.);
#10435 = DIRECTION('',(1.,0.,-0.));
#10436 = PCURVE('',#9942,#10437);
#10437 = DEFINITIONAL_REPRESENTATION('',(#10438),#10442);
#10438 = LINE('',#10439,#10440);
#10439 = CARTESIAN_POINT('',(0.,3.));
#10440 = VECTOR('',#10441,1.);
#10441 = DIRECTION('',(1.,0.));
#10442 = ( GEOMETRIC_REPRESENTATION_CONTEXT(2) 
PARAMETRIC_REPRESENTATION_CONTEXT() REPRESENTATION_CONTEXT('2D SPACE',''
  ) );
#10443 = PCURVE('',#9916,#10444);
#10444 = DEFINITIONAL_REPRESENTATION('',(#10445),#10449);
#10445 = LINE('',#10446,#10447);
#10446 = CARTESIAN_POINT('',(420.,0.));
#10447 = VECTOR('',#10448,1.);
#10448 = DIRECTION('',(0.,1.));
#10449 = ( GEOMETRIC_REPRESENTATION_CONTEXT(2) 
PARAMETRIC_REPRESENTATION_CONTEXT() REPRESENTATION_CONTEXT('2D SPACE',''
  ) );
#10450 = ADVANCED_FACE('',(#10451,#10499,#10525,#10551,#10577,#10603,
    #10629,#10655,#10681,#10707,#10733,#10759,#10785),#9916,.T.);
#10451 = FACE_BOUND('',#10452,.T.);
#10452 = EDGE_LOOP('',(#10453,#10476,#10477,#10478));
#10453 = ORIENTED_EDGE('',*,*,#10454,.F.);
#10454 = EDGE_CURVE('',#9873,#10455,#10457,.T.);
#10455 = VERTEX_POINT('',#10456);
#10456 = CARTESIAN_POINT('',(605.,63.,1.09E+03));
#10457 = SURFACE_CURVE('',#10458,(#10462,#10469),.PCURVE_S1.);
#10458 = LINE('',#10459,#10460);
#10459 = CARTESIAN_POINT('',(335.,63.,1.09E+03));
#10460 = VECTOR('',#10461,1.);
#10461 = DIRECTION('',(1.,0.,-0.));
#10462 = PCURVE('',#9916,#10463);
#10463 = DEFINITIONAL_REPRESENTATION('',(#10464),#10468);
#10464 = LINE('',#10465,#10466);
#10465 = CARTESIAN_POINT('',(0.,0.));
#10466 = VECTOR('',#10467,1.);
#10467 = DIRECTION('',(0.,1.));
#10468 = ( GEOMETRIC_REPRESENTATION_CONTEXT(2) 
PARAMETRIC_REPRESENTATION_CONTEXT() REPRESENTATION_CONTEXT('2D SPACE',''
  ) );
#10469 = PCURVE('',#9888,#10470);
#10470 = DEFINITIONAL_REPRESENTATION('',(#10471),#10475);
#10471 = LINE('',#10472,#10473);
#10472 = CARTESIAN_POINT('',(0.,3.));
#10473 = VECTOR('',#10474,1.);
#10474 = DIRECTION('',(1.,0.));
#10475 = ( GEOMETRIC_REPRESENTATION_CONTEXT(2) 
PARAMETRIC_REPRESENTATION_CONTEXT() REPRESENTATION_CONTEXT('2D SPACE',''
  ) );
#10476 = ORIENTED_EDGE('',*,*,#9900,.T.);
#10477 = ORIENTED_EDGE('',*,*,#10430,.T.);
#10478 = ORIENTED_EDGE('',*,*,#10479,.F.);
#10479 = EDGE_CURVE('',#10455,#10408,#10480,.T.);
#10480 = SURFACE_CURVE('',#10481,(#10485,#10492),.PCURVE_S1.);
#10481 = LINE('',#10482,#10483);
#10482 = CARTESIAN_POINT('',(605.,63.,1.09E+03));
#10483 = VECTOR('',#10484,1.);
#10484 = DIRECTION('',(0.,0.,1.));
#10485 = PCURVE('',#9916,#10486);
#10486 = DEFINITIONAL_REPRESENTATION('',(#10487),#10491);
#10487 = LINE('',#10488,#10489);
#10488 = CARTESIAN_POINT('',(0.,270.));
#10489 = VECTOR('',#10490,1.);
#10490 = DIRECTION('',(1.,0.));
#10491 = ( GEOMETRIC_REPRESENTATION_CONTEXT(2) 
PARAMETRIC_REPRESENTATION_CONTEXT() REPRESENTATION_CONTEXT('2D SPACE',''
  ) );
#10492 = PCURVE('',#10018,#10493);
#10493 = DEFINITIONAL_REPRESENTATION('',(#10494),#10498);
#10494 = LINE('',#10495,#10496);
#10495 = CARTESIAN_POINT('',(0.,-3.));
#10496 = VECTOR('',#10497,1.);
#10497 = DIRECTION('',(1.,0.));
#10498 = ( GEOMETRIC_REPRESENTATION_CONTEXT(2) 
PARAMETRIC_REPRESENTATION_CONTEXT() REPRESENTATION_CONTEXT('2D SPACE',''
  ) );
#10499 = FACE_BOUND('',#10500,.T.);
#10500 = EDGE_LOOP('',(#10501));
#10501 = ORIENTED_EDGE('',*,*,#10502,.F.);
#10502 = EDGE_CURVE('',#10503,#10503,#10505,.T.);
#10503 = VERTEX_POINT('',#10504);
#10504 = CARTESIAN_POINT('',(352.5,63.,1.1924E+03));
#10505 = SURFACE_CURVE('',#10506,(#10511,#10518),.PCURVE_S1.);
#10506 = CIRCLE('',#10507,2.4);
#10507 = AXIS2_PLACEMENT_3D('',#10508,#10509,#10510);
#10508 = CARTESIAN_POINT('',(352.5,63.,1.19E+03));
#10509 = DIRECTION('',(0.,1.,0.));
#10510 = DIRECTION('',(0.,-0.,1.));
#10511 = PCURVE('',#9916,#10512);
#10512 = DEFINITIONAL_REPRESENTATION('',(#10513),#10517);
#10513 = CIRCLE('',#10514,2.4);
#10514 = AXIS2_PLACEMENT_2D('',#10515,#10516);
#10515 = CARTESIAN_POINT('',(100.,17.5));
#10516 = DIRECTION('',(1.,0.));
#10517 = ( GEOMETRIC_REPRESENTATION_CONTEXT(2) 
PARAMETRIC_REPRESENTATION_CONTEXT() REPRESENTATION_CONTEXT('2D SPACE',''
  ) );
#10518 = PCURVE('',#10049,#10519);
#10519 = DEFINITIONAL_REPRESENTATION('',(#10520),#10524);
#10520 = LINE('',#10521,#10522);
#10521 = CARTESIAN_POINT('',(0.,4.));
#10522 = VECTOR('',#10523,1.);
#10523 = DIRECTION('',(1.,0.));
#10524 = ( GEOMETRIC_REPRESENTATION_CONTEXT(2) 
PARAMETRIC_REPRESENTATION_CONTEXT() REPRESENTATION_CONTEXT('2D SPACE',''
  ) );
#10525 = FACE_BOUND('',#10526,.T.);
#10526 = EDGE_LOOP('',(#10527));
#10527 = ORIENTED_EDGE('',*,*,#10528,.F.);
#10528 = EDGE_CURVE('',#10529,#10529,#10531,.T.);
#10529 = VERTEX_POINT('',#10530);
#10530 = CARTESIAN_POINT('',(385.,63.,1.15975E+03));
#10531 = SURFACE_CURVE('',#10532,(#10537,#10544),.PCURVE_S1.);
#10532 = CIRCLE('',#10533,2.75);
#10533 = AXIS2_PLACEMENT_3D('',#10534,#10535,#10536);
#10534 = CARTESIAN_POINT('',(385.,63.,1.157E+03));
#10535 = DIRECTION('',(0.,1.,0.));
#10536 = DIRECTION('',(0.,-0.,1.));
#10537 = PCURVE('',#9916,#10538);
#10538 = DEFINITIONAL_REPRESENTATION('',(#10539),#10543);
#10539 = CIRCLE('',#10540,2.75);
#10540 = AXIS2_PLACEMENT_2D('',#10541,#10542);
#10541 = CARTESIAN_POINT('',(67.,50.));
#10542 = DIRECTION('',(1.,0.));
#10543 = ( GEOMETRIC_REPRESENTATION_CONTEXT(2) 
PARAMETRIC_REPRESENTATION_CONTEXT() REPRESENTATION_CONTEXT('2D SPACE',''
  ) );
#10544 = PCURVE('',#10080,#10545);
#10545 = DEFINITIONAL_REPRESENTATION('',(#10546),#10550);
#10546 = LINE('',#10547,#10548);
#10547 = CARTESIAN_POINT('',(0.,4.));
#10548 = VECTOR('',#10549,1.);
#10549 = DIRECTION('',(1.,0.));
#10550 = ( GEOMETRIC_REPRESENTATION_CONTEXT(2) 
PARAMETRIC_REPRESENTATION_CONTEXT() REPRESENTATION_CONTEXT('2D SPACE',''
  ) );
#10551 = FACE_BOUND('',#10552,.T.);
#10552 = EDGE_LOOP('',(#10553));
#10553 = ORIENTED_EDGE('',*,*,#10554,.F.);
#10554 = EDGE_CURVE('',#10555,#10555,#10557,.T.);
#10555 = VERTEX_POINT('',#10556);
#10556 = CARTESIAN_POINT('',(441.,63.,1.1195E+03));
#10557 = SURFACE_CURVE('',#10558,(#10563,#10570),.PCURVE_S1.);
#10558 = CIRCLE('',#10559,4.5);
#10559 = AXIS2_PLACEMENT_3D('',#10560,#10561,#10562);
#10560 = CARTESIAN_POINT('',(441.,63.,1.115E+03));
#10561 = DIRECTION('',(0.,1.,0.));
#10562 = DIRECTION('',(0.,-0.,1.));
#10563 = PCURVE('',#9916,#10564);
#10564 = DEFINITIONAL_REPRESENTATION('',(#10565),#10569);
#10565 = CIRCLE('',#10566,4.5);
#10566 = AXIS2_PLACEMENT_2D('',#10567,#10568);
#10567 = CARTESIAN_POINT('',(25.,106.));
#10568 = DIRECTION('',(1.,0.));
#10569 = ( GEOMETRIC_REPRESENTATION_CONTEXT(2) 
PARAMETRIC_REPRESENTATION_CONTEXT() REPRESENTATION_CONTEXT('2D SPACE',''
  ) );
#10570 = PCURVE('',#10111,#10571);
#10571 = DEFINITIONAL_REPRESENTATION('',(#10572),#10576);
#10572 = LINE('',#10573,#10574);
#10573 = CARTESIAN_POINT('',(0.,4.));
#10574 = VECTOR('',#10575,1.);
#10575 = DIRECTION('',(1.,0.));
#10576 = ( GEOMETRIC_REPRESENTATION_CONTEXT(2) 
PARAMETRIC_REPRESENTATION_CONTEXT() REPRESENTATION_CONTEXT('2D SPACE',''
  ) );
#10577 = FACE_BOUND('',#10578,.T.);
#10578 = EDGE_LOOP('',(#10579));
#10579 = ORIENTED_EDGE('',*,*,#10580,.F.);
#10580 = EDGE_CURVE('',#10581,#10581,#10583,.T.);
#10581 = VERTEX_POINT('',#10582);
#10582 = CARTESIAN_POINT('',(352.5,63.,1.4124E+03));
#10583 = SURFACE_CURVE('',#10584,(#10589,#10596),.PCURVE_S1.);
#10584 = CIRCLE('',#10585,2.4);
#10585 = AXIS2_PLACEMENT_3D('',#10586,#10587,#10588);
#10586 = CARTESIAN_POINT('',(352.5,63.,1.41E+03));
#10587 = DIRECTION('',(0.,1.,0.));
#10588 = DIRECTION('',(0.,-0.,1.));
#10589 = PCURVE('',#9916,#10590);
#10590 = DEFINITIONAL_REPRESENTATION('',(#10591),#10595);
#10591 = CIRCLE('',#10592,2.4);
#10592 = AXIS2_PLACEMENT_2D('',#10593,#10594);
#10593 = CARTESIAN_POINT('',(320.,17.5));
#10594 = DIRECTION('',(1.,0.));
#10595 = ( GEOMETRIC_REPRESENTATION_CONTEXT(2) 
PARAMETRIC_REPRESENTATION_CONTEXT() REPRESENTATION_CONTEXT('2D SPACE',''
  ) );
#10596 = PCURVE('',#10142,#10597);
#10597 = DEFINITIONAL_REPRESENTATION('',(#10598),#10602);
#10598 = LINE('',#10599,#10600);
#10599 = CARTESIAN_POINT('',(0.,4.));
#10600 = VECTOR('',#10601,1.);
#10601 = DIRECTION('',(1.,0.));
#10602 = ( GEOMETRIC_REPRESENTATION_CONTEXT(2) 
PARAMETRIC_REPRESENTATION_CONTEXT() REPRESENTATION_CONTEXT('2D SPACE',''
  ) );
#10603 = FACE_BOUND('',#10604,.T.);
#10604 = EDGE_LOOP('',(#10605));
#10605 = ORIENTED_EDGE('',*,*,#10606,.F.);
#10606 = EDGE_CURVE('',#10607,#10607,#10609,.T.);
#10607 = VERTEX_POINT('',#10608);
#10608 = CARTESIAN_POINT('',(385.,63.,1.44575E+03));
#10609 = SURFACE_CURVE('',#10610,(#10615,#10622),.PCURVE_S1.);
#10610 = CIRCLE('',#10611,2.75);
#10611 = AXIS2_PLACEMENT_3D('',#10612,#10613,#10614);
#10612 = CARTESIAN_POINT('',(385.,63.,1.443E+03));
#10613 = DIRECTION('',(0.,1.,0.));
#10614 = DIRECTION('',(0.,-0.,1.));
#10615 = PCURVE('',#9916,#10616);
#10616 = DEFINITIONAL_REPRESENTATION('',(#10617),#10621);
#10617 = CIRCLE('',#10618,2.75);
#10618 = AXIS2_PLACEMENT_2D('',#10619,#10620);
#10619 = CARTESIAN_POINT('',(353.,50.));
#10620 = DIRECTION('',(1.,0.));
#10621 = ( GEOMETRIC_REPRESENTATION_CONTEXT(2) 
PARAMETRIC_REPRESENTATION_CONTEXT() REPRESENTATION_CONTEXT('2D SPACE',''
  ) );
#10622 = PCURVE('',#10173,#10623);
#10623 = DEFINITIONAL_REPRESENTATION('',(#10624),#10628);
#10624 = LINE('',#10625,#10626);
#10625 = CARTESIAN_POINT('',(0.,4.));
#10626 = VECTOR('',#10627,1.);
#10627 = DIRECTION('',(1.,0.));
#10628 = ( GEOMETRIC_REPRESENTATION_CONTEXT(2) 
PARAMETRIC_REPRESENTATION_CONTEXT() REPRESENTATION_CONTEXT('2D SPACE',''
  ) );
#10629 = FACE_BOUND('',#10630,.T.);
#10630 = EDGE_LOOP('',(#10631));
#10631 = ORIENTED_EDGE('',*,*,#10632,.F.);
#10632 = EDGE_CURVE('',#10633,#10633,#10635,.T.);
#10633 = VERTEX_POINT('',#10634);
#10634 = CARTESIAN_POINT('',(441.,63.,1.4895E+03));
#10635 = SURFACE_CURVE('',#10636,(#10641,#10648),.PCURVE_S1.);
#10636 = CIRCLE('',#10637,4.5);
#10637 = AXIS2_PLACEMENT_3D('',#10638,#10639,#10640);
#10638 = CARTESIAN_POINT('',(441.,63.,1.485E+03));
#10639 = DIRECTION('',(0.,1.,0.));
#10640 = DIRECTION('',(0.,-0.,1.));
#10641 = PCURVE('',#9916,#10642);
#10642 = DEFINITIONAL_REPRESENTATION('',(#10643),#10647);
#10643 = CIRCLE('',#10644,4.5);
#10644 = AXIS2_PLACEMENT_2D('',#10645,#10646);
#10645 = CARTESIAN_POINT('',(395.,106.));
#10646 = DIRECTION('',(1.,0.));
#10647 = ( GEOMETRIC_REPRESENTATION_CONTEXT(2) 
PARAMETRIC_REPRESENTATION_CONTEXT() REPRESENTATION_CONTEXT('2D SPACE',''
  ) );
#10648 = PCURVE('',#10204,#10649);
#10649 = DEFINITIONAL_REPRESENTATION('',(#10650),#10654);
#10650 = LINE('',#10651,#10652);
#10651 = CARTESIAN_POINT('',(0.,4.));
#10652 = VECTOR('',#10653,1.);
#10653 = DIRECTION('',(1.,0.));
#10654 = ( GEOMETRIC_REPRESENTATION_CONTEXT(2) 
PARAMETRIC_REPRESENTATION_CONTEXT() REPRESENTATION_CONTEXT('2D SPACE',''
  ) );
#10655 = FACE_BOUND('',#10656,.T.);
#10656 = EDGE_LOOP('',(#10657));
#10657 = ORIENTED_EDGE('',*,*,#10658,.F.);
#10658 = EDGE_CURVE('',#10659,#10659,#10661,.T.);
#10659 = VERTEX_POINT('',#10660);
#10660 = CARTESIAN_POINT('',(499.,63.,1.1195E+03));
#10661 = SURFACE_CURVE('',#10662,(#10667,#10674),.PCURVE_S1.);
#10662 = CIRCLE('',#10663,4.5);
#10663 = AXIS2_PLACEMENT_3D('',#10664,#10665,#10666);
#10664 = CARTESIAN_POINT('',(499.,63.,1.115E+03));
#10665 = DIRECTION('',(0.,1.,0.));
#10666 = DIRECTION('',(0.,-0.,1.));
#10667 = PCURVE('',#9916,#10668);
#10668 = DEFINITIONAL_REPRESENTATION('',(#10669),#10673);
#10669 = CIRCLE('',#10670,4.5);
#10670 = AXIS2_PLACEMENT_2D('',#10671,#10672);
#10671 = CARTESIAN_POINT('',(25.,164.));
#10672 = DIRECTION('',(1.,0.));
#10673 = ( GEOMETRIC_REPRESENTATION_CONTEXT(2) 
PARAMETRIC_REPRESENTATION_CONTEXT() REPRESENTATION_CONTEXT('2D SPACE',''
  ) );
#10674 = PCURVE('',#10235,#10675);
#10675 = DEFINITIONAL_REPRESENTATION('',(#10676),#10680);
#10676 = LINE('',#10677,#10678);
#10677 = CARTESIAN_POINT('',(0.,4.));
#10678 = VECTOR('',#10679,1.);
#10679 = DIRECTION('',(1.,0.));
#10680 = ( GEOMETRIC_REPRESENTATION_CONTEXT(2) 
PARAMETRIC_REPRESENTATION_CONTEXT() REPRESENTATION_CONTEXT('2D SPACE',''
  ) );
#10681 = FACE_BOUND('',#10682,.T.);
#10682 = EDGE_LOOP('',(#10683));
#10683 = ORIENTED_EDGE('',*,*,#10684,.F.);
#10684 = EDGE_CURVE('',#10685,#10685,#10687,.T.);
#10685 = VERTEX_POINT('',#10686);
#10686 = CARTESIAN_POINT('',(555.,63.,1.15975E+03));
#10687 = SURFACE_CURVE('',#10688,(#10693,#10700),.PCURVE_S1.);
#10688 = CIRCLE('',#10689,2.75);
#10689 = AXIS2_PLACEMENT_3D('',#10690,#10691,#10692);
#10690 = CARTESIAN_POINT('',(555.,63.,1.157E+03));
#10691 = DIRECTION('',(0.,1.,0.));
#10692 = DIRECTION('',(0.,-0.,1.));
#10693 = PCURVE('',#9916,#10694);
#10694 = DEFINITIONAL_REPRESENTATION('',(#10695),#10699);
#10695 = CIRCLE('',#10696,2.75);
#10696 = AXIS2_PLACEMENT_2D('',#10697,#10698);
#10697 = CARTESIAN_POINT('',(67.,220.));
#10698 = DIRECTION('',(1.,0.));
#10699 = ( GEOMETRIC_REPRESENTATION_CONTEXT(2) 
PARAMETRIC_REPRESENTATION_CONTEXT() REPRESENTATION_CONTEXT('2D SPACE',''
  ) );
#10700 = PCURVE('',#10266,#10701);
#10701 = DEFINITIONAL_REPRESENTATION('',(#10702),#10706);
#10702 = LINE('',#10703,#10704);
#10703 = CARTESIAN_POINT('',(0.,4.));
#10704 = VECTOR('',#10705,1.);
#10705 = DIRECTION('',(1.,0.));
#10706 = ( GEOMETRIC_REPRESENTATION_CONTEXT(2) 
PARAMETRIC_REPRESENTATION_CONTEXT() REPRESENTATION_CONTEXT('2D SPACE',''
  ) );
#10707 = FACE_BOUND('',#10708,.T.);
#10708 = EDGE_LOOP('',(#10709));
#10709 = ORIENTED_EDGE('',*,*,#10710,.F.);
#10710 = EDGE_CURVE('',#10711,#10711,#10713,.T.);
#10711 = VERTEX_POINT('',#10712);
#10712 = CARTESIAN_POINT('',(587.5,63.,1.1924E+03));
#10713 = SURFACE_CURVE('',#10714,(#10719,#10726),.PCURVE_S1.);
#10714 = CIRCLE('',#10715,2.4);
#10715 = AXIS2_PLACEMENT_3D('',#10716,#10717,#10718);
#10716 = CARTESIAN_POINT('',(587.5,63.,1.19E+03));
#10717 = DIRECTION('',(0.,1.,0.));
#10718 = DIRECTION('',(0.,-0.,1.));
#10719 = PCURVE('',#9916,#10720);
#10720 = DEFINITIONAL_REPRESENTATION('',(#10721),#10725);
#10721 = CIRCLE('',#10722,2.4);
#10722 = AXIS2_PLACEMENT_2D('',#10723,#10724);
#10723 = CARTESIAN_POINT('',(100.,252.5));
#10724 = DIRECTION('',(1.,0.));
#10725 = ( GEOMETRIC_REPRESENTATION_CONTEXT(2) 
PARAMETRIC_REPRESENTATION_CONTEXT() REPRESENTATION_CONTEXT('2D SPACE',''
  ) );
#10726 = PCURVE('',#10297,#10727);
#10727 = DEFINITIONAL_REPRESENTATION('',(#10728),#10732);
#10728 = LINE('',#10729,#10730);
#10729 = CARTESIAN_POINT('',(0.,4.));
#10730 = VECTOR('',#10731,1.);
#10731 = DIRECTION('',(1.,0.));
#10732 = ( GEOMETRIC_REPRESENTATION_CONTEXT(2) 
PARAMETRIC_REPRESENTATION_CONTEXT() REPRESENTATION_CONTEXT('2D SPACE',''
  ) );
#10733 = FACE_BOUND('',#10734,.T.);
#10734 = EDGE_LOOP('',(#10735));
#10735 = ORIENTED_EDGE('',*,*,#10736,.F.);
#10736 = EDGE_CURVE('',#10737,#10737,#10739,.T.);
#10737 = VERTEX_POINT('',#10738);
#10738 = CARTESIAN_POINT('',(499.,63.,1.4895E+03));
#10739 = SURFACE_CURVE('',#10740,(#10745,#10752),.PCURVE_S1.);
#10740 = CIRCLE('',#10741,4.5);
#10741 = AXIS2_PLACEMENT_3D('',#10742,#10743,#10744);
#10742 = CARTESIAN_POINT('',(499.,63.,1.485E+03));
#10743 = DIRECTION('',(0.,1.,0.));
#10744 = DIRECTION('',(0.,-0.,1.));
#10745 = PCURVE('',#9916,#10746);
#10746 = DEFINITIONAL_REPRESENTATION('',(#10747),#10751);
#10747 = CIRCLE('',#10748,4.5);
#10748 = AXIS2_PLACEMENT_2D('',#10749,#10750);
#10749 = CARTESIAN_POINT('',(395.,164.));
#10750 = DIRECTION('',(1.,0.));
#10751 = ( GEOMETRIC_REPRESENTATION_CONTEXT(2) 
PARAMETRIC_REPRESENTATION_CONTEXT() REPRESENTATION_CONTEXT('2D SPACE',''
  ) );
#10752 = PCURVE('',#10328,#10753);
#10753 = DEFINITIONAL_REPRESENTATION('',(#10754),#10758);
#10754 = LINE('',#10755,#10756);
#10755 = CARTESIAN_POINT('',(0.,4.));
#10756 = VECTOR('',#10757,1.);
#10757 = DIRECTION('',(1.,0.));
#10758 = ( GEOMETRIC_REPRESENTATION_CONTEXT(2) 
PARAMETRIC_REPRESENTATION_CONTEXT() REPRESENTATION_CONTEXT('2D SPACE',''
  ) );
#10759 = FACE_BOUND('',#10760,.T.);
#10760 = EDGE_LOOP('',(#10761));
#10761 = ORIENTED_EDGE('',*,*,#10762,.F.);
#10762 = EDGE_CURVE('',#10763,#10763,#10765,.T.);
#10763 = VERTEX_POINT('',#10764);
#10764 = CARTESIAN_POINT('',(555.,63.,1.44575E+03));
#10765 = SURFACE_CURVE('',#10766,(#10771,#10778),.PCURVE_S1.);
#10766 = CIRCLE('',#10767,2.75);
#10767 = AXIS2_PLACEMENT_3D('',#10768,#10769,#10770);
#10768 = CARTESIAN_POINT('',(555.,63.,1.443E+03));
#10769 = DIRECTION('',(0.,1.,0.));
#10770 = DIRECTION('',(0.,-0.,1.));
#10771 = PCURVE('',#9916,#10772);
#10772 = DEFINITIONAL_REPRESENTATION('',(#10773),#10777);
#10773 = CIRCLE('',#10774,2.75);
#10774 = AXIS2_PLACEMENT_2D('',#10775,#10776);
#10775 = CARTESIAN_POINT('',(353.,220.));
#10776 = DIRECTION('',(1.,0.));
#10777 = ( GEOMETRIC_REPRESENTATION_CONTEXT(2) 
PARAMETRIC_REPRESENTATION_CONTEXT() REPRESENTATION_CONTEXT('2D SPACE',''
  ) );
#10778 = PCURVE('',#10359,#10779);
#10779 = DEFINITIONAL_REPRESENTATION('',(#10780),#10784);
#10780 = LINE('',#10781,#10782);
#10781 = CARTESIAN_POINT('',(0.,4.));
#10782 = VECTOR('',#10783,1.);
#10783 = DIRECTION('',(1.,0.));
#10784 = ( GEOMETRIC_REPRESENTATION_CONTEXT(2) 
PARAMETRIC_REPRESENTATION_CONTEXT() REPRESENTATION_CONTEXT('2D SPACE',''
  ) );
#10785 = FACE_BOUND('',#10786,.T.);
#10786 = EDGE_LOOP('',(#10787));
#10787 = ORIENTED_EDGE('',*,*,#10788,.F.);
#10788 = EDGE_CURVE('',#10789,#10789,#10791,.T.);
#10789 = VERTEX_POINT('',#10790);
#10790 = CARTESIAN_POINT('',(587.5,63.,1.4124E+03));
#10791 = SURFACE_CURVE('',#10792,(#10797,#10804),.PCURVE_S1.);
#10792 = CIRCLE('',#10793,2.4);
#10793 = AXIS2_PLACEMENT_3D('',#10794,#10795,#10796);
#10794 = CARTESIAN_POINT('',(587.5,63.,1.41E+03));
#10795 = DIRECTION('',(0.,1.,0.));
#10796 = DIRECTION('',(0.,-0.,1.));
#10797 = PCURVE('',#9916,#10798);
#10798 = DEFINITIONAL_REPRESENTATION('',(#10799),#10803);
#10799 = CIRCLE('',#10800,2.4);
#10800 = AXIS2_PLACEMENT_2D('',#10801,#10802);
#10801 = CARTESIAN_POINT('',(320.,252.5));
#10802 = DIRECTION('',(1.,0.));
#10803 = ( GEOMETRIC_REPRESENTATION_CONTEXT(2) 
PARAMETRIC_REPRESENTATION_CONTEXT() REPRESENTATION_CONTEXT('2D SPACE',''
  ) );
#10804 = PCURVE('',#10390,#10805);
#10805 = DEFINITIONAL_REPRESENTATION('',(#10806),#10810);
#10806 = LINE('',#10807,#10808);
#10807 = CARTESIAN_POINT('',(0.,4.));
#10808 = VECTOR('',#10809,1.);
#10809 = DIRECTION('',(1.,0.));
#10810 = ( GEOMETRIC_REPRESENTATION_CONTEXT(2) 
PARAMETRIC_REPRESENTATION_CONTEXT() REPRESENTATION_CONTEXT('2D SPACE',''
  ) );
#10811 = ADVANCED_FACE('',(#10812),#9888,.F.);
#10812 = FACE_BOUND('',#10813,.F.);
#10813 = EDGE_LOOP('',(#10814,#10815,#10816,#10837));
#10814 = ORIENTED_EDGE('',*,*,#9872,.F.);
#10815 = ORIENTED_EDGE('',*,*,#9957,.T.);
#10816 = ORIENTED_EDGE('',*,*,#10817,.T.);
#10817 = EDGE_CURVE('',#9958,#10455,#10818,.T.);
#10818 = SURFACE_CURVE('',#10819,(#10823,#10830),.PCURVE_S1.);
#10819 = LINE('',#10820,#10821);
#10820 = CARTESIAN_POINT('',(605.,60.,1.09E+03));
#10821 = VECTOR('',#10822,1.);
#10822 = DIRECTION('',(-0.,1.,0.));
#10823 = PCURVE('',#9888,#10824);
#10824 = DEFINITIONAL_REPRESENTATION('',(#10825),#10829);
#10825 = LINE('',#10826,#10827);
#10826 = CARTESIAN_POINT('',(270.,0.));
#10827 = VECTOR('',#10828,1.);
#10828 = DIRECTION('',(0.,1.));
#10829 = ( GEOMETRIC_REPRESENTATION_CONTEXT(2) 
PARAMETRIC_REPRESENTATION_CONTEXT() REPRESENTATION_CONTEXT('2D SPACE',''
  ) );
#10830 = PCURVE('',#10018,#10831);
#10831 = DEFINITIONAL_REPRESENTATION('',(#10832),#10836);
#10832 = LINE('',#10833,#10834);
#10833 = CARTESIAN_POINT('',(0.,0.));
#10834 = VECTOR('',#10835,1.);
#10835 = DIRECTION('',(0.,-1.));
#10836 = ( GEOMETRIC_REPRESENTATION_CONTEXT(2) 
PARAMETRIC_REPRESENTATION_CONTEXT() REPRESENTATION_CONTEXT('2D SPACE',''
  ) );
#10837 = ORIENTED_EDGE('',*,*,#10454,.F.);
#10838 = ADVANCED_FACE('',(#10839),#10018,.T.);
#10839 = FACE_BOUND('',#10840,.T.);
#10840 = EDGE_LOOP('',(#10841,#10842,#10843,#10844));
#10841 = ORIENTED_EDGE('',*,*,#10004,.F.);
#10842 = ORIENTED_EDGE('',*,*,#10817,.T.);
#10843 = ORIENTED_EDGE('',*,*,#10479,.T.);
#10844 = ORIENTED_EDGE('',*,*,#10407,.F.);
#10845 = ADVANCED_FACE('',(#10846),#10049,.F.);
#10846 = FACE_BOUND('',#10847,.F.);
#10847 = EDGE_LOOP('',(#10848,#10849,#10870,#10871));
#10848 = ORIENTED_EDGE('',*,*,#10502,.F.);
#10849 = ORIENTED_EDGE('',*,*,#10850,.F.);
#10850 = EDGE_CURVE('',#10033,#10503,#10851,.T.);
#10851 = SEAM_CURVE('',#10852,(#10856,#10863),.PCURVE_S1.);
#10852 = LINE('',#10853,#10854);
#10853 = CARTESIAN_POINT('',(352.5,59.,1.1924E+03));
#10854 = VECTOR('',#10855,1.);
#10855 = DIRECTION('',(0.,1.,0.));
#10856 = PCURVE('',#10049,#10857);
#10857 = DEFINITIONAL_REPRESENTATION('',(#10858),#10862);
#10858 = LINE('',#10859,#10860);
#10859 = CARTESIAN_POINT('',(6.28318530718,-0.));
#10860 = VECTOR('',#10861,1.);
#10861 = DIRECTION('',(0.,1.));
#10862 = ( GEOMETRIC_REPRESENTATION_CONTEXT(2) 
PARAMETRIC_REPRESENTATION_CONTEXT() REPRESENTATION_CONTEXT('2D SPACE',''
  ) );
#10863 = PCURVE('',#10049,#10864);
#10864 = DEFINITIONAL_REPRESENTATION('',(#10865),#10869);
#10865 = LINE('',#10866,#10867);
#10866 = CARTESIAN_POINT('',(0.,-0.));
#10867 = VECTOR('',#10868,1.);
#10868 = DIRECTION('',(0.,1.));
#10869 = ( GEOMETRIC_REPRESENTATION_CONTEXT(2) 
PARAMETRIC_REPRESENTATION_CONTEXT() REPRESENTATION_CONTEXT('2D SPACE',''
  ) );
#10870 = ORIENTED_EDGE('',*,*,#10032,.T.);
#10871 = ORIENTED_EDGE('',*,*,#10850,.T.);
#10872 = ADVANCED_FACE('',(#10873),#10080,.F.);
#10873 = FACE_BOUND('',#10874,.F.);
#10874 = EDGE_LOOP('',(#10875,#10876,#10897,#10898));
#10875 = ORIENTED_EDGE('',*,*,#10528,.F.);
#10876 = ORIENTED_EDGE('',*,*,#10877,.F.);
#10877 = EDGE_CURVE('',#10064,#10529,#10878,.T.);
#10878 = SEAM_CURVE('',#10879,(#10883,#10890),.PCURVE_S1.);
#10879 = LINE('',#10880,#10881);
#10880 = CARTESIAN_POINT('',(385.,59.,1.15975E+03));
#10881 = VECTOR('',#10882,1.);
#10882 = DIRECTION('',(0.,1.,0.));
#10883 = PCURVE('',#10080,#10884);
#10884 = DEFINITIONAL_REPRESENTATION('',(#10885),#10889);
#10885 = LINE('',#10886,#10887);
#10886 = CARTESIAN_POINT('',(6.28318530718,-0.));
#10887 = VECTOR('',#10888,1.);
#10888 = DIRECTION('',(0.,1.));
#10889 = ( GEOMETRIC_REPRESENTATION_CONTEXT(2) 
PARAMETRIC_REPRESENTATION_CONTEXT() REPRESENTATION_CONTEXT('2D SPACE',''
  ) );
#10890 = PCURVE('',#10080,#10891);
#10891 = DEFINITIONAL_REPRESENTATION('',(#10892),#10896);
#10892 = LINE('',#10893,#10894);
#10893 = CARTESIAN_POINT('',(0.,-0.));
#10894 = VECTOR('',#10895,1.);
#10895 = DIRECTION('',(0.,1.));
#10896 = ( GEOMETRIC_REPRESENTATION_CONTEXT(2) 
PARAMETRIC_REPRESENTATION_CONTEXT() REPRESENTATION_CONTEXT('2D SPACE',''
  ) );
#10897 = ORIENTED_EDGE('',*,*,#10063,.T.);
#10898 = ORIENTED_EDGE('',*,*,#10877,.T.);
#10899 = ADVANCED_FACE('',(#10900),#10111,.F.);
#10900 = FACE_BOUND('',#10901,.F.);
#10901 = EDGE_LOOP('',(#10902,#10903,#10924,#10925));
#10902 = ORIENTED_EDGE('',*,*,#10554,.F.);
#10903 = ORIENTED_EDGE('',*,*,#10904,.F.);
#10904 = EDGE_CURVE('',#10095,#10555,#10905,.T.);
#10905 = SEAM_CURVE('',#10906,(#10910,#10917),.PCURVE_S1.);
#10906 = LINE('',#10907,#10908);
#10907 = CARTESIAN_POINT('',(441.,59.,1.1195E+03));
#10908 = VECTOR('',#10909,1.);
#10909 = DIRECTION('',(0.,1.,0.));
#10910 = PCURVE('',#10111,#10911);
#10911 = DEFINITIONAL_REPRESENTATION('',(#10912),#10916);
#10912 = LINE('',#10913,#10914);
#10913 = CARTESIAN_POINT('',(6.28318530718,-0.));
#10914 = VECTOR('',#10915,1.);
#10915 = DIRECTION('',(0.,1.));
#10916 = ( GEOMETRIC_REPRESENTATION_CONTEXT(2) 
PARAMETRIC_REPRESENTATION_CONTEXT() REPRESENTATION_CONTEXT('2D SPACE',''
  ) );
#10917 = PCURVE('',#10111,#10918);
#10918 = DEFINITIONAL_REPRESENTATION('',(#10919),#10923);
#10919 = LINE('',#10920,#10921);
#10920 = CARTESIAN_POINT('',(0.,-0.));
#10921 = VECTOR('',#10922,1.);
#10922 = DIRECTION('',(0.,1.));
#10923 = ( GEOMETRIC_REPRESENTATION_CONTEXT(2) 
PARAMETRIC_REPRESENTATION_CONTEXT() REPRESENTATION_CONTEXT('2D SPACE',''
  ) );
#10924 = ORIENTED_EDGE('',*,*,#10094,.T.);
#10925 = ORIENTED_EDGE('',*,*,#10904,.T.);
#10926 = ADVANCED_FACE('',(#10927),#10142,.F.);
#10927 = FACE_BOUND('',#10928,.F.);
#10928 = EDGE_LOOP('',(#10929,#10930,#10951,#10952));
#10929 = ORIENTED_EDGE('',*,*,#10580,.F.);
#10930 = ORIENTED_EDGE('',*,*,#10931,.F.);
#10931 = EDGE_CURVE('',#10126,#10581,#10932,.T.);
#10932 = SEAM_CURVE('',#10933,(#10937,#10944),.PCURVE_S1.);
#10933 = LINE('',#10934,#10935);
#10934 = CARTESIAN_POINT('',(352.5,59.,1.4124E+03));
#10935 = VECTOR('',#10936,1.);
#10936 = DIRECTION('',(0.,1.,0.));
#10937 = PCURVE('',#10142,#10938);
#10938 = DEFINITIONAL_REPRESENTATION('',(#10939),#10943);
#10939 = LINE('',#10940,#10941);
#10940 = CARTESIAN_POINT('',(6.28318530718,-0.));
#10941 = VECTOR('',#10942,1.);
#10942 = DIRECTION('',(0.,1.));
#10943 = ( GEOMETRIC_REPRESENTATION_CONTEXT(2) 
PARAMETRIC_REPRESENTATION_CONTEXT() REPRESENTATION_CONTEXT('2D SPACE',''
  ) );
#10944 = PCURVE('',#10142,#10945);
#10945 = DEFINITIONAL_REPRESENTATION('',(#10946),#10950);
#10946 = LINE('',#10947,#10948);
#10947 = CARTESIAN_POINT('',(0.,-0.));
#10948 = VECTOR('',#10949,1.);
#10949 = DIRECTION('',(0.,1.));
#10950 = ( GEOMETRIC_REPRESENTATION_CONTEXT(2) 
PARAMETRIC_REPRESENTATION_CONTEXT() REPRESENTATION_CONTEXT('2D SPACE',''
  ) );
#10951 = ORIENTED_EDGE('',*,*,#10125,.T.);
#10952 = ORIENTED_EDGE('',*,*,#10931,.T.);
#10953 = ADVANCED_FACE('',(#10954),#10173,.F.);
#10954 = FACE_BOUND('',#10955,.F.);
#10955 = EDGE_LOOP('',(#10956,#10957,#10978,#10979));
#10956 = ORIENTED_EDGE('',*,*,#10606,.F.);
#10957 = ORIENTED_EDGE('',*,*,#10958,.F.);
#10958 = EDGE_CURVE('',#10157,#10607,#10959,.T.);
#10959 = SEAM_CURVE('',#10960,(#10964,#10971),.PCURVE_S1.);
#10960 = LINE('',#10961,#10962);
#10961 = CARTESIAN_POINT('',(385.,59.,1.44575E+03));
#10962 = VECTOR('',#10963,1.);
#10963 = DIRECTION('',(0.,1.,0.));
#10964 = PCURVE('',#10173,#10965);
#10965 = DEFINITIONAL_REPRESENTATION('',(#10966),#10970);
#10966 = LINE('',#10967,#10968);
#10967 = CARTESIAN_POINT('',(6.28318530718,-0.));
#10968 = VECTOR('',#10969,1.);
#10969 = DIRECTION('',(0.,1.));
#10970 = ( GEOMETRIC_REPRESENTATION_CONTEXT(2) 
PARAMETRIC_REPRESENTATION_CONTEXT() REPRESENTATION_CONTEXT('2D SPACE',''
  ) );
#10971 = PCURVE('',#10173,#10972);
#10972 = DEFINITIONAL_REPRESENTATION('',(#10973),#10977);
#10973 = LINE('',#10974,#10975);
#10974 = CARTESIAN_POINT('',(0.,-0.));
#10975 = VECTOR('',#10976,1.);
#10976 = DIRECTION('',(0.,1.));
#10977 = ( GEOMETRIC_REPRESENTATION_CONTEXT(2) 
PARAMETRIC_REPRESENTATION_CONTEXT() REPRESENTATION_CONTEXT('2D SPACE',''
  ) );
#10978 = ORIENTED_EDGE('',*,*,#10156,.T.);
#10979 = ORIENTED_EDGE('',*,*,#10958,.T.);
#10980 = ADVANCED_FACE('',(#10981),#10204,.F.);
#10981 = FACE_BOUND('',#10982,.F.);
#10982 = EDGE_LOOP('',(#10983,#10984,#11005,#11006));
#10983 = ORIENTED_EDGE('',*,*,#10632,.F.);
#10984 = ORIENTED_EDGE('',*,*,#10985,.F.);
#10985 = EDGE_CURVE('',#10188,#10633,#10986,.T.);
#10986 = SEAM_CURVE('',#10987,(#10991,#10998),.PCURVE_S1.);
#10987 = LINE('',#10988,#10989);
#10988 = CARTESIAN_POINT('',(441.,59.,1.4895E+03));
#10989 = VECTOR('',#10990,1.);
#10990 = DIRECTION('',(0.,1.,0.));
#10991 = PCURVE('',#10204,#10992);
#10992 = DEFINITIONAL_REPRESENTATION('',(#10993),#10997);
#10993 = LINE('',#10994,#10995);
#10994 = CARTESIAN_POINT('',(6.28318530718,-0.));
#10995 = VECTOR('',#10996,1.);
#10996 = DIRECTION('',(0.,1.));
#10997 = ( GEOMETRIC_REPRESENTATION_CONTEXT(2) 
PARAMETRIC_REPRESENTATION_CONTEXT() REPRESENTATION_CONTEXT('2D SPACE',''
  ) );
#10998 = PCURVE('',#10204,#10999);
#10999 = DEFINITIONAL_REPRESENTATION('',(#11000),#11004);
#11000 = LINE('',#11001,#11002);
#11001 = CARTESIAN_POINT('',(0.,-0.));
#11002 = VECTOR('',#11003,1.);
#11003 = DIRECTION('',(0.,1.));
#11004 = ( GEOMETRIC_REPRESENTATION_CONTEXT(2) 
PARAMETRIC_REPRESENTATION_CONTEXT() REPRESENTATION_CONTEXT('2D SPACE',''
  ) );
#11005 = ORIENTED_EDGE('',*,*,#10187,.T.);
#11006 = ORIENTED_EDGE('',*,*,#10985,.T.);
#11007 = ADVANCED_FACE('',(#11008),#10235,.F.);
#11008 = FACE_BOUND('',#11009,.F.);
#11009 = EDGE_LOOP('',(#11010,#11011,#11032,#11033));
#11010 = ORIENTED_EDGE('',*,*,#10658,.F.);
#11011 = ORIENTED_EDGE('',*,*,#11012,.F.);
#11012 = EDGE_CURVE('',#10219,#10659,#11013,.T.);
#11013 = SEAM_CURVE('',#11014,(#11018,#11025),.PCURVE_S1.);
#11014 = LINE('',#11015,#11016);
#11015 = CARTESIAN_POINT('',(499.,59.,1.1195E+03));
#11016 = VECTOR('',#11017,1.);
#11017 = DIRECTION('',(0.,1.,0.));
#11018 = PCURVE('',#10235,#11019);
#11019 = DEFINITIONAL_REPRESENTATION('',(#11020),#11024);
#11020 = LINE('',#11021,#11022);
#11021 = CARTESIAN_POINT('',(6.28318530718,-0.));
#11022 = VECTOR('',#11023,1.);
#11023 = DIRECTION('',(0.,1.));
#11024 = ( GEOMETRIC_REPRESENTATION_CONTEXT(2) 
PARAMETRIC_REPRESENTATION_CONTEXT() REPRESENTATION_CONTEXT('2D SPACE',''
  ) );
#11025 = PCURVE('',#10235,#11026);
#11026 = DEFINITIONAL_REPRESENTATION('',(#11027),#11031);
#11027 = LINE('',#11028,#11029);
#11028 = CARTESIAN_POINT('',(0.,-0.));
#11029 = VECTOR('',#11030,1.);
#11030 = DIRECTION('',(0.,1.));
#11031 = ( GEOMETRIC_REPRESENTATION_CONTEXT(2) 
PARAMETRIC_REPRESENTATION_CONTEXT() REPRESENTATION_CONTEXT('2D SPACE',''
  ) );
#11032 = ORIENTED_EDGE('',*,*,#10218,.T.);
#11033 = ORIENTED_EDGE('',*,*,#11012,.T.);
#11034 = ADVANCED_FACE('',(#11035),#10266,.F.);
#11035 = FACE_BOUND('',#11036,.F.);
#11036 = EDGE_LOOP('',(#11037,#11038,#11059,#11060));
#11037 = ORIENTED_EDGE('',*,*,#10684,.F.);
#11038 = ORIENTED_EDGE('',*,*,#11039,.F.);
#11039 = EDGE_CURVE('',#10250,#10685,#11040,.T.);
#11040 = SEAM_CURVE('',#11041,(#11045,#11052),.PCURVE_S1.);
#11041 = LINE('',#11042,#11043);
#11042 = CARTESIAN_POINT('',(555.,59.,1.15975E+03));
#11043 = VECTOR('',#11044,1.);
#11044 = DIRECTION('',(0.,1.,0.));
#11045 = PCURVE('',#10266,#11046);
#11046 = DEFINITIONAL_REPRESENTATION('',(#11047),#11051);
#11047 = LINE('',#11048,#11049);
#11048 = CARTESIAN_POINT('',(6.28318530718,-0.));
#11049 = VECTOR('',#11050,1.);
#11050 = DIRECTION('',(0.,1.));
#11051 = ( GEOMETRIC_REPRESENTATION_CONTEXT(2) 
PARAMETRIC_REPRESENTATION_CONTEXT() REPRESENTATION_CONTEXT('2D SPACE',''
  ) );
#11052 = PCURVE('',#10266,#11053);
#11053 = DEFINITIONAL_REPRESENTATION('',(#11054),#11058);
#11054 = LINE('',#11055,#11056);
#11055 = CARTESIAN_POINT('',(0.,-0.));
#11056 = VECTOR('',#11057,1.);
#11057 = DIRECTION('',(0.,1.));
#11058 = ( GEOMETRIC_REPRESENTATION_CONTEXT(2) 
PARAMETRIC_REPRESENTATION_CONTEXT() REPRESENTATION_CONTEXT('2D SPACE',''
  ) );
#11059 = ORIENTED_EDGE('',*,*,#10249,.T.);
#11060 = ORIENTED_EDGE('',*,*,#11039,.T.);
#11061 = ADVANCED_FACE('',(#11062),#10297,.F.);
#11062 = FACE_BOUND('',#11063,.F.);
#11063 = EDGE_LOOP('',(#11064,#11065,#11086,#11087));
#11064 = ORIENTED_EDGE('',*,*,#10710,.F.);
#11065 = ORIENTED_EDGE('',*,*,#11066,.F.);
#11066 = EDGE_CURVE('',#10281,#10711,#11067,.T.);
#11067 = SEAM_CURVE('',#11068,(#11072,#11079),.PCURVE_S1.);
#11068 = LINE('',#11069,#11070);
#11069 = CARTESIAN_POINT('',(587.5,59.,1.1924E+03));
#11070 = VECTOR('',#11071,1.);
#11071 = DIRECTION('',(0.,1.,0.));
#11072 = PCURVE('',#10297,#11073);
#11073 = DEFINITIONAL_REPRESENTATION('',(#11074),#11078);
#11074 = LINE('',#11075,#11076);
#11075 = CARTESIAN_POINT('',(6.28318530718,-0.));
#11076 = VECTOR('',#11077,1.);
#11077 = DIRECTION('',(0.,1.));
#11078 = ( GEOMETRIC_REPRESENTATION_CONTEXT(2) 
PARAMETRIC_REPRESENTATION_CONTEXT() REPRESENTATION_CONTEXT('2D SPACE',''
  ) );
#11079 = PCURVE('',#10297,#11080);
#11080 = DEFINITIONAL_REPRESENTATION('',(#11081),#11085);
#11081 = LINE('',#11082,#11083);
#11082 = CARTESIAN_POINT('',(0.,-0.));
#11083 = VECTOR('',#11084,1.);
#11084 = DIRECTION('',(0.,1.));
#11085 = ( GEOMETRIC_REPRESENTATION_CONTEXT(2) 
PARAMETRIC_REPRESENTATION_CONTEXT() REPRESENTATION_CONTEXT('2D SPACE',''
  ) );
#11086 = ORIENTED_EDGE('',*,*,#10280,.T.);
#11087 = ORIENTED_EDGE('',*,*,#11066,.T.);
#11088 = ADVANCED_FACE('',(#11089),#10328,.F.);
#11089 = FACE_BOUND('',#11090,.F.);
#11090 = EDGE_LOOP('',(#11091,#11092,#11113,#11114));
#11091 = ORIENTED_EDGE('',*,*,#10736,.F.);
#11092 = ORIENTED_EDGE('',*,*,#11093,.F.);
#11093 = EDGE_CURVE('',#10312,#10737,#11094,.T.);
#11094 = SEAM_CURVE('',#11095,(#11099,#11106),.PCURVE_S1.);
#11095 = LINE('',#11096,#11097);
#11096 = CARTESIAN_POINT('',(499.,59.,1.4895E+03));
#11097 = VECTOR('',#11098,1.);
#11098 = DIRECTION('',(0.,1.,0.));
#11099 = PCURVE('',#10328,#11100);
#11100 = DEFINITIONAL_REPRESENTATION('',(#11101),#11105);
#11101 = LINE('',#11102,#11103);
#11102 = CARTESIAN_POINT('',(6.28318530718,-0.));
#11103 = VECTOR('',#11104,1.);
#11104 = DIRECTION('',(0.,1.));
#11105 = ( GEOMETRIC_REPRESENTATION_CONTEXT(2) 
PARAMETRIC_REPRESENTATION_CONTEXT() REPRESENTATION_CONTEXT('2D SPACE',''
  ) );
#11106 = PCURVE('',#10328,#11107);
#11107 = DEFINITIONAL_REPRESENTATION('',(#11108),#11112);
#11108 = LINE('',#11109,#11110);
#11109 = CARTESIAN_POINT('',(0.,-0.));
#11110 = VECTOR('',#11111,1.);
#11111 = DIRECTION('',(0.,1.));
#11112 = ( GEOMETRIC_REPRESENTATION_CONTEXT(2) 
PARAMETRIC_REPRESENTATION_CONTEXT() REPRESENTATION_CONTEXT('2D SPACE',''
  ) );
#11113 = ORIENTED_EDGE('',*,*,#10311,.T.);
#11114 = ORIENTED_EDGE('',*,*,#11093,.T.);
#11115 = ADVANCED_FACE('',(#11116),#10359,.F.);
#11116 = FACE_BOUND('',#11117,.F.);
#11117 = EDGE_LOOP('',(#11118,#11119,#11140,#11141));
#11118 = ORIENTED_EDGE('',*,*,#10762,.F.);
#11119 = ORIENTED_EDGE('',*,*,#11120,.F.);
#11120 = EDGE_CURVE('',#10343,#10763,#11121,.T.);
#11121 = SEAM_CURVE('',#11122,(#11126,#11133),.PCURVE_S1.);
#11122 = LINE('',#11123,#11124);
#11123 = CARTESIAN_POINT('',(555.,59.,1.44575E+03));
#11124 = VECTOR('',#11125,1.);
#11125 = DIRECTION('',(0.,1.,0.));
#11126 = PCURVE('',#10359,#11127);
#11127 = DEFINITIONAL_REPRESENTATION('',(#11128),#11132);
#11128 = LINE('',#11129,#11130);
#11129 = CARTESIAN_POINT('',(6.28318530718,-0.));
#11130 = VECTOR('',#11131,1.);
#11131 = DIRECTION('',(0.,1.));
#11132 = ( GEOMETRIC_REPRESENTATION_CONTEXT(2) 
PARAMETRIC_REPRESENTATION_CONTEXT() REPRESENTATION_CONTEXT('2D SPACE',''
  ) );
#11133 = PCURVE('',#10359,#11134);
#11134 = DEFINITIONAL_REPRESENTATION('',(#11135),#11139);
#11135 = LINE('',#11136,#11137);
#11136 = CARTESIAN_POINT('',(0.,-0.));
#11137 = VECTOR('',#11138,1.);
#11138 = DIRECTION('',(0.,1.));
#11139 = ( GEOMETRIC_REPRESENTATION_CONTEXT(2) 
PARAMETRIC_REPRESENTATION_CONTEXT() REPRESENTATION_CONTEXT('2D SPACE',''
  ) );
#11140 = ORIENTED_EDGE('',*,*,#10342,.T.);
#11141 = ORIENTED_EDGE('',*,*,#11120,.T.);
#11142 = ADVANCED_FACE('',(#11143),#10390,.F.);
#11143 = FACE_BOUND('',#11144,.F.);
#11144 = EDGE_LOOP('',(#11145,#11146,#11167,#11168));
#11145 = ORIENTED_EDGE('',*,*,#10788,.F.);
#11146 = ORIENTED_EDGE('',*,*,#11147,.F.);
#11147 = EDGE_CURVE('',#10374,#10789,#11148,.T.);
#11148 = SEAM_CURVE('',#11149,(#11153,#11160),.PCURVE_S1.);
#11149 = LINE('',#11150,#11151);
#11150 = CARTESIAN_POINT('',(587.5,59.,1.4124E+03));
#11151 = VECTOR('',#11152,1.);
#11152 = DIRECTION('',(0.,1.,0.));
#11153 = PCURVE('',#10390,#11154);
#11154 = DEFINITIONAL_REPRESENTATION('',(#11155),#11159);
#11155 = LINE('',#11156,#11157);
#11156 = CARTESIAN_POINT('',(6.28318530718,-0.));
#11157 = VECTOR('',#11158,1.);
#11158 = DIRECTION('',(0.,1.));
#11159 = ( GEOMETRIC_REPRESENTATION_CONTEXT(2) 
PARAMETRIC_REPRESENTATION_CONTEXT() REPRESENTATION_CONTEXT('2D SPACE',''
  ) );
#11160 = PCURVE('',#10390,#11161);
#11161 = DEFINITIONAL_REPRESENTATION('',(#11162),#11166);
#11162 = LINE('',#11163,#11164);
#11163 = CARTESIAN_POINT('',(0.,-0.));
#11164 = VECTOR('',#11165,1.);
#11165 = DIRECTION('',(0.,1.));
#11166 = ( GEOMETRIC_REPRESENTATION_CONTEXT(2) 
PARAMETRIC_REPRESENTATION_CONTEXT() REPRESENTATION_CONTEXT('2D SPACE',''
  ) );
#11167 = ORIENTED_EDGE('',*,*,#10373,.T.);
#11168 = ORIENTED_EDGE('',*,*,#11147,.T.);
#11169 = ( GEOMETRIC_REPRESENTATION_CONTEXT(3) 
GLOBAL_UNCERTAINTY_ASSIGNED_CONTEXT((#11173)) 
GLOBAL_UNIT_ASSIGNED_CONTEXT((#11170,#11171,#11172)) 
REPRESENTATION_CONTEXT('Context #1',
  '3D Context with UNIT and UNCERTAINTY') );
#11170 = ( LENGTH_UNIT() NAMED_UNIT(*) SI_UNIT(.MILLI.,.METRE.) );
#11171 = ( NAMED_UNIT(*) PLANE_ANGLE_UNIT() SI_UNIT($,.RADIAN.) );
#11172 = ( NAMED_UNIT(*) SI_UNIT($,.STERADIAN.) SOLID_ANGLE_UNIT() );
#11173 = UNCERTAINTY_MEASURE_WITH_UNIT(LENGTH_MEASURE(1.E-07),#11170,
  'distance_accuracy_value','confusion accuracy');
#11174 = CONTEXT_DEPENDENT_SHAPE_REPRESENTATION(#11175,#11177);
#11175 = ( REPRESENTATION_RELATIONSHIP('','',#9830,#10) 
REPRESENTATION_RELATIONSHIP_WITH_TRANSFORMATION(#11176) 
SHAPE_REPRESENTATION_RELATIONSHIP() );
#11176 = ITEM_DEFINED_TRANSFORMATION('','',#11,#47);
#11177 = PRODUCT_DEFINITION_SHAPE('Placement','Placement of an item',
  #11178);
#11178 = NEXT_ASSEMBLY_USAGE_OCCURRENCE('36','=>[0:1:1:10]','',#5,#9825,
  $);
#11179 = PRODUCT_RELATED_PRODUCT_CATEGORY('part',$,(#9827));
ENDSEC;
END-ISO-10303-21;
